experiment,halogen_X,n_octahedra,molecule_number,molecule_key,molecule_formula,n1_to_low_plane,low_plane_to_high_plane,high_plane_to_n2,total_length,penetration_percentage,penetration_asymmetry
MAPbI3_n3_[NH3+]CCCCC[NH3+]_analysis,I,3,1,molecule_0,C5H16N2,0.7146543180994573,5.8406117521926895,0.7221954662268927,7.2774615365190405,24.601015189666157,-0.007541148127435338
MAPbI3_n3_[NH3+]CCCCC[NH3+]_analysis,I,3,2,molecule_5,C5H16N2,0.7064847611893402,5.835298827233256,0.7356576575983874,7.277441246020984,24.71411424651073,-0.02917289640904719
MAPbI3_n2_[NH3+]CCCCCC[NH3+]_analysis,I,2,1,molecule_1,C6H18N2,0.4098398496012232,6.677295241640912,0.6628768676966721,7.750011958938806,16.065138330386013,-0.2530370180954489
MAPbI3_n2_[NH3+]CCCCCC[NH3+]_analysis,I,2,2,molecule_3,C6H18N2,1.6094436613807421,7.903246494146886,1.4972750601540283,11.009965215681657,39.30939929351304,0.1121686012267138
MAPbI3_n1_CC(C)(C[NH3+])C[NH3+]_analysis,I,1,1,molecule_0,C5H16N2,0.007802432474841833,8.456394754820419,0.539479208505551,8.98807153085113,6.471808103192256,-0.5316767760307092
MAPbI3_n1_CC(C)(C[NH3+])C[NH3+]_analysis,I,1,2,molecule_1,C5H16N2,0.035207076565341514,8.737669149846383,0.5408700281672516,9.313746254578975,6.593029500810535,-0.5056629516019101
MAPbCl3_n3_[NH3+]CCC1=CC=C(CC[NH3+])C=C1_analysis,Cl,3,1,molecule_1,C10H18N2,0.8236140102526157,9.6467601397239,1.1159367085719256,11.586310858548442,20.105721410422184,-0.2923226983193099
MAPbCl3_n3_[NH3+]CCC1=CC=C(CC[NH3+])C=C1_analysis,Cl,3,2,molecule_2,C10H18N2,0.19474139596377368,7.860250471575413,0.1356157114175435,8.190607578956731,4.202882701715031,0.059125684546230184
MAPbCl3_n1_[NH3+]C1CCC([NH3+])CC1_analysis,Cl,1,1,molecule_0,C6H16N2,0.6378943595579413,6.712301381950682,0.6478296452533834,7.998025386762007,19.154741893274117,-0.009935285695442109
MAPbCl3_n1_[NH3+]C1CCC([NH3+])CC1_analysis,Cl,1,2,molecule_1,C6H16N2,0.4507382539146349,6.977642006260273,0.0973378736164235,7.525718133791331,7.854747019685587,0.3534003802982114
MAPbBr3_n2_[NH3+]CCCCCC[NH3+]_analysis,Br,2,1,molecule_1,C6H18N2,0.4640086332192755,8.034587637817618,0.86300518758476,9.361601458621653,16.516265434183296,-0.3989965543654845
MAPbBr3_n2_[NH3+]CCCCCC[NH3+]_analysis,Br,2,2,molecule_3,C6H18N2,0.7842637755309938,8.082530758943506,0.5583976807591265,9.425192215233626,16.61189417441356,0.22586609477186725
MAPbCl3_n3_[NH3+]CC1=CC=C(C[NH3+])C=C1_analysis,Cl,3,1,molecule_1,C8H14N2,0.7962934224847508,8.645816476912376,0.6037769435439989,10.045886842941126,16.193616528496424,0.19251647894075186
MAPbCl3_n3_[NH3+]CC1=CC=C(C[NH3+])C=C1_analysis,Cl,3,2,molecule_3,C8H14N2,0.5989352575326502,6.05240878652495,0.5396867048253147,7.191030748882914,18.812707510652398,0.05924855270733553
MAPbBr3_n2_[NH3+]CCCCCCC[NH3+]_analysis,Br,2,1,molecule_1,C7H20N2,0.6529397847423378,8.827848787451616,0.785865518116307,10.266654090310261,16.298481515721484,-0.13292573337396918
MAPbBr3_n2_[NH3+]CCCCCCC[NH3+]_analysis,Br,2,2,molecule_2,C7H20N2,0.5481286676824378,8.682230694465932,1.0759553687669163,10.306314730915286,18.70583832199423,-0.5278267010844785
MAPbBr3_n1_[NH3+]CCCC1=CC=C(CCC[NH3+])C=C_analysis,Br,1,1,molecule_0,C12H22N2,0.1368354362487205,10.902220775589441,0.08427314399557226,10.849658483336293,2.028105876734442,0.052562292253148235
MAPbBr3_n1_[NH3+]CCCC1=CC=C(CCC[NH3+])C=C_analysis,Br,1,2,molecule_1,C12H22N2,0.13348922386182396,10.916636521814109,0.0810396041791286,10.864186902131413,1.965154996342248,0.05244961968269536
MAPbI3_n2_[NH3+]CCCCC[NH3+]_analysis,I,2,1,molecule_0,C5H16N2,0.7569176558250597,5.710247570166711,0.7538152534054284,7.220980479397198,26.456522080116784,0.0031024024196312228
MAPbI3_n2_[NH3+]CCCCC[NH3+]_analysis,I,2,2,molecule_1,C5H16N2,0.7614840536693992,5.709836088804646,0.7494123956536433,7.220732538127689,26.461292860673847,0.012071658015755937
MAPbI3_n3_CC(C)(CC[NH3+])CC[NH3+]_analysis,I,3,1,molecule_0,C7H20N2,0.6135598602913376,6.036613709848794,0.6238848883437528,7.274058458483885,20.498988474551343,-0.010325028052415197
MAPbI3_n3_CC(C)(CC[NH3+])CC[NH3+]_analysis,I,3,2,molecule_5,C7H20N2,0.6029057493026304,6.041970202521204,0.6288098372217547,7.273685789045589,20.385992403776047,-0.02590408791912424
MAPbCl3_n1_[NH3+]CCCCCCCCC[NH3+]_analysis,Cl,1,1,molecule_0,C9H24N2,0.015797658820076225,10.06615391581681,0.569907094042624,9.512044480594264,5.818555505518253,-0.5541094352225477
MAPbCl3_n1_[NH3+]CCCCCCCCC[NH3+]_analysis,Cl,1,2,molecule_1,C9H24N2,1.31900840820485,9.82183051868711,1.3615594225279681,12.502398349419929,27.291937339304972,-0.04255101432311803
MAPbBr3_n1_CC(C)(CCCC[NH3+])C(C)(C)CCCC[N_analysis,Br,1,1,molecule_0,C14H34N2,0.0024688414000555714,15.663925751169629,0.007505082194884245,15.658889510374802,0.06367448207672372,-0.005036240794828673
MAPbBr3_n1_CC(C)(CCCC[NH3+])C(C)(C)CCCC[N_analysis,Br,1,2,molecule_1,C14H34N2,0.015336548030349818,12.01972018203677,0.016949457731182397,12.0520061877983,0.2686086304220543,-0.0016129097008325786
MAPbI3_n3_[NH3+]CCC[NH3+]_analysis,I,3,1,molecule_0,C3H12N2,0.4780592506305308,3.9353212718306336,0.46931809959441123,4.8826986220555755,24.07369779454476,0.008741151036119554
MAPbI3_n3_[NH3+]CCC[NH3+]_analysis,I,3,2,molecule_5,C3H12N2,0.46671827938460936,3.935669947125693,0.48050244601098885,4.882890672521291,24.067585395146626,-0.01378416662637949
MAPbI3_n1_[NH3+]CCCCCCC[NH3+]_analysis,I,1,1,molecule_0,C7H20N2,0.5923487324077269,8.64815595550095,0.5551732000510954,9.795677887959773,13.268978246500081,0.03717553235663151
MAPbI3_n1_[NH3+]CCCCCCC[NH3+]_analysis,I,1,2,molecule_1,C7H20N2,0.5575066972105008,8.64795996605832,0.5919350767388306,9.79740174000765,13.291478897458852,-0.03442837952832978
MAPbBr3_n2_CC(C)(CCC[NH3+])CCC[NH3+]_analysis,Br,2,1,molecule_1,C9H24N2,0.43279920826449286,10.8032922688015,1.2684011284217835,12.504492605487775,15.747054641843963,-0.8356019201572906
MAPbBr3_n2_CC(C)(CCC[NH3+])CCC[NH3+]_analysis,Br,2,2,molecule_2,C9H24N2,0.5063417691470296,9.47439919358416,0.5145869748509747,10.495327937582166,10.775656832037994,-0.008245205703945158
MAPbBr3_n3_[NH3+]CC1=CC=C(C[NH3+])C=C1_analysis,Br,3,1,molecule_1,C8H14N2,0.7974751778109764,9.291672818764646,0.890333971475287,10.979481968050909,18.164750117736737,-0.0928587936643106
MAPbBr3_n3_[NH3+]CC1=CC=C(C[NH3+])C=C1_analysis,Br,3,2,molecule_3,C8H14N2,0.43375347226564664,8.956577389776806,0.8647512049530255,10.255082066995477,14.49777767454796,-0.43099773268737884
MAPbCl3_n3_[NH3+]CCCC[NH3+]_analysis,Cl,3,1,molecule_1,C4H14N2,0.8267005531278825,7.721446386324785,0.9260358269953303,9.474182766447997,22.69958622295727,-0.09933527386744778
MAPbCl3_n3_[NH3+]CCCC[NH3+]_analysis,Cl,3,2,molecule_5,C4H14N2,0.736628568292612,7.716717086409006,0.48021346864551806,8.933559123347136,15.76890824572643,0.25641509964709397
MAPbCl3_n2_[NH3+]CCC1CCC(CC[NH3+])CC1_analysis,Cl,2,1,molecule_0,C10H24N2,0.735375212837553,9.364168507424747,0.572781855023349,10.672325575285647,13.969815545541268,0.16259335781420403
MAPbCl3_n2_[NH3+]CCC1CCC(CC[NH3+])CC1_analysis,Cl,2,2,molecule_1,C10H24N2,0.4627081132718888,7.2312212750208475,0.7035467907103004,8.397476179003037,16.12804890939846,-0.24083867743841153
MAPbBr3_n1_[NH3+]CC1CCC(C[NH3+])CC1_analysis,Br,1,1,molecule_0,C8H20N2,0.022692046552930337,5.895556814540181,0.5568796244410528,6.475128485534165,9.830651950712925,-0.5341875778881224
MAPbBr3_n1_[NH3+]CC1CCC(C[NH3+])CC1_analysis,Br,1,2,molecule_1,C8H20N2,0.14079145584084415,9.374235040199368,0.4094829693878154,9.924509465428025,5.870072841879122,-0.2686915135469713
MAPbBr3_n2_[NH3+]CCCCCCCC[NH3+]_analysis,Br,2,1,molecule_1,C8H22N2,0.4268231447172143,9.911526324079471,0.45596168867925674,10.794311157475942,8.906648729285994,-0.029138543962042462
MAPbBr3_n2_[NH3+]CCCCCCCC[NH3+]_analysis,Br,2,2,molecule_2,C8H22N2,0.5952347156660098,10.303873678279029,0.6122839600338058,11.511392353978843,11.719074916895696,-0.01704924436779598
MAPbCl3_n1_[NH3+]CCC1=CC=C(CC[NH3+])C=C1_analysis,Cl,1,1,molecule_0,C10H18N2,0.16865782398702117,8.919540347481885,0.04386995137752121,8.794752474872384,2.3827211614614425,0.12478787260949996
MAPbCl3_n1_[NH3+]CCC1=CC=C(CC[NH3+])C=C1_analysis,Cl,1,2,molecule_1,C10H18N2,0.888470299751301,9.766029438424432,0.7090189348078998,11.363518672983632,16.357612319638122,0.1794513649434012
MAPbBr3_n3_[NH3+]C1=CC=C([NH3+])C=C1_analysis,Br,3,1,molecule_1,C6H10N2,0.13333230334735977,8.047458072769457,0.3064573682014445,8.48724774431826,5.464951386785601,-0.17312506485408471
MAPbBr3_n3_[NH3+]C1=CC=C([NH3+])C=C1_analysis,Br,3,2,molecule_5,C6H10N2,0.2160135895771018,9.13980503005295,0.04410133352670472,9.399919953156756,2.8459570225897868,0.17191225605039706
MAPbCl3_n1_CC(C)(CC[NH3+])CC[NH3+]_analysis,Cl,1,1,molecule_0,C7H20N2,0.39229630235185614,6.51022367977375,0.4626499682663098,7.365169950391916,13.132363996560528,-0.07035366591445363
MAPbCl3_n1_CC(C)(CC[NH3+])CC[NH3+]_analysis,Cl,1,2,molecule_1,C7H20N2,0.6664371745934202,6.47342732875868,0.2454065457898615,7.385271049141961,14.085949746162264,0.4210306288035587
MAPbCl3_n3_CC(C)(CCC[NH3+])C(C)(C)CCC[NH3_analysis,Cl,3,1,molecule_0,C12H30N2,0.3303300662661881,10.196901424179812,0.1836203424064468,10.710851832852446,5.040260636960847,0.1467097238597413
MAPbCl3_n3_CC(C)(CCC[NH3+])C(C)(C)CCC[NH3_analysis,Cl,3,2,molecule_4,C12H30N2,0.36134754390675083,11.51411866881738,0.08936760342706795,11.242138728337695,3.914456332245809,0.2719799404796829
MAPbCl3_n2_CC(C)(CCCC[NH3+])CCCC[NH3+]_analysis,Cl,2,1,molecule_1,C11H28N2,0.3667426757060485,10.800366797903225,0.22946603243527924,11.396575506044552,5.520263517874923,0.13727664327076927
MAPbCl3_n2_CC(C)(CCCC[NH3+])CCCC[NH3+]_analysis,Cl,2,2,molecule_2,C11H28N2,0.35381677834689707,11.102264073253284,0.8480590414798559,12.304139893080038,10.825502004786747,-0.4942422631329588
MAPbBr3_n1_CC(C)(C[NH3+])C[NH3+]_analysis,Br,1,1,molecule_0,C5H16N2,0.12434338414042788,7.974330588468581,0.5171013629332788,8.367088567261431,8.043869513025696,-0.3927579787928509
MAPbBr3_n1_CC(C)(C[NH3+])C[NH3+]_analysis,Br,1,2,molecule_1,C5H16N2,0.0967654784011878,8.37467614303199,0.542070006023342,8.819980670654143,7.628181359061415,-0.4453045276221542
MAPbI3_n3_CC(C)(C[NH3+])C[NH3+]_analysis,I,3,1,molecule_0,C5H16N2,0.23951989543181373,8.190493189906093,0.6375203941443067,9.067533479482213,10.70802782251231,-0.398000498712493
MAPbI3_n3_CC(C)(C[NH3+])C[NH3+]_analysis,I,3,2,molecule_5,C5H16N2,0.513817906490748,8.177052059365764,0.46980212348354233,8.22106784237297,12.029029812127462,0.044015783007205656
MAPbI3_n2_[NH3+]CCCC1CCC(CCC[NH3+])CC1_analysis,I,2,1,molecule_0,C12H28N2,0.8636748350942562,12.630823567215103,0.5377489762852846,14.032247378594644,11.09526868079381,0.3259258588089716
MAPbI3_n2_[NH3+]CCCC1CCC(CCC[NH3+])CC1_analysis,I,2,2,molecule_3,C12H28N2,0.6086390653950065,10.057814327267247,0.7156483440395272,11.382101736701781,13.166751406857086,-0.1070092786445207
MAPbI3_n2_[NH3+]CCCC1=CC=C(CCC[NH3+])C=C_analysis,I,2,1,molecule_0,C12H22N2,0.7670679436669533,10.55500639375557,0.5494273158860814,11.871501653308604,12.472709257020293,0.2176406277808719
MAPbI3_n2_[NH3+]CCCC1=CC=C(CCC[NH3+])C=C_analysis,I,2,2,molecule_3,C12H22N2,0.8754316454994006,8.98433551146382,0.35003292366917793,10.2098000806324,13.640013416739746,0.5253987218302226
MAPbI3_n2_[NH3+]CCC1=CC=C(CC[NH3+])C=C1_analysis,I,2,1,molecule_1,C10H18N2,0.4541024071041737,8.854301374732003,0.21916773400935022,9.089236047826827,7.603876495946604,0.2349346730948235
MAPbI3_n2_[NH3+]CCC1=CC=C(CC[NH3+])C=C1_analysis,I,2,2,molecule_3,C10H18N2,0.9170334106761804,10.97617235145001,0.48281341289767316,11.410392349228518,12.753506220125328,0.4342199977785072
MAPbI3_n2_CC(C)(C[NH3+])C(C)(C)C[NH3+]_analysis,I,2,1,molecule_0,C8H22N2,0.9481671793375962,8.824064732588917,0.2698399226026211,10.042071834529134,13.803243050131872,0.6783272567349752
MAPbI3_n2_CC(C)(C[NH3+])C(C)(C)C[NH3+]_analysis,I,2,2,molecule_1,C8H22N2,0.04941066383844382,5.522644416548492,0.7913075641742634,6.3633626445611995,15.223109883618655,-0.7418969003358196
MAPbBr3_n3_[NH3+]CCCCCCCC[NH3+]_analysis,Br,3,1,molecule_2,C8H22N2,0.6083311096445185,9.684963737292653,0.6821016858310455,10.975396532768217,13.324084947336038,-0.07377057618652694
MAPbBr3_n3_[NH3+]CCCCCCCC[NH3+]_analysis,Br,3,2,molecule_4,C8H22N2,0.4064703728668113,9.426160911480077,0.6749399981542908,10.507571282501178,11.472436988679641,-0.26846962528747953
MAPbI3_n1_[NH3+]CCCCCC[NH3+]_analysis,I,1,1,molecule_0,C6H18N2,0.26346888610769903,7.969893378186324,0.2204414363504284,8.453803700644452,6.071728936582699,0.04302744975727063
MAPbI3_n1_[NH3+]CCCCCC[NH3+]_analysis,I,1,2,molecule_1,C6H18N2,1.468240964209146,7.927200681444065,1.689069964986028,11.084511610639238,39.82882553466553,-0.22082900077688183
MAPbCl3_n3_[NH3+]CCCCCCCCC[NH3+]_analysis,Cl,3,1,molecule_2,C9H24N2,0.49527694567109326,12.43886974928885,0.3179946185486481,13.252141313508591,6.538146797993743,0.17728232712244518
MAPbCl3_n3_[NH3+]CCCCCCCCC[NH3+]_analysis,Cl,3,2,molecule_4,C9H24N2,0.4444569384036889,11.42755666638855,0.5902592922926863,12.462272897084926,9.054570989262714,-0.14580235388899737
MAPbI3_n3_[NH3+]CC1CCC(C[NH3+])CC1_analysis,I,3,1,molecule_0,C8H20N2,0.5679630890261547,5.151857783860563,0.5813647934231224,6.30118566630984,22.30899863054885,-0.01340170439696775
MAPbI3_n3_[NH3+]CC1CCC(C[NH3+])CC1_analysis,I,3,2,molecule_1,C8H20N2,0.8988153474938257,7.989964045777117,1.3144506860731882,10.20323007934413,27.70057563321298,-0.4156353385793624
MAPbI3_n3_[NH3+]CCCCCCC[NH3+]_analysis,I,3,1,molecule_0,C7H20N2,0.7359283593695605,8.211893265058134,0.7515666179598505,9.699388242387544,18.113910267912875,-0.01563825859029
MAPbI3_n3_[NH3+]CCCCCCC[NH3+]_analysis,I,3,2,molecule_5,C7H20N2,0.734485827578896,8.220751586480272,0.7478579559323327,9.703095369991502,18.031730650383228,-0.013372128353436707
MAPbBr3_n3_CC(C)(C[NH3+])C[NH3+]_analysis,Br,3,1,molecule_1,C5H16N2,0.4228432279264828,7.268218300241872,1.174490515209389,8.865552043377743,21.976964328145122,-0.7516472872829061
MAPbBr3_n3_CC(C)(C[NH3+])C[NH3+]_analysis,Br,3,2,molecule_5,C5H16N2,0.13101664997994747,7.402945063236068,1.2090766761875107,8.743038389403527,18.10216494544213,-1.0780600262075632
MAPbBr3_n2_CC(C)(CC[NH3+])CC[NH3+]_analysis,Br,2,1,molecule_1,C7H20N2,0.48202642417638736,6.302609777695205,0.5336423532503752,7.318278555121967,16.115050959067652,-0.051615929073987876
MAPbBr3_n2_CC(C)(CC[NH3+])CC[NH3+]_analysis,Br,2,2,molecule_3,C7H20N2,0.49722777227271303,6.310511571235856,0.5149648535835732,7.3227041970921425,16.039787177793855,-0.017737081310860214
MAPbI3_n1_[NH3+]C1=CC=C([NH3+])C=C1_analysis,I,1,1,molecule_0,C6H10N2,0.11833938457720145,7.568885472075079,0.19030584183755345,7.260240245660324,4.0778160477322825,-0.071966457260352
MAPbI3_n1_[NH3+]C1=CC=C([NH3+])C=C1_analysis,I,1,2,molecule_1,C6H10N2,0.8856195135468125,7.648755412081717,0.1065975043604017,8.640972429988931,12.972267571008238,0.7790220091864107
MAPbI3_n2_[NH3+]C1=CC=C([NH3+])C=C1_analysis,I,2,1,molecule_0,C6H10N2,0.839942608239641,7.813641321466628,0.6527791470096956,9.306363076715964,19.10404757316338,0.18716346122994532
MAPbI3_n2_[NH3+]C1=CC=C([NH3+])C=C1_analysis,I,2,2,molecule_1,C6H10N2,0.4591621752741449,7.677530725693115,0.4207325484871759,8.557425449454435,11.46064737737517,0.038429626786968984
MAPbI3_n1_[NH3+]CCCCCCCCC[NH3+]_analysis,I,1,1,molecule_0,C9H24N2,0.5308018775629583,9.239786486332873,0.20024616250308422,8.50873844626683,7.911958151277412,0.330555715059874
MAPbI3_n1_[NH3+]CCCCCCCCC[NH3+]_analysis,I,1,2,molecule_1,C9H24N2,1.649325083464437,8.45936896051107,2.2018315585763406,12.310525602551845,45.525341902194455,-0.5525064751119035
MAPbBr3_n3_[NH3+]CCC1CCC(CC[NH3+])CC1_analysis,Br,3,1,molecule_1,C10H24N2,0.34373527747606686,8.519346930792135,0.9403510628673585,9.80343327113556,15.072591253470998,-0.5966157853912917
MAPbBr3_n3_[NH3+]CCC1CCC(CC[NH3+])CC1_analysis,Br,3,2,molecule_4,C10H24N2,0.7456024701306365,9.23189579299344,1.0541425591095581,11.031640822233635,19.49485858155065,-0.3085400889789216
MAPbBr3_n2_[NH3+]C1=CC=C([NH3+])C=C1_analysis,Br,2,1,molecule_2,C6H10N2,0.34506413703965577,7.6918568499545295,0.4572816752531372,8.494202662247323,10.431106921829103,-0.1122175382134814
MAPbBr3_n2_[NH3+]C1=CC=C([NH3+])C=C1_analysis,Br,2,2,molecule_3,C6H10N2,0.31078319055923237,7.389920258420938,0.2065668904272918,7.907270339407462,7.000753227303029,0.10421630013194058
MAPbBr3_n1_[NH3+]CCC[NH3+]_analysis,Br,1,1,molecule_0,C3H12N2,0.3424444450177265,4.212801988446376,0.3634589670947205,4.9187054005588235,16.756149803584158,-0.021014522076994002
MAPbBr3_n1_[NH3+]CCC[NH3+]_analysis,Br,1,2,molecule_1,C3H12N2,0.33746877227953,4.212868889045242,0.33465229541417457,4.884989956738947,15.953999172426814,0.0028164768653554106
MAPbBr3_n2_[NH3+]CCCC1CCC(CCC[NH3+])CC1_analysis,Br,2,1,molecule_1,C12H28N2,0.39483214998651495,13.133359442910695,0.2655126391449888,13.7937042320422,5.027996012763921,0.12931951084152615
MAPbBr3_n2_[NH3+]CCCC1CCC(CCC[NH3+])CC1_analysis,Br,2,2,molecule_2,C12H28N2,0.391907804554276,11.684580214488948,0.22342811625174774,12.299916135294971,5.2662218882540905,0.16847968830252824
MAPbCl3_n3_[NH3+]CCC1CCC(CC[NH3+])CC1_analysis,Cl,3,1,molecule_1,C10H24N2,0.6313355843722035,8.980102407497714,0.33145218732553416,9.942890179195453,10.721345125127769,0.29988339704666933
MAPbCl3_n3_[NH3+]CCC1CCC(CC[NH3+])CC1_analysis,Cl,3,2,molecule_4,C10H24N2,0.7265899895878029,7.5007590633501895,0.48601272741180895,8.7133617803498,16.16640005042379,0.2405772621759939
MAPbBr3_n2_[NH3+]CCCC[NH3+]_analysis,Br,2,1,molecule_1,C4H14N2,0.509736606330895,6.479677482295838,1.0429538676447223,8.032367956271454,23.962465388408162,-0.5332172613138273
MAPbBr3_n2_[NH3+]CCCC[NH3+]_analysis,Br,2,2,molecule_3,C4H14N2,0.9099358390258901,6.420663655081643,0.6888744667264814,8.019473960834013,24.901013222939827,0.2210613722994087
MAPbCl3_n3_[NH3+]CCCC1CCC(CCC[NH3+])CC1_analysis,Cl,3,1,molecule_0,C12H28N2,0.5317140642891889,11.965209487323758,0.3828914120911103,12.879814963704058,7.643873492973566,0.1488226521980786
MAPbCl3_n3_[NH3+]CCCC1CCC(CCC[NH3+])CC1_analysis,Cl,3,2,molecule_3,C12H28N2,0.5728804456659226,12.477995495466967,0.03303628073684928,13.083912221869738,4.8558819132679645,0.5398441649290733
MAPbI3_n1_CC(C)(C[NH3+])C(C)(C)C[NH3+]_analysis,I,1,1,molecule_0,C8H22N2,0.5873220154093404,7.8967649530822275,0.5416579801861715,9.02574494867774,14.296740529865385,0.045664035223168864
MAPbI3_n1_CC(C)(C[NH3+])C(C)(C)C[NH3+]_analysis,I,1,2,molecule_1,C8H22N2,0.48747946604007564,9.325428244951436,0.43739994072976884,10.25030765172128,9.917822350630946,0.050079525310306794
MAPbI3_n2_[NH3+]CC1CCC(C[NH3+])CC1_analysis,I,2,1,molecule_1,C8H20N2,0.6757523560805582,8.262547928890672,1.2746025866391903,10.21290287161042,23.604764045000856,-0.5988502305586322
MAPbI3_n2_[NH3+]CC1CCC(C[NH3+])CC1_analysis,I,2,2,molecule_2,C8H20N2,0.5988501946667764,5.125518281759942,0.5703481010759501,6.294716577502669,22.8113184163936,0.028502093590826227
MAPbBr3_n3_CC(C)(CCC[NH3+])CCC[NH3+]_analysis,Br,3,1,molecule_2,C9H24N2,0.6276254766784937,9.751106557899089,1.1640130490903886,11.542745083667972,18.37369446360452,-0.5363875724118949
MAPbBr3_n3_CC(C)(CCC[NH3+])CCC[NH3+]_analysis,Br,3,2,molecule_4,C9H24N2,0.8491321225153725,9.815502207956445,0.8785481889911309,11.543182519462949,17.601547785359834,-0.02941606647575834
MAPbBr3_n1_CC(C)(CCC[NH3+])C(C)(C)CCC[NH3_analysis,Br,1,1,molecule_0,C12H30N2,0.8356372037517525,10.353736303601815,0.836904643327552,12.026278150681119,16.153993090373255,-0.001267439575799445
MAPbBr3_n1_CC(C)(CCC[NH3+])C(C)(C)CCC[NH3_analysis,Br,1,2,molecule_1,C12H30N2,0.5913342459732366,9.930645670851078,0.5936812716721744,11.115661188496487,11.93291510866939,-0.0023470256989378546
MAPbI3_n3_[NH3+]CCCC1CCC(CCC[NH3+])CC1_analysis,I,3,1,molecule_3,C12H28N2,1.1007492084332737,12.042611891214742,0.775841610400834,13.91920271004885,15.582922008830224,0.32490759803243974
MAPbI3_n3_[NH3+]CCCC1CCC(CCC[NH3+])CC1_analysis,I,3,2,molecule_5,C12H28N2,0.7959171569438657,9.670860878587563,0.7889700355250476,11.255748071056479,16.388274139875616,0.006947121418818036
MAPbI3_n2_CC(C)(CC[NH3+])C(C)(C)CC[NH3+]_analysis,I,2,1,molecule_0,C10H26N2,1.0008778241522298,9.722080318114799,0.9902829198456978,11.713241062112726,20.48080944453699,0.010594904306531983
MAPbI3_n2_CC(C)(CC[NH3+])C(C)(C)CC[NH3+]_analysis,I,2,2,molecule_2,C10H26N2,1.0010952154162547,9.568400461567485,1.0832055835243821,11.652701260508122,21.783168538069205,-0.08211036810812744
MAPbCl3_n2_[NH3+]C1CCC([NH3+])CC1_analysis,Cl,2,1,molecule_1,C6H16N2,1.1257101818825423,6.909998328953013,0.7193556133946335,8.755064124230188,26.701392785383437,0.40635456848790885
MAPbCl3_n2_[NH3+]C1CCC([NH3+])CC1_analysis,Cl,2,2,molecule_3,C6H16N2,1.028787062480109,7.0527903587588865,0.15024996936426357,8.231827390603259,16.71731289134551,0.8785370931158454
MAPbBr3_n3_CC(C)(CCCC[NH3+])CCCC[NH3+]_analysis,Br,3,1,molecule_3,C11H28N2,0.30578852732419676,10.790526223539729,0.4545684355919212,11.550883186455845,7.046523470351107,-0.14877990826772447
MAPbBr3_n3_CC(C)(CCCC[NH3+])CCCC[NH3+]_analysis,Br,3,2,molecule_4,C11H28N2,0.4557426464855828,10.889206544956616,0.8179373973713209,12.162886588813521,11.696720404727873,-0.36219475088573805
MAPbBr3_n2_[NH3+]CCCC1=CC=C(CCC[NH3+])C=C_analysis,Br,2,1,molecule_0,C12H22N2,0.6538546200130182,8.400789511198337,0.7395328358229216,9.794176967034279,16.586386957779865,-0.08567821580990342
MAPbBr3_n2_[NH3+]CCCC1=CC=C(CCC[NH3+])C=C_analysis,Br,2,2,molecule_3,C12H22N2,0.37324684095222505,9.266029452337168,0.6989973387293338,10.338273632018726,11.571776079463108,-0.32575049777710874
MAPbBr3_n1_CC(C)(C[NH3+])C(C)(C)C[NH3+]_analysis,Br,1,1,molecule_0,C8H22N2,0.6999358672017953,5.307640918801462,0.309241313118963,6.316818099122219,19.013667197151772,0.3906945540828323
MAPbBr3_n1_CC(C)(C[NH3+])C(C)(C)C[NH3+]_analysis,Br,1,2,molecule_1,C8H22N2,0.9950989647581177,9.734067979490604,0.5017423067527216,11.230909251001442,15.377345572936619,0.4933566580053961
MAPbBr3_n2_[NH3+]CCCCC[NH3+]_analysis,Br,2,1,molecule_1,C5H16N2,0.43980065154749953,6.456598807771933,0.48114915156233407,7.377548610881767,14.26369874493779,-0.04134850001483453
MAPbBr3_n2_[NH3+]CCCCC[NH3+]_analysis,Br,2,2,molecule_3,C5H16N2,0.43508422899027555,6.415196139143842,0.531254106521987,7.381534474656105,15.063270312437055,-0.09616987753171147
MAPbCl3_n2_[NH3+]CC1=CC=C(C[NH3+])C=C1_analysis,Cl,2,1,molecule_1,C8H14N2,0.7422569722963175,9.030336802166888,0.6158411330347726,10.388434907497977,15.039285190395177,0.12641583926154487
MAPbCl3_n2_[NH3+]CC1=CC=C(C[NH3+])C=C1_analysis,Cl,2,2,molecule_3,C8H14N2,0.5716056385904681,9.13765076953122,0.47744903776686776,10.186705445888556,11.48057310151671,0.09415660082360033
MAPbCl3_n1_CC(C)(CCCC[NH3+])C(C)(C)CCCC[N_analysis,Cl,1,1,molecule_0,C14H34N2,0.38249381404228355,12.555766916525936,1.6011190085546356,13.774392111038287,15.79842024612676,-1.218625194512352
MAPbCl3_n1_CC(C)(CCCC[NH3+])C(C)(C)CCCC[N_analysis,Cl,1,2,molecule_1,C14H34N2,0.048384154988352995,11.170464693298104,0.08197238561688062,11.040108152692872,1.166975091765368,-0.03358823062852763
MAPbI3_n2_CC(C)(CC[NH3+])CC[NH3+]_analysis,I,2,1,molecule_1,C7H20N2,0.5737634126566914,6.1311916934778425,0.5749625849237926,7.279917691058325,18.73577038542867,-0.0011991722671012006
MAPbI3_n2_CC(C)(CC[NH3+])CC[NH3+]_analysis,I,2,2,molecule_2,C7H20N2,0.5741141620258647,6.131733950684627,0.5744088841817502,7.280256996892241,18.73080364289744,-0.0002947221558854407
MAPbBr3_n1_[NH3+]CCCC1CCC(CCC[NH3+])CC1_analysis,Br,1,1,molecule_0,C12H28N2,0.3393704190731059,13.01013687422905,0.6499850898710656,13.999492383173221,7.604497312429685,-0.31061467079795974
MAPbBr3_n1_[NH3+]CCCC1CCC(CCC[NH3+])CC1_analysis,Br,1,2,molecule_1,C12H28N2,0.2729018881550868,10.516505627000315,0.8002547778038555,11.58966229295926,10.20449856655518,-0.5273528896487687
MAPbCl3_n1_CC(C)(CCCC[NH3+])CCCC[NH3+]_analysis,Cl,1,1,molecule_0,C11H28N2,0.23043968037201346,10.621508455735837,0.014774356060263649,10.376294419303559,2.3086554744477596,0.2156653243117498
MAPbCl3_n1_CC(C)(CCCC[NH3+])CCCC[NH3+]_analysis,Cl,1,2,molecule_1,C11H28N2,1.2214084736385602,10.03129728509699,1.1230614573614668,12.375767216097017,23.371552695214127,0.09834701627709341
MAPbCl3_n2_[NH3+]CCCCCC[NH3+]_analysis,Cl,2,1,molecule_1,C6H18N2,0.7371300404271053,8.92799885372701,0.6961102205234563,10.36123911467757,16.053320396118252,0.041019819903649
MAPbCl3_n2_[NH3+]CCCCCC[NH3+]_analysis,Cl,2,2,molecule_3,C6H18N2,0.03601671041905556,7.646459719483181,0.2355058191751589,7.845948828239284,3.550957430696653,-0.19948910875610332
MAPbBr3_n1_[NH3+]CCCCCCCCCC[NH3+]_analysis,Br,1,1,molecule_0,C10H26N2,0.4110502437586997,11.560542694818714,0.005294434533920884,11.144198016526092,3.601428490716278,0.40575580922477883
MAPbBr3_n1_[NH3+]CCCCCCCCCC[NH3+]_analysis,Br,1,2,molecule_1,C10H26N2,1.2286115409175569,12.23556118915651,0.15551061550307327,13.619683345577139,11.312289931149845,1.0731009254144837
MAPbBr3_n3_[NH3+]CCCCC[NH3+]_analysis,Br,3,1,molecule_1,C5H16N2,0.791248788796155,6.993617460040554,0.8681283717134683,8.652994620550176,23.72702210252148,-0.07687958291731334
MAPbBr3_n3_[NH3+]CCCCC[NH3+]_analysis,Br,3,2,molecule_5,C5H16N2,0.5938120851973739,6.951003105829471,1.3602564564169062,8.905071647443751,28.112036663823343,-0.7664443712195322
MAPbI3_n3_[NH3+]CCCCCCCCC[NH3+]_analysis,I,3,1,molecule_0,C9H24N2,0.08600567289068159,8.204239110774305,0.45971262424814113,8.749957407913126,6.65166250971589,-0.37370695135745957
MAPbI3_n3_[NH3+]CCCCCCCCC[NH3+]_analysis,I,3,2,molecule_5,C9H24N2,0.2566313113479571,9.669231716312153,0.8493445072730519,10.77520753493316,11.438094060308943,-0.5927131959250949
MAPbCl3_n3_[NH3+]CCCCCCCC[NH3+]_analysis,Cl,3,1,molecule_2,C8H22N2,0.5061613958133244,12.274622571507848,0.44885234121319495,13.229636308534369,7.780391873256621,0.05730905460012947
MAPbCl3_n3_[NH3+]CCCCCCCC[NH3+]_analysis,Cl,3,2,molecule_4,C8H22N2,0.21264465282665004,10.313280899152153,0.5639061889943119,11.089831740973114,7.529619811720649,-0.35126153616766187
MAPbBr3_n3_[NH3+]C1CCC([NH3+])CC1_analysis,Br,3,1,molecule_1,C6H16N2,0.7498056452687857,7.563509938816009,1.483278700670344,9.79659428475514,29.5244451848859,-0.7334730554015584
MAPbBr3_n3_[NH3+]C1CCC([NH3+])CC1_analysis,Br,3,2,molecule_5,C6H16N2,0.2777782372760104,7.194071034919078,1.0837536363057978,8.555602908500886,18.925749648191,-0.8059753990297873
MAPbI3_n1_[NH3+]CCC1=CC=C(CC[NH3+])C=C1_analysis,I,1,1,molecule_0,C10H18N2,0.23578172905587527,8.211208549434222,0.055090951703049604,8.391899326787048,3.5423857402692187,0.18069077735282568
MAPbI3_n1_[NH3+]CCC1=CC=C(CC[NH3+])C=C1_analysis,I,1,2,molecule_1,C10H18N2,1.668333857741654,10.12376678143087,0.3112815802348264,12.103382219407349,19.55413909383525,1.3570522775068277
MAPbBr3_n1_[NH3+]CCCCCC[NH3+]_analysis,Br,1,1,molecule_0,C6H18N2,0.5147887069627569,8.416320737238102,0.5172325756704722,9.448342019871331,12.262142982111408,-0.002443868707715291
MAPbBr3_n1_[NH3+]CCCCCC[NH3+]_analysis,Br,1,2,molecule_1,C6H18N2,0.4874823424018552,8.354798602637347,0.4804359735388786,9.32271691857808,11.585178314593874,0.007046368862976549
MAPbI3_n3_CC(C)(CCC[NH3+])C(C)(C)CCC[NH3_analysis,I,3,1,molecule_4,C12H30N2,0.39071046334440535,9.993698569522747,0.3604271172391071,10.74483615010626,7.516112031577747,0.03028334610529826
MAPbI3_n3_CC(C)(CCC[NH3+])C(C)(C)CCC[NH3_analysis,I,3,2,molecule_5,C12H30N2,0.8200458723021631,10.103076672963095,0.3939502239150836,11.317072769180342,12.016102970553803,0.4260956483870795
MAPbBr3_n1_CC(C)(CC[NH3+])C(C)(C)CC[NH3+]_analysis,Br,1,1,molecule_0,C10H26N2,0.47001770368904394,9.703917694150478,0.550779949913688,10.72471534775321,10.51943849666067,-0.08076224622464401
MAPbBr3_n1_CC(C)(CC[NH3+])C(C)(C)CC[NH3+]_analysis,Br,1,2,molecule_1,C10H26N2,0.7552986111387817,9.949188903621385,0.506157641590749,11.210645156350916,12.678985844467944,0.24914096954803266
MAPbBr3_n2_[NH3+]CCCCCCCCCC[NH3+]_analysis,Br,2,1,molecule_1,C10H26N2,0.2749829293324218,11.344195614172873,0.36719698968322145,11.986375533188516,5.660867820485532,-0.09221406035079965
MAPbBr3_n2_[NH3+]CCCCCCCCCC[NH3+]_analysis,Br,2,2,molecule_2,C10H26N2,0.39870959756897395,12.427143838938122,0.7868283026470881,13.612681739154185,9.53990647876306,-0.3881187050781142
MAPbCl3_n1_[NH3+]CC1=CC=C(C[NH3+])C=C1_analysis,Cl,1,1,molecule_0,C8H14N2,0.612982956485943,9.361042659725445,0.30640568199987445,10.280431298211262,9.821434127646446,0.3065772744860686
MAPbCl3_n1_[NH3+]CC1=CC=C(C[NH3+])C=C1_analysis,Cl,1,2,molecule_1,C8H14N2,0.1110894681124432,6.816121999913136,0.4534039274332807,7.38061539545886,8.281738436502717,-0.3423144593208375
MAPbBr3_n2_[NH3+]C1CCC([NH3+])CC1_analysis,Br,2,1,molecule_1,C6H16N2,0.5532640513084963,7.314886239521851,0.16953452306695554,8.037684813897302,9.88120048224699,0.3837295282415408
MAPbBr3_n2_[NH3+]C1CCC([NH3+])CC1_analysis,Br,2,2,molecule_3,C6H16N2,0.42403925527257297,7.0726067068617455,0.7966095788189335,8.293255540953252,17.258825277351416,-0.3725703235463605
MAPbBr3_n3_[NH3+]CCC1=CC=C(CC[NH3+])C=C1_analysis,Br,3,1,molecule_1,C10H18N2,0.674827966610672,9.537961708183017,0.5593525270907699,10.772142201884458,12.939667105631033,0.11547543951990213
MAPbBr3_n3_[NH3+]CCC1=CC=C(CC[NH3+])C=C1_analysis,Br,3,2,molecule_2,C10H18N2,0.12052570309830885,9.570205670553008,0.2278545372942869,9.918585910945604,3.6402586567657833,-0.10732883419597805
MAPbI3_n3_[NH3+]CCC1CCC(CC[NH3+])CC1_analysis,I,3,1,molecule_0,C10H24N2,0.8782078438729172,8.692026095987872,0.9330491616223351,10.503283101483126,20.838145048037823,-0.05484131774941792
MAPbI3_n3_[NH3+]CCC1CCC(CC[NH3+])CC1_analysis,I,3,2,molecule_5,C10H24N2,0.43548462774904334,7.118145696834891,1.0160385187508216,8.569668843334755,20.39187182056824,-0.5805538910017782
MAPbBr3_n1_CC(C)(CCCC[NH3+])CCCC[NH3+]_analysis,Br,1,1,molecule_0,C11H28N2,0.4505164426446734,11.19068346118989,0.5856035848502452,12.226803488684808,9.258773434958274,-0.13508714220557183
MAPbBr3_n1_CC(C)(CCCC[NH3+])CCCC[NH3+]_analysis,Br,1,2,molecule_1,C11H28N2,0.4443807063037911,11.186354668874399,0.4627443725051458,12.093479747683336,8.109210780997115,-0.018363666201354656
MAPbCl3_n2_CC(C)(CCC[NH3+])C(C)(C)CCC[NH3_analysis,Cl,2,1,molecule_1,C12H30N2,0.4479506065721671,10.297969752024773,0.600244927785632,11.346165286382572,10.17866200424316,-0.15229432121346487
MAPbCl3_n2_CC(C)(CCC[NH3+])C(C)(C)CCC[NH3_analysis,Cl,2,2,molecule_2,C12H30N2,1.3305856337835533,11.137528328713305,0.7662736954733886,13.234387657970245,18.82697190409021,0.5643119383101647
MAPbCl3_n1_CC(C)(CCC[NH3+])CCC[NH3+]_analysis,Cl,1,1,molecule_0,C9H24N2,1.301699342299972,11.482724565482323,0.7399842121152796,10.92100943529763,17.780480083556654,0.5617151301846924
MAPbCl3_n1_CC(C)(CCC[NH3+])CCC[NH3+]_analysis,Cl,1,2,molecule_1,C9H24N2,0.30396454325505984,9.182617105440757,0.4538781413388342,9.332530703524533,8.253014101446826,-0.14991359808377436
MAPbI3_n3_CC(C)(C[NH3+])C(C)(C)C[NH3+]_analysis,I,3,1,molecule_0,C8H22N2,0.9138532794508544,8.192975613416898,0.14627287635848651,9.25310176922624,12.939452109112443,0.7675804030923679
MAPbI3_n3_CC(C)(C[NH3+])C(C)(C)C[NH3+]_analysis,I,3,2,molecule_5,C8H22N2,0.4094385105197142,5.203663600612367,0.6032608524544313,6.216362963586512,19.461276529385394,-0.1938223419347171
MAPbCl3_n2_CC(C)(CCC[NH3+])CCC[NH3+]_analysis,Cl,2,1,molecule_1,C9H24N2,0.06553868981290474,9.487466189406979,0.29765806924631927,9.850662948466201,3.828174475759854,-0.23211937943341454
MAPbCl3_n2_CC(C)(CCC[NH3+])CCC[NH3+]_analysis,Cl,2,2,molecule_2,C9H24N2,0.47345713117458094,8.729340907380575,0.576082304777343,9.7788803433325,12.023123476189918,-0.10262517360276208
MAPbBr3_n2_[NH3+]CCC1=CC=C(CC[NH3+])C=C1_analysis,Br,2,1,molecule_1,C10H18N2,0.29976657207418245,9.60391874841426,0.37759222614643956,10.281277546634882,7.052941783086859,-0.07782565407225711
MAPbBr3_n2_[NH3+]CCC1=CC=C(CC[NH3+])C=C1_analysis,Br,2,2,molecule_2,C10H18N2,0.78957094297552,9.109776706240018,0.7197188207379905,10.619066469953529,16.567801960279407,0.06985212223752946
MAPbCl3_n2_[NH3+]C1=CC=C([NH3+])C=C1_analysis,Cl,2,1,molecule_0,C6H10N2,0.25749446280379734,7.7874781668101845,0.28013162441441103,7.810115328420799,6.903725130293681,-0.022637161610613687
MAPbCl3_n2_[NH3+]C1=CC=C([NH3+])C=C1_analysis,Cl,2,2,molecule_3,C6H10N2,0.140230121443287,6.952302623973504,0.025895981601183303,6.8379684841314,2.389511965023222,0.1143341398421037
MAPbCl3_n3_[NH3+]C1=CC=C([NH3+])C=C1_analysis,Cl,3,1,molecule_1,C6H10N2,0.16093361759219313,7.4477778618301675,0.2030467411293471,7.811758220551708,4.887100091786278,-0.04211312353715396
MAPbCl3_n3_[NH3+]C1=CC=C([NH3+])C=C1_analysis,Cl,3,2,molecule_5,C6H10N2,0.2324238731244402,5.213392454591217,0.16544918489421073,5.611265512609868,7.631749604199866,0.06697468823022948
MAPbCl3_n1_[NH3+]C1=CC=C([NH3+])C=C1_analysis,Cl,1,1,molecule_0,C6H10N2,0.5623623170170122,8.197041930174919,0.041104297045168416,8.800508544237099,7.3620047232002275,0.5212580199718438
MAPbCl3_n1_[NH3+]C1=CC=C([NH3+])C=C1_analysis,Cl,1,2,molecule_1,C6H10N2,0.04176277589324406,7.686225395225425,0.024057742962548447,7.752045914081218,0.8563438550303153,0.01770503293069561
MAPbI3_n3_[NH3+]C1CCC([NH3+])CC1_analysis,I,3,1,molecule_0,C6H16N2,0.7658192800926199,8.116207101796626,0.5335529620445892,9.415579343933835,16.00959938355413,0.23226631804803066
MAPbI3_n3_[NH3+]C1CCC([NH3+])CC1_analysis,I,3,2,molecule_5,C6H16N2,0.48927554652021676,7.702167536116434,0.4718150827280692,8.66325816536472,12.478183897475754,0.01746046379214755
MAPbCl3_n1_[NH3+]CCCCCC[NH3+]_analysis,Cl,1,1,molecule_0,C6H18N2,1.0621349032178584,9.285540360065328,0.8152039059151912,11.162879169198376,20.21787355754751,0.2469309973026672
MAPbCl3_n1_[NH3+]CCCCCC[NH3+]_analysis,Cl,1,2,molecule_1,C6H18N2,0.14597372441110454,8.398006328935207,0.025249029586141915,8.22678357493796,2.0388500233359075,0.12072469482496262
MAPbI3_n2_[NH3+]C1CCC([NH3+])CC1_analysis,I,2,1,molecule_0,C6H16N2,0.7476494056983164,7.788817319215026,0.7787028346246422,9.315169559537985,19.59671382402878,-0.031053428926325788
MAPbI3_n2_[NH3+]C1CCC([NH3+])CC1_analysis,I,2,2,molecule_1,C6H16N2,0.4872970094755745,7.639443233754387,0.4651971012868726,8.591937344516834,12.468109018127308,0.022099908188701944
MAPbCl3_n2_CC(C)(C[NH3+])C[NH3+]_analysis,Cl,2,1,molecule_1,C5H16N2,0.04300066209028607,7.684126513942113,0.36498413117601536,8.092111307208414,5.309449194076282,-0.3219834690857293
MAPbCl3_n2_CC(C)(C[NH3+])C[NH3+]_analysis,Cl,2,2,molecule_3,C5H16N2,0.07081028088708219,7.981499157650182,0.4742344649423005,8.3849233417054,6.828851761601242,-0.4034241840552183
MAPbCl3_n3_[NH3+]CC1CCC(C[NH3+])CC1_analysis,Cl,3,1,molecule_1,C8H20N2,1.0268939366564305,8.3035663052647,0.6021077761834279,9.93256801810456,19.618097248251324,0.42478616047300255
MAPbCl3_n3_[NH3+]CC1CCC(C[NH3+])CC1_analysis,Cl,3,2,molecule_2,C8H20N2,0.994643527008405,8.345436971586624,0.5901278775162008,9.93020837611123,18.989675554679923,0.4045156494922042
MAPbCl3_n2_[NH3+]CCCC[NH3+]_analysis,Cl,2,1,molecule_1,C4H14N2,0.784211129469691,7.902929437445261,0.6719113667195264,9.359051933634477,18.425098031242584,0.11229976275016451
MAPbCl3_n2_[NH3+]CCCC[NH3+]_analysis,Cl,2,2,molecule_3,C4H14N2,0.6782995066331091,7.841432313458226,0.5619364523668035,9.081668272458138,15.81644665696214,0.11636305426630567
MAPbBr3_n1_CC(C)(CC[NH3+])CC[NH3+]_analysis,Br,1,1,molecule_0,C7H20N2,0.4840408707980529,6.374257173918216,0.4850484822093479,7.343346526925616,15.203173115961802,-0.001007611411294962
MAPbBr3_n1_CC(C)(CC[NH3+])CC[NH3+]_analysis,Br,1,2,molecule_1,C7H20N2,0.4720869672793714,6.3746722517925845,0.41840520387260094,7.265164422944556,13.969222823990082,0.053681763406770444
MAPbCl3_n2_CC(C)(CC[NH3+])C(C)(C)CC[NH3+]_analysis,Cl,2,1,molecule_1,C10H26N2,1.1623091380176713,9.564082966816613,0.8039874553246409,11.530379560158927,20.55917540829103,0.35832168269303044
MAPbCl3_n2_CC(C)(CC[NH3+])C(C)(C)CC[NH3+]_analysis,Cl,2,2,molecule_2,C10H26N2,0.5179723008566002,9.353493654052073,0.4699692358123545,10.341435190721027,10.562273020209552,0.048003065044245674
MAPbI3_n3_[NH3+]CCC1=CC=C(CC[NH3+])C=C1_analysis,I,3,1,molecule_0,C10H18N2,1.5781469813494444,9.029578430885529,1.56778650257901,12.175511914813983,34.84031406347653,0.010360478770434334
MAPbI3_n3_[NH3+]CCC1=CC=C(CC[NH3+])C=C1_analysis,I,3,2,molecule_5,C10H18N2,0.6263337437627094,7.245556575498349,0.621737886281913,8.493628205542972,17.22533827511767,0.004595857480796495
MAPbCl3_n1_[NH3+]CCCC[NH3+]_analysis,Cl,1,1,molecule_0,C4H14N2,0.9621331671665702,7.434774243442956,0.7514111565168706,9.148318567126397,23.047698122033612,0.21072201064969953
MAPbCl3_n1_[NH3+]CCCC[NH3+]_analysis,Cl,1,2,molecule_1,C4H14N2,0.10049846678509591,7.435258030417282,0.1670704577282068,7.702826954930585,3.5986501533462745,-0.06657199094311089
MAPbI3_n1_[NH3+]CCCCC[NH3+]_analysis,I,1,1,molecule_0,C5H16N2,0.5562956718697574,6.19619523837797,0.5579570391450598,7.310447949392787,17.98285347939592,-0.0016613672753024167
MAPbI3_n1_[NH3+]CCCCC[NH3+]_analysis,I,1,2,molecule_1,C5H16N2,0.5692334061403392,6.173912850586368,0.5679355622527723,7.3110818189794795,18.41893457056344,0.0012978438875669296
MAPbCl3_n2_[NH3+]CC1CCC(C[NH3+])CC1_analysis,Cl,2,1,molecule_0,C8H20N2,0.857191132687243,8.29599906661075,0.6247161025908871,9.777906301888882,17.862914681878678,0.23247503009635595
MAPbCl3_n2_[NH3+]CC1CCC(C[NH3+])CC1_analysis,Cl,2,2,molecule_1,C8H20N2,0.7158724918766567,8.744433392227846,0.5293332113350012,9.989639095439502,14.239981567226657,0.18653928054165547
MAPbI3_n2_CC(C)(C[NH3+])C[NH3+]_analysis,I,2,1,molecule_0,C5H16N2,0.8936286688120069,7.917702239288435,0.24587535857549517,8.565455549524945,14.391852496462528,0.6477533102365117
MAPbI3_n2_CC(C)(C[NH3+])C[NH3+]_analysis,I,2,2,molecule_1,C5H16N2,0.6363691998953975,8.354356000585144,0.34486712300864536,8.645858077471896,11.745206007923489,0.29150207688675217
MAPbI3_n2_[NH3+]CCCCCCC[NH3+]_analysis,I,2,1,molecule_1,C7H20N2,0.6848591234743101,8.364617657939183,0.6777912078824135,9.727267989295907,16.29064694981461,0.0070679155918965675
MAPbI3_n2_[NH3+]CCCCCCC[NH3+]_analysis,I,2,2,molecule_2,C7H20N2,0.6837572442567863,8.362058016804038,0.6802748977187153,9.726090158779536,16.31215831359218,0.0034823465380710017
MAPbCl3_n1_[NH3+]CCCCCCC[NH3+]_analysis,Cl,1,1,molecule_0,C7H20N2,0.10976641045527037,8.749966590516939,0.11925719195460009,8.759457372016268,2.6174225928826087,-0.00949078149932972
MAPbCl3_n1_[NH3+]CCCCCCC[NH3+]_analysis,Cl,1,2,molecule_1,C7H20N2,1.0700500618293534,8.568434239211351,0.8172169744103938,10.4557012754511,22.025809891883508,0.2528330874189596
MAPbCl3_n1_[NH3+]CCCC1CCC(CCC[NH3+])CC1_analysis,Cl,1,1,molecule_0,C12H28N2,0.6014009907984038,11.831991353046188,0.2031068143528793,12.636499158197472,6.799428609657998,0.3982941764455245
MAPbCl3_n1_[NH3+]CCCC1CCC(CCC[NH3+])CC1_analysis,Cl,1,2,molecule_1,C12H28N2,0.4329708820281417,10.903215719412058,0.22365728767799214,11.112529313762208,6.022334938646353,0.20931359435014957
MAPbI3_n2_[NH3+]CCCCCCCC[NH3+]_analysis,I,2,1,molecule_0,C8H22N2,0.011077017316402885,11.252345579901904,0.7632398123543573,12.00450837493986,6.881381523278017,-0.7521627950379545
MAPbI3_n2_[NH3+]CCCCCCCC[NH3+]_analysis,I,2,2,molecule_1,C8H22N2,0.23413160280857184,7.929094164884833,0.25120491833780667,8.414430686031212,6.1209579688908615,-0.017073315529234828
MAPbI3_n2_CC(C)(CCC[NH3+])CCC[NH3+]_analysis,I,2,1,molecule_0,C9H24N2,0.6629358075377414,8.56756671436299,0.66810952716982,9.89861204907055,15.535861920703192,-0.005173719632078577
MAPbI3_n2_CC(C)(CCC[NH3+])CCC[NH3+]_analysis,I,2,2,molecule_1,C9H24N2,0.6515192886549589,8.559677458234903,0.688888155042013,9.900084901931878,15.659555517567112,-0.037368866387054056
MAPbI3_n2_[NH3+]CCCCCCCCCC[NH3+]_analysis,I,2,1,molecule_0,C10H26N2,0.09343057811034186,10.019032828575561,0.5746695525758024,10.500271803041024,6.668309627458624,-0.4812389744654606
MAPbI3_n2_[NH3+]CCCCCCCCCC[NH3+]_analysis,I,2,2,molecule_2,C10H26N2,1.1918744060094808,10.862710895734253,1.1471330074598396,13.201718309203573,21.53244651284828,0.04474139854964121
MAPbBr3_n3_CC(C)(CC[NH3+])C(C)(C)CC[NH3+]_analysis,Br,3,1,molecule_1,C10H26N2,0.4511742390749845,9.599404990808262,0.7224773779942617,10.773056607877509,12.22629546511534,-0.2713031389192772
MAPbBr3_n3_CC(C)(CC[NH3+])C(C)(C)CC[NH3+]_analysis,Br,3,2,molecule_4,C10H26N2,0.8606049977874357,10.174763743341524,0.5371905119505977,11.572559253079557,13.737866991287792,0.32341448583683796
MAPbCl3_n1_[NH3+]CC1CCC(C[NH3+])CC1_analysis,Cl,1,1,molecule_0,C8H20N2,0.7119833570743367,8.317219700245076,0.5893140627952981,9.618517120114712,15.64582236334686,0.12266929427903861
MAPbCl3_n1_[NH3+]CC1CCC(C[NH3+])CC1_analysis,Cl,1,2,molecule_1,C8H20N2,0.7123889497660576,8.576504221687207,0.7979795298412155,10.08687270129448,17.610537353762847,-0.08559058007515785
MAPbCl3_n2_[NH3+]CCCCC[NH3+]_analysis,Cl,2,1,molecule_1,C5H16N2,0.00027399512751595816,7.1906628589238455,0.23354012129117893,7.4239289850875085,3.2516350857490695,-0.23326612616366296
MAPbCl3_n2_[NH3+]CCCCC[NH3+]_analysis,Cl,2,2,molecule_3,C5H16N2,0.9983950760527043,9.856743425099799,0.7571939777698397,9.615542326816932,17.811045475242942,0.24120109828286462
MAPbI3_n1_[NH3+]CC1CCC(C[NH3+])CC1_analysis,I,1,1,molecule_0,C8H20N2,0.941007879129169,8.296632525252077,1.0471513528966594,10.284791757277906,23.963448133619995,-0.10614347376749045
MAPbI3_n1_[NH3+]CC1CCC(C[NH3+])CC1_analysis,I,1,2,molecule_1,C8H20N2,0.414660925555333,5.28905696421865,0.5588618415527674,6.262579731326751,18.40635814085845,-0.1442009159974344
MAPbBr3_n2_CC(C)(CCCC[NH3+])CCCC[NH3+]_analysis,Br,2,1,molecule_1,C11H28N2,0.3306688949364502,11.242653967719344,0.6073198623749076,12.180642725030703,8.343125742414323,-0.27665096743845746
MAPbBr3_n2_CC(C)(CCCC[NH3+])CCCC[NH3+]_analysis,Br,2,2,molecule_2,C11H28N2,0.6141998235559116,11.031487752982896,0.5325929241168535,12.17828050065566,10.395630882721818,0.08160689943905808
MAPbBr3_n2_[NH3+]CC1=CC=C(C[NH3+])C=C1_analysis,Br,2,1,molecule_1,C8H14N2,0.17119625460196136,9.00851360335223,0.8107306313634831,9.990440489317674,10.89998782485106,-0.6395343767615218
MAPbBr3_n2_[NH3+]CC1=CC=C(C[NH3+])C=C1_analysis,Br,2,2,molecule_3,C8H14N2,0.22067167781324823,9.684809817238317,0.11365078663340794,10.019132281684975,3.4520292164290556,0.10702089117984029
MAPbI3_n1_CC(C)(CCC[NH3+])C(C)(C)CCC[NH3_analysis,I,1,1,molecule_0,C12H30N2,0.9442329703067363,11.874123708209634,0.5836655283229623,13.402022206839334,12.867463201291448,0.360567441983774
MAPbI3_n1_CC(C)(CCC[NH3+])C(C)(C)CCC[NH3_analysis,I,1,2,molecule_1,C12H30N2,0.9291840344147517,12.727401814732515,0.9298630311096886,14.586448880256954,14.606650222769845,-0.0006789966949368731
MAPbBr3_n3_[NH3+]CCCCCCC[NH3+]_analysis,Br,3,1,molecule_1,C7H20N2,0.7179794367342268,9.080410925200534,1.077665179176851,10.876055541111612,19.774926825477586,-0.3596857424426242
MAPbBr3_n3_[NH3+]CCCCCCC[NH3+]_analysis,Br,3,2,molecule_5,C7H20N2,0.3366348311901378,8.874872797877753,1.0042120180303267,10.215719647098217,15.108350054787275,-0.6675771868401889
MAPbI3_n1_[NH3+]CCCC[NH3+]_analysis,I,1,1,molecule_0,C4H14N2,0.8325204647145201,7.4538183229056765,0.8322582162949231,9.11859700391512,22.334575500633782,0.00026224841959698875
MAPbI3_n1_[NH3+]CCCC[NH3+]_analysis,I,1,2,molecule_1,C4H14N2,0.6429287598565157,6.914525997790386,0.6439691905316796,8.201423948178581,18.611513656893298,-0.0010404306751639059
MAPbCl3_n3_[NH3+]CCCCC[NH3+]_analysis,Cl,3,1,molecule_1,C5H16N2,0.4592399852165551,8.081992540210798,0.8082205043882175,9.34945302981557,15.68252486374745,-0.34898051917166234
MAPbCl3_n3_[NH3+]CCCCC[NH3+]_analysis,Cl,3,2,molecule_5,C5H16N2,0.3101708536623516,6.529713607882925,0.4123895257932543,7.252273987338531,11.065728496626601,-0.10221867213090269
MAPbI3_n3_CC(C)(CCC[NH3+])CCC[NH3+]_analysis,I,3,1,molecule_0,C9H24N2,0.6991983023276132,8.493701312323296,0.6999264363384655,9.892826050989376,16.472497527504576,-0.000728134010852366
MAPbI3_n3_CC(C)(CCC[NH3+])CCC[NH3+]_analysis,I,3,2,molecule_5,C9H24N2,0.6713413408865657,8.491764097052968,0.7316282646334424,9.894733702572978,16.521532975779472,-0.06028692374687672
MAPbI3_n1_[NH3+]CCCCCCCCCC[NH3+]_analysis,I,1,1,molecule_0,C10H26N2,0.503607097292281,9.642601761046196,0.4441552271304215,8.694839436623493,9.828906636499658,0.059451870161859544
MAPbI3_n1_[NH3+]CCCCCCCCCC[NH3+]_analysis,I,1,2,molecule_1,C10H26N2,0.23245591332006801,14.974336373291031,1.0231217844047014,13.718758675566262,8.384863718997792,-0.7906658710846334
MAPbBr3_n1_[NH3+]CCCCCCCC[NH3+]_analysis,Br,1,1,molecule_0,C8H22N2,0.7823342531574421,10.299997408176418,0.5404957290072138,8.977167426011762,12.843012767309606,0.24183852415022833
MAPbBr3_n1_[NH3+]CCCCCCCC[NH3+]_analysis,Br,1,2,molecule_1,C8H22N2,0.5946319461610856,12.00218259698207,1.11129524596878,12.518845896789765,14.213474743825497,-0.5166632998076943
MAPbCl3_n3_CC(C)(CCCC[NH3+])CCCC[NH3+]_analysis,Cl,3,1,molecule_1,C11H28N2,0.5552385854368542,11.936436956732273,0.2953340292524334,12.78700957142156,7.125850182700927,0.2599045561844208
MAPbCl3_n3_CC(C)(CCCC[NH3+])CCCC[NH3+]_analysis,Cl,3,2,molecule_4,C11H28N2,0.2976514968191686,11.957555286470093,0.7206600477854062,12.975866831074669,8.516051318255569,-0.4230085509662376
MAPbBr3_n3_CC(C)(C[NH3+])C(C)(C)C[NH3+]_analysis,Br,3,1,molecule_2,C8H22N2,0.674511445836269,8.270557943674428,0.9567706992954292,9.901840088806125,19.723967309597924,-0.28225925345916025
MAPbBr3_n3_CC(C)(C[NH3+])C(C)(C)C[NH3+]_analysis,Br,3,2,molecule_4,C8H22N2,0.7997761417076984,8.72294008946008,1.0883457154135836,10.611061946581362,21.645475467643045,-0.2885695737058852
MAPbCl3_n1_CC(C)(CC[NH3+])C(C)(C)CC[NH3+]_analysis,Cl,1,1,molecule_0,C10H26N2,0.6641097979214211,9.027177516963542,0.5679076489540571,10.25919496383902,13.64786994118944,0.09620214896736401
MAPbCl3_n1_CC(C)(CC[NH3+])C(C)(C)CC[NH3+]_analysis,Cl,1,2,molecule_1,C10H26N2,0.526966710016441,9.580423989947114,0.8972691148945346,11.00465981485809,14.866104322788305,-0.3703024048780936
MAPbCl3_n3_CC(C)(CC[NH3+])CC[NH3+]_analysis,Cl,3,1,molecule_1,C7H20N2,0.5706638798102183,6.42125507402762,0.38508830113827663,7.377007254976115,14.884195845361678,0.18557557867194163
MAPbCl3_n3_CC(C)(CC[NH3+])CC[NH3+]_analysis,Cl,3,2,molecule_2,C7H20N2,0.4791826164240757,6.432345176989811,0.4696439756632063,7.381171769077093,14.750865601576917,0.00953864076086941
MAPbCl3_n3_[NH3+]CCCC1=CC=C(CCC[NH3+])C=C_analysis,Cl,3,1,molecule_4,C12H22N2,0.25341536002876136,9.90026300028642,0.6563822725054207,10.810060632820601,9.189630947257271,-0.40296691247665933
MAPbCl3_n3_[NH3+]CCCC1=CC=C(CCC[NH3+])C=C_analysis,Cl,3,2,molecule_5,C12H22N2,0.171700114706684,9.78739074299384,0.9048124359826485,10.863903293683173,10.998973873194327,-0.7331123212759645
MAPbBr3_n3_CC(C)(CC[NH3+])CC[NH3+]_analysis,Br,3,1,molecule_1,C7H20N2,0.5803126973045342,5.951041995800744,0.7869345412323977,7.318289234337675,22.974921694414316,-0.20662184392786354
MAPbBr3_n3_CC(C)(CC[NH3+])CC[NH3+]_analysis,Br,3,2,molecule_5,C7H20N2,0.43706390638366066,5.943617521204906,0.9873856062952012,7.368067033883767,23.966035963735663,-0.5503216999115406
MAPbI3_n1_[NH3+]CCC1CCC(CC[NH3+])CC1_analysis,I,1,1,molecule_0,C10H24N2,0.5005669033972429,7.063360553635876,0.8578597224984831,8.421787179531604,19.232015916226644,-0.3572928191012402
MAPbI3_n1_[NH3+]CCC1CCC(CC[NH3+])CC1_analysis,I,1,2,molecule_1,C10H24N2,0.6837915975934779,8.473864365947984,0.6695520747293299,9.827208038270793,15.97079695730305,0.01423952286414798
MAPbBr3_n1_CC(C)(CCC[NH3+])CCC[NH3+]_analysis,Br,1,1,molecule_0,C9H24N2,0.02981652575406261,11.694680580249251,0.057063760848238,11.60780029364695,0.7429043145396359,-0.027247235094175388
MAPbBr3_n1_CC(C)(CCC[NH3+])CCC[NH3+]_analysis,Br,1,2,molecule_1,C9H24N2,0.09335841481127212,11.598246615706783,0.11878873557031594,11.386099465325195,1.8291312248378162,-0.02543032075904382
MAPbCl3_n2_[NH3+]CCCC1=CC=C(CCC[NH3+])C=C_analysis,Cl,2,1,molecule_1,C12H22N2,0.539594079567023,11.491036547694378,0.5685697956580205,12.599200422919424,9.643724224751432,-0.028975716090997472
MAPbCl3_n2_[NH3+]CCCC1=CC=C(CCC[NH3+])C=C_analysis,Cl,2,2,molecule_3,C12H22N2,0.4376080177286393,10.93026982076896,0.26572682638747686,11.633604664885075,6.434743658200339,0.17188119134116242
MAPbI3_n1_CC(C)(CC[NH3+])C(C)(C)CC[NH3+]_analysis,I,1,1,molecule_0,C10H26N2,1.0956049588475691,9.411644509089445,1.253161746725791,11.760411214662804,24.955964957080575,-0.1575567878782218
MAPbI3_n1_CC(C)(CC[NH3+])C(C)(C)CC[NH3+]_analysis,I,1,2,molecule_1,C10H26N2,1.1697038056134808,9.199200403849074,1.2353834327466533,11.604287642209208,26.14452488016037,-0.06567962713317255
MAPbBr3_n3_[NH3+]CCCC1CCC(CCC[NH3+])CC1_analysis,Br,3,1,molecule_0,C12H28N2,0.5812636475343983,12.459879322224483,0.8869381918775654,13.928081161636447,11.783435468697967,-0.3056745443431671
MAPbBr3_n3_[NH3+]CCCC1CCC(CCC[NH3+])CC1_analysis,Br,3,2,molecule_3,C12H28N2,0.2650263028399642,11.766627566502626,0.29598333592568754,12.327637205268276,4.767803141511343,-0.03095703308572334
MAPbBr3_n2_CC(C)(CCCC[NH3+])C(C)(C)CCCC[N_analysis,Br,2,1,molecule_1,C14H34N2,1.0412904974925372,13.801905547859151,0.433866496039502,15.277062541391192,10.688067589050082,0.6074240014530352
MAPbBr3_n2_CC(C)(CCCC[NH3+])C(C)(C)CCCC[N_analysis,Br,2,2,molecule_2,C14H34N2,0.019264862081642565,11.89238314878045,0.1741258716697921,12.085773882531884,1.6261730834939223,-0.15486100958814952
MAPbBr3_n1_[NH3+]CCC1=CC=C(CC[NH3+])C=C1_analysis,Br,1,1,molecule_0,C10H18N2,0.2530539574042826,9.519787806542455,0.25248805300577737,10.025329816952514,5.310433600868994,0.0005659043985052348
MAPbBr3_n1_[NH3+]CCC1=CC=C(CC[NH3+])C=C1_analysis,Br,1,2,molecule_1,C10H18N2,0.3987025762008558,10.350247255171336,0.4042058327615975,11.15315566413379,7.757383849562559,-0.005503256560741687
MAPbI3_n1_[NH3+]CCCC1CCC(CCC[NH3+])CC1_analysis,I,1,1,molecule_0,C12H28N2,0.5478981469217142,10.16970889151534,0.3658658073099249,11.08347284574698,8.985153498287438,0.18203233961178933
MAPbI3_n1_[NH3+]CCCC1CCC(CCC[NH3+])CC1_analysis,I,1,2,molecule_1,C12H28N2,0.9480781594302291,11.937101014567254,1.1383231603767734,14.023502334374259,17.47829156560622,-0.19024500094654428
MAPbI3_n3_CC(C)(CC[NH3+])C(C)(C)CC[NH3+]_analysis,I,3,1,molecule_0,C10H26N2,0.9832989442714898,9.5962088006906,1.1393317213936847,11.718839466355774,22.11947144701997,-0.15603277712219488
MAPbI3_n3_CC(C)(CC[NH3+])C(C)(C)CC[NH3+]_analysis,I,3,2,molecule_5,C10H26N2,1.0157267527309595,9.8000191957478,0.9869082577097897,11.80265420618855,20.43501109987302,0.028818495021169732
MAPbBr3_n3_[NH3+]CCCCCC[NH3+]_analysis,Br,3,1,molecule_1,C6H18N2,0.6059832233752581,7.841114803110778,0.8376442445378502,9.284742271023886,18.41099772369591,-0.23166102116259213
MAPbBr3_n3_[NH3+]CCCCCC[NH3+]_analysis,Br,3,2,molecule_5,C6H18N2,0.6226468647865392,7.8686945204117755,0.7361826844395086,9.227524069637823,17.268805463233804,-0.11353581965296944
MAPbI3_n3_[NH3+]CCCCCC[NH3+]_analysis,I,3,1,molecule_0,C6H18N2,0.974811541524796,8.978557581351284,0.9793053218398049,10.932674444715884,21.764262752219317,-0.004493780315008911
MAPbI3_n3_[NH3+]CCCCCC[NH3+]_analysis,I,3,2,molecule_5,C6H18N2,0.5689508586777594,6.390872655711714,0.5762146772205283,7.536038191610002,17.918766302983975,-0.007263818542768918
MAPbBr3_n3_[NH3+]CC1CCC(C[NH3+])CC1_analysis,Br,3,1,molecule_1,C8H20N2,0.48414317063125917,5.773526739614782,0.31683821195325174,6.574508122199293,13.873346720447572,0.16730495867800743
MAPbBr3_n3_[NH3+]CC1CCC(C[NH3+])CC1_analysis,Br,3,2,molecule_2,C8H20N2,0.0947548873484697,5.71159846952896,0.3977473319673869,6.204100688844817,8.62284388413028,-0.30299244461891717
MAPbCl3_n3_[NH3+]C1CCC([NH3+])CC1_analysis,Cl,3,1,molecule_1,C6H16N2,0.9146943555713075,7.059605629450937,0.20982229341103173,8.184122278433277,15.928887646232425,0.7048720621602758
MAPbCl3_n3_[NH3+]C1CCC([NH3+])CC1_analysis,Cl,3,2,molecule_5,C6H16N2,0.31956272354108306,4.995853305902895,0.40102181957690525,5.716437849020884,14.42365295767542,-0.08145909603582219
MAPbBr3_n2_CC(C)(C[NH3+])C(C)(C)C[NH3+]_analysis,Br,2,1,molecule_1,C8H22N2,0.8948324680671612,7.9059483291041746,1.2021078946141288,10.002888691785465,26.52357788580304,-0.3072754265469676
MAPbBr3_n2_CC(C)(C[NH3+])C(C)(C)C[NH3+]_analysis,Br,2,2,molecule_2,C8H22N2,0.8501419627675206,8.66422611587032,1.213353642252865,10.727721720890706,23.816271383322587,-0.3632116794853444
MAPbI3_n1_[NH3+]C1CCC([NH3+])CC1_analysis,I,1,1,molecule_0,C6H16N2,0.30369227791287773,8.022810034509417,0.29678408020147157,8.623286392623768,7.484613938650581,0.006908197711406161
MAPbI3_n1_[NH3+]C1CCC([NH3+])CC1_analysis,I,1,2,molecule_1,C6H16N2,0.7234858335296506,8.306723152990543,0.33101327976189604,9.361222266282088,12.694525793987868,0.39247255376775453
MAPbI3_n3_CC(C)(CCCC[NH3+])CCCC[NH3+]_analysis,I,3,1,molecule_0,C11H28N2,0.7938721029905603,10.3603206810287,0.7849169702475055,11.939109754266767,15.238805070281899,0.008955132743054817
MAPbI3_n3_CC(C)(CCCC[NH3+])CCCC[NH3+]_analysis,I,3,2,molecule_5,C11H28N2,0.7517840501626131,10.360333507555643,0.8233196992869788,11.935437257005235,15.203214725673565,-0.07153564912436572
MAPbCl3_n3_[NH3+]CCCCCCC[NH3+]_analysis,Cl,3,1,molecule_1,C7H20N2,0.6833317024602314,8.571245608065738,0.5152953398809681,9.769872650406935,13.984280665266017,0.16803636257926335
MAPbCl3_n3_[NH3+]CCCCCCC[NH3+]_analysis,Cl,3,2,molecule_2,C7H20N2,0.26641508943151987,9.504325763885364,0.40681324823879494,10.17755410155568,7.083388705261501,-0.14039815880727508
MAPbCl3_n3_CC(C)(CCCC[NH3+])C(C)(C)CCCC[N_analysis,Cl,3,1,molecule_0,C14H34N2,1.5001917686336306,12.878879926326615,1.0284998505572116,15.407571545517454,19.634406358753044,0.47169191807641897
MAPbCl3_n3_CC(C)(CCCC[NH3+])C(C)(C)CCCC[N_analysis,Cl,3,2,molecule_3,C14H34N2,0.16905514865709811,10.733001467353008,0.1737298421816723,11.075786458191777,3.193747731065099,-0.004674693524574197
MAPbI3_n1_CC(C)(CCC[NH3+])CCC[NH3+]_analysis,I,1,1,molecule_0,C9H24N2,0.5063963650099863,8.851537071217109,0.5460371562840138,9.90397059251111,11.889839163824321,-0.03964079127402753
MAPbI3_n1_CC(C)(CCC[NH3+])CCC[NH3+]_analysis,I,1,2,molecule_1,C9H24N2,0.5509915215952643,8.85242997913222,0.4982362674419856,9.901657768169468,11.85242686483359,0.0527552541532787
MAPbCl3_n3_CC(C)(C[NH3+])C[NH3+]_analysis,Cl,3,1,molecule_1,C5H16N2,0.3244002039421467,7.5341680834268345,0.11103121154953235,7.969599498918514,5.7794226339270605,0.21336899239261434
MAPbCl3_n3_CC(C)(C[NH3+])C[NH3+]_analysis,Cl,3,2,molecule_5,C5H16N2,0.6908479764188196,4.196409942757513,0.11714795077968296,5.004405869956016,19.254456504970495,0.5737000256391366
MAPbCl3_n2_[NH3+]CCCCCCCCCC[NH3+]_analysis,Cl,2,1,molecule_1,C10H26N2,1.0526108510983108,11.487007672125475,0.4303106630634068,12.96992918628719,12.909554485283357,0.622300188034904
MAPbCl3_n2_[NH3+]CCCCCCCCCC[NH3+]_analysis,Cl,2,2,molecule_2,C10H26N2,0.05540528378402754,11.119564402587864,0.38820938554045487,11.452368504344289,3.989496829761062,-0.33280410175642733
MAPbBr3_n2_CC(C)(C[NH3+])C[NH3+]_analysis,Br,2,1,molecule_1,C5H16N2,0.20901845968355728,7.36319596483386,1.1140382246927065,8.686252649210125,17.96851110163434,-0.9050197650091493
MAPbBr3_n2_CC(C)(C[NH3+])C[NH3+]_analysis,Br,2,2,molecule_3,C5H16N2,0.1489482281459836,7.44939826575646,1.282010266164127,8.88035676006657,19.209048076916073,-1.1330620380181435
MAPbCl3_n1_[NH3+]CCC[NH3+]_analysis,Cl,1,1,molecule_0,C3H12N2,0.4987108208752121,3.7736291307531054,0.6569940707991881,4.929334022427505,30.62582070548505,-0.15828324992397602
MAPbCl3_n1_[NH3+]CCC[NH3+]_analysis,Cl,1,2,molecule_1,C3H12N2,0.7317864216737979,6.953983755291491,0.19329999928426989,7.8790701762495585,13.302970692937588,0.538486422389528
MAPbI3_n1_CC(C)(CCCC[NH3+])CCCC[NH3+]_analysis,I,1,1,molecule_0,C11H28N2,0.685109165313888,10.537120909203121,0.6411278890658473,11.863357963582855,12.586332317980709,0.04398127624804071
MAPbI3_n1_CC(C)(CCCC[NH3+])CCCC[NH3+]_analysis,I,1,2,molecule_1,C11H28N2,0.7185950454481251,10.536608728031068,0.612103134466942,11.867306907946135,12.6292834275505,0.10649191098118316
MAPbBr3_n1_[NH3+]CCCC[NH3+]_analysis,Br,1,1,molecule_0,C4H14N2,0.3101522633632442,7.323850776300132,0.6885445310318263,8.322547570695203,13.6362253259834,-0.37839226766858214
MAPbBr3_n1_[NH3+]CCCC[NH3+]_analysis,Br,1,2,molecule_1,C4H14N2,0.1839614043373669,7.306253680285586,0.5837190152516839,8.073934099874638,10.507168970336707,-0.399757610914317
MAPbCl3_n2_[NH3+]CCC1=CC=C(CC[NH3+])C=C1_analysis,Cl,2,1,molecule_1,C10H18N2,0.31446271856328584,9.041002305050402,0.38271155087634523,9.738176574490033,7.711249769842244,-0.0682488323130594
MAPbCl3_n2_[NH3+]CCC1=CC=C(CC[NH3+])C=C1_analysis,Cl,2,2,molecule_3,C10H18N2,0.09789459029761366,9.555783088417417,0.4830546896905503,10.136732368405582,6.0795570034687545,-0.38516009939293666
MAPbCl3_n2_[NH3+]CCC[NH3+]_analysis,Cl,2,1,molecule_1,C3H12N2,0.03469372078036371,7.118240270756873,0.5849522592838753,7.668498809260385,8.7050444561399,-0.5502585385035116
MAPbCl3_n2_[NH3+]CCC[NH3+]_analysis,Cl,2,2,molecule_3,C3H12N2,0.33714998652098094,7.272293733710715,0.639522366252011,7.5746661134417455,13.430045437323681,-0.30237237973103004
MAPbBr3_n3_CC(C)(CCCC[NH3+])C(C)(C)CCCC[N_analysis,Br,3,1,molecule_0,C14H34N2,0.14837083794087097,14.868772145994974,0.38415300398147323,15.401295987917317,3.5814917109062283,-0.23578216604060226
MAPbBr3_n3_CC(C)(CCCC[NH3+])C(C)(C)CCCC[N_analysis,Br,3,2,molecule_3,C14H34N2,0.284023994141596,11.864128945366202,0.2720034938333981,12.420156433341196,4.686627147559475,0.012020500308197901
MAPbCl3_n3_CC(C)(CC[NH3+])C(C)(C)CC[NH3+]_analysis,Cl,3,1,molecule_1,C10H26N2,0.8333857520060621,9.130115587013288,0.7311311678701204,10.69463250688947,17.135784371684817,0.10225458413594168
MAPbCl3_n3_CC(C)(CC[NH3+])C(C)(C)CC[NH3+]_analysis,Cl,3,2,molecule_4,C10H26N2,0.7092781411796691,9.55562163348776,0.6481283499679195,10.91302812463535,14.20531853616457,0.06114979121174968
MAPbI3_n3_[NH3+]C1=CC=C([NH3+])C=C1_analysis,I,3,1,molecule_0,C6H10N2,0.7946901183927201,7.752521094930484,0.7934842041764488,9.340695417499653,20.48590778563254,0.0012059142162712533
MAPbI3_n3_[NH3+]C1=CC=C([NH3+])C=C1_analysis,I,3,2,molecule_2,C6H10N2,0.5233887738176304,7.544302940504516,0.5251772596150746,8.592868973937222,13.898779538704254,-0.0017884857974441726
MAPbI3_n3_[NH3+]CCCC[NH3+]_analysis,I,3,1,molecule_0,C4H14N2,1.2860154624055058,6.633345207370062,1.2744330753128263,9.193793745088394,38.599657603730826,0.011582387092679447
MAPbI3_n3_[NH3+]CCCC[NH3+]_analysis,I,3,2,molecule_5,C4H14N2,1.0019879838336514,6.247530477926475,0.9909755096668916,8.240493971427018,31.90002034471064,0.011012474166759767
MAPbBr3_n1_[NH3+]CCC1CCC(CC[NH3+])CC1_analysis,Br,1,1,molecule_0,C10H24N2,0.17696519727225282,11.748415097187856,0.2856829645337738,12.211063258993883,3.937962337717943,-0.10871776726152096
MAPbBr3_n1_[NH3+]CCC1CCC(CC[NH3+])CC1_analysis,Br,1,2,molecule_1,C10H24N2,0.5906977313913283,11.036061185819822,0.7463999495207307,12.373158866731881,12.115714641289674,-0.15570221812940244
MAPbI3_n2_[NH3+]CCC[NH3+]_analysis,I,2,1,molecule_0,C3H12N2,0.37854812610676747,4.130604673083777,0.37803059132579653,4.88718339051634,18.31641556895171,0.0005175347809709407
MAPbI3_n2_[NH3+]CCC[NH3+]_analysis,I,2,2,molecule_3,C3H12N2,0.37242545004298633,4.13794681796006,0.37689438982079726,4.887266657823844,18.10849372474985,-0.004468939777810932
MAPbCl3_n2_[NH3+]CCCCCCCCC[NH3+]_analysis,Cl,2,1,molecule_1,C9H24N2,0.061023874543521796,9.162401100286706,0.12025395152655453,9.103171023303673,1.978496947316614,-0.05923007698303274
MAPbCl3_n2_[NH3+]CCCCCCCCC[NH3+]_analysis,Cl,2,2,molecule_2,C9H24N2,1.3049623159320436,9.888465804454025,1.1988816766439616,12.39230979703003,25.320854034285155,0.10608063928808198
MAPbCl3_n2_[NH3+]CCCCCCCC[NH3+]_analysis,Cl,2,1,molecule_1,C8H22N2,0.32756486414897246,12.056592159024667,0.4801683722930245,12.864325395466667,6.699515300742656,-0.15260350814405205
MAPbCl3_n2_[NH3+]CCCCCCCC[NH3+]_analysis,Cl,2,2,molecule_2,C8H22N2,0.2934380620622741,12.113523701433751,0.4766631323430397,12.883624895839066,6.357367297792672,-0.18322507028076562
MAPbBr3_n3_[NH3+]CCCC[NH3+]_analysis,Br,3,1,molecule_1,C4H14N2,0.6336024535161339,6.222139573014059,1.0620618556677666,7.917803882197958,27.25210981344968,-0.4284594021516327
MAPbBr3_n3_[NH3+]CCCC[NH3+]_analysis,Br,3,2,molecule_5,C4H14N2,0.7787695187164736,6.215239065281103,0.9888033103504799,7.982811894348056,28.439337739086785,-0.21003379163400626
MAPbCl3_n2_[NH3+]CCCCCCC[NH3+]_analysis,Cl,2,1,molecule_1,C7H20N2,0.18028959291151447,8.850210155331402,0.21072993867083795,8.880650501090726,4.41819487582225,-0.030440345759323473
MAPbCl3_n2_[NH3+]CCCCCCC[NH3+]_analysis,Cl,2,2,molecule_2,C7H20N2,0.9397464031439655,11.508525193831435,0.6299758370933085,11.198754627780781,13.639647251053894,0.309770566050657
MAPbCl3_n1_CC(C)(CCC[NH3+])C(C)(C)CCC[NH3_analysis,Cl,1,1,molecule_0,C12H30N2,0.04496825092412118,10.460064279256407,0.042817673460176585,10.547850203640706,0.8392484218131244,0.002150577463944592
MAPbCl3_n1_CC(C)(CCC[NH3+])C(C)(C)CCC[NH3_analysis,Cl,1,2,molecule_1,C12H30N2,0.8320042232229913,14.815416246311301,0.8347232300318329,13.148688793056476,11.24995359931113,-0.0027190068088416286
MAPbBr3_n3_CC(C)(CCC[NH3+])C(C)(C)CCC[NH3_analysis,Br,3,1,molecule_0,C12H30N2,0.19508571303707237,11.303381485415029,0.891540748465756,12.390007946917857,9.613286633782321,-0.6964550354286837
MAPbBr3_n3_CC(C)(CCC[NH3+])C(C)(C)CCC[NH3_analysis,Br,3,2,molecule_4,C12H30N2,0.5668498007827263,12.57320577305479,0.45448702531599133,13.594542599153506,8.123121855585232,0.11236277546673495
MAPbBr3_n3_[NH3+]CCCC1=CC=C(CCC[NH3+])C=C_analysis,Br,3,1,molecule_3,C12H22N2,0.34491340373914775,8.207900083929156,0.8252453875760524,9.378058875244355,14.256494101412601,-0.4803319838369046
MAPbBr3_n3_[NH3+]CCCC1=CC=C(CCC[NH3+])C=C_analysis,Br,3,2,molecule_5,C12H22N2,0.30193565619622087,9.212271558181145,0.897010793127629,10.411218007504994,13.014666814278844,-0.5950751369314081
MAPbBr3_n2_CC(C)(CC[NH3+])C(C)(C)CC[NH3+]_analysis,Br,2,1,molecule_1,C10H26N2,0.46544845987440153,9.53519599494774,0.9167686604054219,10.917413115227564,14.495948704276204,-0.4513202005310204
MAPbBr3_n2_CC(C)(CC[NH3+])C(C)(C)CC[NH3+]_analysis,Br,2,2,molecule_2,C10H26N2,0.9631103272251245,10.137906537669295,0.3893354933448882,11.490352358239306,13.340484206919312,0.5737748338802362
MAPbBr3_n1_[NH3+]CCCCCCCCC[NH3+]_analysis,Br,1,1,molecule_0,C9H24N2,0.44105479575099105,11.53427248122691,0.4226050739981142,12.397932350976014,7.4877706518099965,0.018449721752876846
MAPbBr3_n1_[NH3+]CCCCCCCCC[NH3+]_analysis,Br,1,2,molecule_1,C9H24N2,0.34699114359873184,11.536874760285944,0.4089389696354492,12.292804873520124,6.552295391437925,-0.061947826036717335
MAPbI3_n1_[NH3+]CCCCCCCC[NH3+]_analysis,I,1,1,molecule_0,C8H22N2,0.1369105371761723,8.513477506813254,0.05609877253561952,8.320468197101462,2.26710306754588,0.08081176464055279
MAPbI3_n1_[NH3+]CCCCCCCC[NH3+]_analysis,I,1,2,molecule_1,C8H22N2,0.44237542777137,12.031904133450873,0.26743696522390487,11.856965670903406,5.8994186217114875,0.17493846254746515
MAPbI3_n1_[NH3+]CCC[NH3+]_analysis,I,1,1,molecule_0,C3H12N2,0.3798311476614352,4.092275281886683,0.4177084075593334,4.889814837107451,19.48890287881794,-0.0378772598978982
MAPbI3_n1_[NH3+]CCC[NH3+]_analysis,I,1,2,molecule_1,C3H12N2,0.4053489874474336,4.092119530334674,0.3924689549498588,4.889937472731966,19.49644765953459,0.0128800324975748
MAPbCl3_n1_[NH3+]CCCCCCCC[NH3+]_analysis,Cl,1,1,molecule_0,C8H22N2,0.45506194574136205,8.97925427780948,0.2622262742382064,8.26196605782991,7.9882827436150246,0.19283567150315567
MAPbCl3_n1_[NH3+]CCCCCCCC[NH3+]_analysis,Cl,1,2,molecule_1,C8H22N2,0.5403542578111805,11.244780607225538,1.1267455439222605,11.831171893336618,14.825543156104048,-0.5863912861110799
MAPbBr3_n3_[NH3+]CCCCCCCCC[NH3+]_analysis,Br,3,1,molecule_2,C9H24N2,0.5068579305864128,11.340862567975787,1.060068458775,12.907788957337198,13.816642076115832,-0.5532105281885872
MAPbBr3_n3_[NH3+]CCCCCCCCC[NH3+]_analysis,Br,3,2,molecule_4,C9H24N2,0.504776701049144,10.637233695546616,0.6837081877679237,11.825718584363685,11.172875606884888,-0.1789314867187798
MAPbI3_n2_CC(C)(CCCC[NH3+])C(C)(C)CCCC[N_analysis,I,2,1,molecule_0,C14H34N2,0.19841373839046433,11.769971201475146,0.452090450217377,12.420475390082988,5.526812066679592,-0.25367671182691265
MAPbI3_n2_CC(C)(CCCC[NH3+])C(C)(C)CCCC[N_analysis,I,2,2,molecule_3,C14H34N2,1.138871429383855,12.835029890390278,1.0796409719675721,15.053542291741705,17.28482458005377,0.05923045741628297
MAPbBr3_n1_[NH3+]CC1=CC=C(C[NH3+])C=C1_analysis,Br,1,1,molecule_0,C8H14N2,0.011520259365554163,9.408509561241523,0.752753201712489,10.149742503588458,8.123215011934278,-0.7412329423469349
MAPbBr3_n1_[NH3+]CC1=CC=C(C[NH3+])C=C1_analysis,Br,1,2,molecule_1,C8H14N2,0.025597358772775372,6.87699801776495,0.5893489094330074,7.440749568425181,8.942074239620656,-0.5637515506602321
MAPbCl3_n2_CC(C)(CCCC[NH3+])C(C)(C)CCCC[N_analysis,Cl,2,1,molecule_1,C14H34N2,1.240992505715502,13.084920917069686,0.919984357097745,15.245897779882931,16.515016609647105,0.32100814861775706
MAPbCl3_n2_CC(C)(CCCC[NH3+])C(C)(C)CCCC[N_analysis,Cl,2,2,molecule_2,C14H34N2,0.23152556662779117,11.104040592556142,0.21980437694630983,11.555370536130244,4.064555958816116,0.011721189681481337
MAPbI3_n2_CC(C)(CCCC[NH3+])CCCC[NH3+]_analysis,I,2,1,molecule_0,C11H28N2,0.7681926845898468,10.443832653764217,0.744868623308904,11.956893961662969,14.487605824988073,0.023324061280942776
MAPbI3_n2_CC(C)(CCCC[NH3+])CCCC[NH3+]_analysis,I,2,2,molecule_1,C11H28N2,0.7262255394015781,10.443916176470845,0.7847224278593975,11.954864143731822,14.467254827887249,-0.05849688845781942
MAPbI3_n2_[NH3+]CCC1CCC(CC[NH3+])CC1_analysis,I,2,1,molecule_1,C10H24N2,0.42201855343942707,7.219869020963116,0.9084186512899141,8.550306225692458,18.427442393572168,-0.486400097850487
MAPbI3_n2_[NH3+]CCC1CCC(CC[NH3+])CC1_analysis,I,2,2,molecule_3,C10H24N2,0.8525717996252515,8.653307761315864,0.8396703476331123,10.345549908574228,19.556014808850776,0.012901451992139212
MAPbCl3_n3_CC(C)(C[NH3+])C(C)(C)C[NH3+]_analysis,Cl,3,1,molecule_2,C8H22N2,0.48061300802483414,8.232051197995265,0.29425009754711096,9.006914303567209,9.412758581489944,0.1863629104777232
MAPbCl3_n3_CC(C)(C[NH3+])C(C)(C)C[NH3+]_analysis,Cl,3,2,molecule_4,C8H22N2,0.36261268007203157,8.560222388949466,0.30603711902817265,9.228872188049671,7.811126495537961,0.05657556104385891
MAPbBr3_n2_[NH3+]CCCCCCCCC[NH3+]_analysis,Br,2,1,molecule_1,C9H24N2,0.6082060718254844,11.320101569256963,0.5372647439272257,12.465572385009672,10.118909346746236,0.07094132789825869
MAPbBr3_n2_[NH3+]CCCCCCCCC[NH3+]_analysis,Br,2,2,molecule_2,C9H24N2,0.2887949867206558,11.317806495357155,0.5314766297303657,12.138078111808177,7.247620082456059,-0.2426816430097099
MAPbCl3_n1_[NH3+]CCCCCCCCCC[NH3+]_analysis,Cl,1,1,molecule_0,C10H26N2,0.9511338113372726,12.62627863614084,1.4665979413133667,15.04401038879148,19.148411201145542,-0.5154641299760941
MAPbCl3_n1_[NH3+]CCCCCCCCCC[NH3+]_analysis,Cl,1,2,molecule_1,C10H26N2,0.34266180051313005,10.855413537914956,0.6983402659113501,9.814411471490477,9.589704369976767,-0.35567846539822007
MAPbBr3_n2_[NH3+]CC1CCC(C[NH3+])CC1_analysis,Br,2,1,molecule_1,C8H20N2,0.08823592004331571,5.7275903760659705,0.9285838267969461,6.567938282819601,17.75301095359879,-0.8403479067536304
MAPbBr3_n2_[NH3+]CC1CCC(C[NH3+])CC1_analysis,Br,2,2,molecule_2,C8H20N2,0.6365353197440761,5.779010732332285,0.18399281364411696,6.599538865720478,14.198418577032914,0.4525425060999591
MAPbBr3_n3_[NH3+]CCCCCCCCCC[NH3+]_analysis,Br,3,1,molecule_1,C10H26N2,0.40092617271615927,11.461360962936105,0.5910934763984181,12.45338061205068,8.655339032795348,-0.19016730368225887
MAPbBr3_n3_[NH3+]CCCCCCCCCC[NH3+]_analysis,Br,3,2,molecule_4,C10H26N2,0.6685519417413278,12.102585747622816,0.7191504766906307,13.490288166054775,11.466164730165454,-0.05059853494930289
MAPbI3_n1_[NH3+]CC1=CC=C(C[NH3+])C=C1_analysis,I,1,1,molecule_0,C8H14N2,0.9337022712678543,8.335850751636578,0.9387829384464642,10.208335961350896,22.463036653417692,-0.005080667178609888
MAPbI3_n1_[NH3+]CC1=CC=C(C[NH3+])C=C1_analysis,I,1,2,molecule_1,C8H14N2,0.9159386434598955,8.310054943054746,0.8638905076337975,10.08988409414844,21.41777838161241,0.05204813582609802
MAPbBr3_n2_[NH3+]CCC[NH3+]_analysis,Br,2,1,molecule_1,C3H12N2,0.2014378659651599,4.09735214656524,0.5867573865799202,4.88554739911032,19.236697856341554,-0.38531952061476027
MAPbBr3_n2_[NH3+]CCC[NH3+]_analysis,Br,2,2,molecule_3,C3H12N2,0.44310892711773464,4.064589051273758,0.3825569846876993,4.890254963079192,20.313638141270083,0.060551942430035366
MAPbBr3_n1_[NH3+]CCCCCCC[NH3+]_analysis,Br,1,1,molecule_0,C7H20N2,0.41512397357849234,9.095925714031736,0.4333105075555119,9.944360195165737,9.327632038871817,-0.01818653397701958
MAPbBr3_n1_[NH3+]CCCCCCC[NH3+]_analysis,Br,1,2,molecule_1,C7H20N2,0.3879575390493587,9.096176832070928,0.3825681362765355,9.866702507396822,8.47087396772242,0.005389402772823182
MAPbI3_n2_CC(C)(CCC[NH3+])C(C)(C)CCC[NH3_analysis,I,2,1,molecule_0,C12H30N2,1.0777374416553074,9.566651100761852,0.6333864647521595,11.27777500716932,17.88634171336299,0.44435097690314784
MAPbI3_n2_CC(C)(CCC[NH3+])C(C)(C)CCC[NH3_analysis,I,2,2,molecule_2,C12H30N2,1.9495759427555535,10.553304405542665,1.5211415235520807,14.024021871850298,32.887495072015454,0.4284344192034728
MAPbCl3_n1_[NH3+]CCCCC[NH3+]_analysis,Cl,1,1,molecule_0,C5H16N2,0.3521511820877706,6.665284523546065,0.34058174029739174,7.358017445931227,10.393148558594683,0.011569441790378832
MAPbCl3_n1_[NH3+]CCCCC[NH3+]_analysis,Cl,1,2,molecule_1,C5H16N2,0.35359882452748054,6.664819415239686,0.3617506103538863,7.380168850121052,10.73321556538589,-0.008151785826405744
MAPbI3_n2_[NH3+]CC1=CC=C(C[NH3+])C=C1_analysis,I,2,1,molecule_2,C8H14N2,1.0670813711356064,8.153705295145206,1.0670300041838414,10.287816670464656,26.173516187666458,5.136695176499728e-05
MAPbI3_n2_[NH3+]CC1=CC=C(C[NH3+])C=C1_analysis,I,2,2,molecule_3,C8H14N2,1.04299510997453,8.058630429746966,1.0393035155683563,10.140929055289853,25.839361212749758,0.003691594406173726
MAPbCl3_n3_[NH3+]CCCCCC[NH3+]_analysis,Cl,3,1,molecule_1,C6H18N2,0.423022777297044,6.982964642771476,0.5980324473273911,8.004019867395911,14.622087850342993,-0.17500967003034712
MAPbCl3_n3_[NH3+]CCCCCC[NH3+]_analysis,Cl,3,2,molecule_2,C6H18N2,0.797242882137959,6.382277709505676,0.06682693595376357,7.246347527597399,13.538580698310716,0.7304159461841955
MAPbCl3_n1_[NH3+]CCC1CCC(CC[NH3+])CC1_analysis,Cl,1,1,molecule_0,C10H24N2,0.43567460376297223,9.877812545835187,0.2843323406077143,10.597819490205875,7.289133510376902,0.15134226315525795
MAPbCl3_n1_[NH3+]CCC1CCC(CC[NH3+])CC1_analysis,Cl,1,2,molecule_1,C10H24N2,0.33144641688600446,7.714182983496933,0.5334312792285607,8.5790606796115,11.211526845614255,-0.20198486234255625
MAPbI3_n3_CC(C)(CCCC[NH3+])C(C)(C)CCCC[N_analysis,I,3,1,molecule_0,C14H34N2,0.25581009597779963,11.45498770925506,0.5352449217108677,12.246042726943728,6.905769240149723,-0.27943482573306805
MAPbI3_n3_CC(C)(CCCC[NH3+])C(C)(C)CCCC[N_analysis,I,3,2,molecule_5,C14H34N2,1.1554827469996218,12.79902008133734,1.2063424374086003,15.16084526574556,18.453171956906882,-0.05085969040897842
MAPbBr3_n1_[NH3+]CCCCC[NH3+]_analysis,Br,1,1,molecule_0,C5H16N2,0.4121146572379951,6.5831739828575815,0.4206647607888512,7.415953400884428,12.650120142584456,-0.008550103550856059
MAPbBr3_n1_[NH3+]CCCCC[NH3+]_analysis,Br,1,2,molecule_1,C5H16N2,0.38510235855235037,6.5831037904243885,0.39059661945863117,7.35880276843537,11.783180133652047,-0.005494260906280801
MAPbCl3_n3_CC(C)(CCC[NH3+])CCC[NH3+]_analysis,Cl,3,1,molecule_2,C9H24N2,0.28741831714212546,10.616826413085127,0.28678160157362254,11.191026331800874,5.408395092605571,0.0006367155685029213
MAPbCl3_n3_CC(C)(CCC[NH3+])CCC[NH3+]_analysis,Cl,3,2,molecule_4,C9H24N2,0.33209556800196555,10.690054678018914,0.47160811819427817,11.493758364215157,7.518237374864264,-0.13951255019231262
MAPbBr3_n2_CC(C)(CCC[NH3+])C(C)(C)CCC[NH3_analysis,Br,2,1,molecule_1,C12H30N2,0.03616158628066573,11.704192044986552,0.7207521375830421,12.46110576885026,6.46703096595146,-0.6845905513023764
MAPbBr3_n2_CC(C)(CCC[NH3+])C(C)(C)CCC[NH3_analysis,Br,2,2,molecule_2,C12H30N2,0.38354314931814254,12.315000221305175,0.35330073023226943,13.051844100855588,5.983303827113691,0.030242419085873107
MAPbBr3_n2_[NH3+]CCC1CCC(CC[NH3+])CC1_analysis,Br,2,1,molecule_1,C10H24N2,0.22625300230154613,8.538116030748718,1.0137866161878193,9.778155649238082,14.523574217351376,-0.7875336138862732
MAPbBr3_n2_[NH3+]CCC1CCC(CC[NH3+])CC1_analysis,Br,2,2,molecule_2,C10H24N2,0.7130435937065509,7.307700350365292,0.6836995937737674,8.704443537845611,19.113306793025508,0.02934399993278347
MAPbI3_n2_[NH3+]CCCC[NH3+]_analysis,I,2,1,molecule_0,C4H14N2,0.8644254464589957,7.148352442950504,1.1480540833684023,9.160831972777903,28.153054090275674,-0.28362863690940665
MAPbI3_n2_[NH3+]CCCC[NH3+]_analysis,I,2,2,molecule_1,C4H14N2,0.7100900317842436,6.672166159590616,0.789645051756125,8.171901243130986,22.477484038442892,-0.07955501997188141
MAPbBr3_n1_[NH3+]C1CCC([NH3+])CC1_analysis,Br,1,1,molecule_0,C6H16N2,0.054773802842387205,8.454915026595119,0.0602334809330106,8.569922310370517,1.3602417459387812,-0.005459678090623393
MAPbBr3_n1_[NH3+]C1CCC([NH3+])CC1_analysis,Br,1,2,molecule_1,C6H16N2,0.11646073607425873,8.037713866389984,0.11419363816566662,8.26836824062991,2.869651471476432,0.002267097908592114
MAPbI3_n2_[NH3+]CCCCCCCCC[NH3+]_analysis,I,2,1,molecule_0,C9H24N2,1.485593820296806,8.63495333040078,1.6546173190788944,11.775164469776481,36.36627807031763,-0.16902349878208844
MAPbI3_n2_[NH3+]CCCCCCCCC[NH3+]_analysis,I,2,2,molecule_1,C9H24N2,0.07671442846496229,8.407001959977286,0.1903588613419044,8.520646392854228,3.176795855149156,-0.11364443287694212
MAPbCl3_n1_CC(C)(C[NH3+])C[NH3+]_analysis,Cl,1,1,molecule_0,C5H16N2,0.46388426616682754,7.920803392552831,0.4953094045867934,8.879997063306453,12.109802796714515,-0.03142513841996586
MAPbCl3_n1_CC(C)(C[NH3+])C[NH3+]_analysis,Cl,1,2,molecule_1,C5H16N2,0.7873300956898026,7.692739205362776,0.7031982394849096,7.77687106156767,19.375781439927568,0.08413185620489305
MAPbI3_n1_CC(C)(CCCC[NH3+])C(C)(C)CCCC[N_analysis,I,1,1,molecule_0,C14H34N2,1.1610716870135462,13.920577921012269,0.20498307698309254,15.286632685008907,9.813204392431594,0.9560886100304538
MAPbI3_n1_CC(C)(CCCC[NH3+])C(C)(C)CCCC[N_analysis,I,1,2,molecule_1,C14H34N2,0.06806215515141988,12.456824232656981,0.1538080416899342,12.234954035815626,1.7811136506180774,-0.08574588653851432
MAPbCl3_n1_[NH3+]CCCC1=CC=C(CCC[NH3+])C=C_analysis,Cl,1,1,molecule_0,C12H22N2,0.7823323288037419,11.407141826559565,0.15481595242752952,10.779625450183353,8.215452174437624,0.6275163763762124
MAPbCl3_n1_[NH3+]CCCC1=CC=C(CCC[NH3+])C=C_analysis,Cl,1,2,molecule_1,C12H22N2,0.7147134785561511,10.230176906679992,1.0917911185968043,12.036681503832948,17.658586099067,-0.37707764004065325
MAPbI3_n3_[NH3+]CC1=CC=C(C[NH3+])C=C1_analysis,I,3,1,molecule_0,C8H14N2,1.1352340664973812,7.8837940555303625,1.12944464896544,10.148472770993184,28.725746759888832,0.005789417531941288
MAPbI3_n3_[NH3+]CC1=CC=C(C[NH3+])C=C1_analysis,I,3,2,molecule_4,C8H14N2,1.160907358210094,7.996644434841073,1.1548250217075433,10.31237681475871,28.95880139209492,0.006082336502550634
MAPbI3_n1_CC(C)(CC[NH3+])CC[NH3+]_analysis,I,1,1,molecule_0,C7H20N2,0.6082912289164403,5.981918682268898,0.6125620291244583,7.2027719403097965,20.40905807796501,-0.004270800208018066
MAPbI3_n1_CC(C)(CC[NH3+])CC[NH3+]_analysis,I,1,2,molecule_1,C7H20N2,0.6097262276976398,5.981924336058029,0.6110814721428706,7.202732035898539,20.408277190697447,-0.0013552444452307189
MAPbCl3_n2_CC(C)(CC[NH3+])CC[NH3+]_analysis,Cl,2,1,molecule_1,C7H20N2,0.6306831785096887,6.341492730960515,0.4025398479156551,7.374715757385859,16.29305701764711,0.22814333059403358
MAPbCl3_n2_CC(C)(CC[NH3+])CC[NH3+]_analysis,Cl,2,2,molecule_2,C7H20N2,0.5259186143490402,6.221973348862309,0.6455300062482966,7.393421969459645,18.827605888275574,-0.1196113918992564
MAPbBr3_n1_[NH3+]C1=CC=C([NH3+])C=C1_analysis,Br,1,1,molecule_0,C6H10N2,0.10180411703796956,7.878464560097324,0.10923080361766836,8.089499480752963,2.6786300686618936,-0.007426686579698805
MAPbBr3_n1_[NH3+]C1=CC=C([NH3+])C=C1_analysis,Br,1,2,molecule_1,C6H10N2,0.15819095763480406,8.69679909919953,0.14091136383861183,8.995901420672945,3.439223075774463,0.017279593796192233
MAPbCl3_n1_CC(C)(C[NH3+])C(C)(C)C[NH3+]_analysis,Cl,1,1,molecule_0,C8H22N2,0.03398312145544709,5.641875050107122,0.7541284799325049,6.36202040858418,13.968965891454618,-0.7201453584770577
MAPbCl3_n1_CC(C)(C[NH3+])C(C)(C)C[NH3+]_analysis,Cl,1,2,molecule_1,C8H22N2,0.9172339043546127,8.963734236444315,0.4055530689738693,9.47541507182506,14.757097192265686,0.5116808353807434
MAPbCl3_n2_[NH3+]CCCC1CCC(CCC[NH3+])CC1_analysis,Cl,2,1,molecule_0,C12H28N2,0.4032955774535075,12.702006989804694,0.3063600206814061,13.411662587939608,5.586956444792708,0.09693555677210142
MAPbCl3_n2_[NH3+]CCCC1CCC(CCC[NH3+])CC1_analysis,Cl,2,2,molecule_1,C12H28N2,0.7138216056331732,12.872505809095701,0.6990569803053475,14.285384395034223,10.975940558054997,0.014764625327825742
