experiment_key,experiment_full,halogen_X,n_layers,energy_per_atom_eV,total_energy_eV,n_total_atoms,chemical_formula,molecule_name,penetration_percentage,penetration_asymmetry,low_plane_to_high_plane,A,B,C,Alpha,Beta,Gamma,a_over_b,alpha_over_beta
MAPbI3_n3_[NH3+]CCCCC[NH3+]_analysis,MAPbI3_n3_[NH3+]CCCCC[NH3+],I,3,-2.145866357307692,-462.97108276,104,MAPbI3_[NH3+]CCCCC[NH3+],[NH3+]CCCCC[NH3+],24.657564718088445,-0.018357022268241263,5.837955289712973,8.608094268701464,8.759514201574795,24.94591901512356,89.86828993645854,90.30655232890992,90.00374946984512,0.9827136608961592,0.9951469480214995
MAPbI3_n2_[NH3+]CCCCCC[NH3+]_analysis,MAPbI3_n2_[NH3+]CCCCCC[NH3+],I,2,-1.771451347558139,-426.58144321,86,MAPbI3_[NH3+]CCCCCC[NH3+],[NH3+]CCCCCC[NH3+],27.687268811949526,-0.07043420843436754,7.2902708678938986,8.794424511634345,8.616741214359845,18.4719555520681,90.20951982432469,78.95898206441656,89.75110904207583,1.0206207071622844,1.1424858510806242
MAPbI3_n1_CC(C)(C[NH3+])C[NH3+]_analysis,MAPbI3_n1_CC(C)(C[NH3+])C[NH3+],I,1,-1.4306429219642862,-320.39183029000003,56,MAPbI3_CC(C)(C[NH3+])C[NH3+],CC(C)(C[NH3+])C[NH3+],6.532418802001395,-0.5186698638163096,8.597031952333401,8.513857745763664,8.924695221540844,10.670464654828029,89.98717700217881,91.71044136033453,89.98970995480842,0.9539662178283048,0.9812097256038173
MAPbCl3_n3_[NH3+]CCC1=CC=C(CC[NH3+])C=C1_analysis,MAPbCl3_n3_[NH3+]CCC1=CC=C(CC[NH3+])C=C1,Cl,3,-2.009303874322034,-586.79821165,118,MAPbCl3_[NH3+]CCC1=CC=C(CC[NH3+])C=C1,[NH3+]CCC1=CC=C(CC[NH3+])C=C1,12.154302056068607,-0.11659850688653986,8.753505305649657,7.98417913587729,7.695005287293606,23.858154318038604,87.00034344466175,99.1890037474251,89.06058444012291,1.0375794216881413,0.8771168189792433
MAPbCl3_n1_[NH3+]C1CCC([NH3+])CC1_analysis,MAPbCl3_n1_[NH3+]C1CCC([NH3+])CC1,Cl,1,-1.499224857586207,-346.39705678,58,MAPbCl3_[NH3+]C1CCC([NH3+])CC1,[NH3+]C1CCC([NH3+])CC1,13.504744456479852,0.17173254730138465,6.844971694105477,8.511141043192492,7.463742996364062,9.955048309903885,82.69716614640947,83.53578997747137,84.0945709681838,1.1403314727394374,0.9899609038079599
MAPbBr3_n2_[NH3+]CCCCCC[NH3+]_analysis,MAPbBr3_n2_[NH3+]CCCCCC[NH3+],Br,2,-1.8523137097674411,-433.53560636,86,MAPbBr3_[NH3+]CCCCCC[NH3+],[NH3+]CCCCCC[NH3+],16.56407980429843,-0.08656522979680861,8.05855919838056,8.181113410935891,8.15334923369463,18.68156096709638,83.11855966111968,83.48699983882383,89.44592955169405,1.0034052481312248,0.9955868556971091
MAPbCl3_n3_[NH3+]CC1=CC=C(C[NH3+])C=C1_analysis,MAPbCl3_n3_[NH3+]CC1=CC=C(C[NH3+])C=C1,Cl,3,-2.1529042636792464,-518.0350004700001,106,MAPbCl3_[NH3+]CC1=CC=C(C[NH3+])C=C1,[NH3+]CC1=CC=C(C[NH3+])C=C1,17.50316201957441,0.1258825158240437,7.349112631718663,7.802415547055481,7.786065483331947,23.126862732920696,90.53620215757202,91.61750738204857,89.36577587423638,1.0020999134618809,0.9881976135852784
MAPbBr3_n2_[NH3+]CCCCCCC[NH3+]_analysis,MAPbBr3_n2_[NH3+]CCCCCCC[NH3+],Br,2,-1.733826000652174,-467.83038492,92,MAPbBr3_[NH3+]CCCCCCC[NH3+],[NH3+]CCCCCCC[NH3+],17.502159918857856,-0.33037621722922383,8.755039740958775,8.154864151617204,8.26095685891902,19.667366218282073,98.4953994444594,97.49501321593772,91.52029590448805,0.9871573342999278,1.010260896383551
MAPbBr3_n1_[NH3+]CCCC1=CC=C(CCC[NH3+])C=C_analysis,MAPbBr3_n1_[NH3+]CCCC1=CC=C(CCC[NH3+])C=C1,Br,1,-1.0420430454878054,-504.02979813,82,MAPbBr3_[NH3+]CCCC1=CC=C(CCC[NH3+])C=C1,[NH3+]CCCC1=CC=C(CCC[NH3+])C=C1,1.9966304365383452,0.0525059559679218,10.909428648701775,8.194507876885162,7.863721061100026,15.822731863529683,76.8277905578165,95.22479815013189,88.62292936640566,1.0420649223459184,0.8068044464288537
MAPbI3_n2_[NH3+]CCCCC[NH3+]_analysis,MAPbI3_n2_[NH3+]CCCCC[NH3+],I,2,-1.900350174625,-391.82899557,80,MAPbI3_[NH3+]CCCCC[NH3+],[NH3+]CCCCC[NH3+],26.458907470395317,0.00758703021769358,5.710041829485679,8.515233168028283,8.62462663201727,18.5047948978502,89.8234450421115,90.02043858847475,90.0010167024446,0.9873161507556879,0.997811679775703
MAPbI3_n3_CC(C)(CC[NH3+])CC[NH3+]_analysis,MAPbI3_n3_CC(C)(CC[NH3+])CC[NH3+],I,3,-1.9290003975862056,-532.1361102399999,116,MAPbI3_CC(C)(CC[NH3+])CC[NH3+],CC(C)(CC[NH3+])CC[NH3+],20.442490439163695,-0.01811455798576972,6.039291956184999,8.608891515992607,8.744740935350555,25.107756068536904,89.99847734104209,90.16411059880568,89.99579884279737,0.9844650149887485,0.9981629801850918
MAPbCl3_n1_[NH3+]CCCCCCCCC[NH3+]_analysis,MAPbCl3_n1_[NH3+]CCCCCCCCC[NH3+],Cl,1,-1.0902085624999998,-464.06439434,80,MAPbCl3_[NH3+]CCCCCCCCC[NH3+],[NH3+]CCCCCCCCC[NH3+],16.555246422411614,-0.2983302247728329,9.94399221725196,7.835109053105901,7.455660059080379,16.11798180970125,97.9420924554585,114.762625654885,87.53159046036022,1.0508940846308281,0.8534319591989005
MAPbBr3_n1_CC(C)(CCCC[NH3+])C(C)(C)CCCC[N_analysis,MAPbBr3_n1_CC(C)(CCCC[NH3+])C(C)(C)CCCC[NH3+],Br,1,-0.7848400141818171,-634.2716667999999,110,MAPbBr3_CC(C)(CCCC[NH3+])C(C)(C)CCCC[NH3+],CC(C)(CCCC[NH3+])C(C)(C)CCCC[NH3+],0.166141556249389,-0.003324575247830626,13.8418229666032,7.806941592311362,8.345247321903612,18.13738153337955,72.01687009254127,90.08541257237886,89.72442942612982,0.9354955331066859,0.7994287647256932
MAPbI3_n3_[NH3+]CCC[NH3+]_analysis,MAPbI3_n3_[NH3+]CCC[NH3+],I,3,-2.424927003913042,-394.1821517399999,92,MAPbI3_[NH3+]CCC[NH3+],[NH3+]CCC[NH3+],24.070641594845693,-0.002521507795129968,3.9354956094781635,8.538908250001196,8.782534177528268,22.99642759508035,89.9536279846194,90.60191407095387,90.00393272264732,0.9722601788273784,0.9928446756011493
MAPbI3_n1_[NH3+]CCCCCCC[NH3+]_analysis,MAPbI3_n1_[NH3+]CCCCCCC[NH3+],I,1,-1.1935088148529407,-389.47699227,68,MAPbI3_[NH3+]CCCCCCC[NH3+],[NH3+]CCCCCCC[NH3+],13.280228571979467,0.0013735764141508677,8.648057960779635,8.519339064294128,8.67486442982722,15.098868553224175,89.4988312349755,89.75172026133139,90.00983820907344,0.9820717237956662,0.9971823489776068
MAPbBr3_n2_CC(C)(CCC[NH3+])CCC[NH3+]_analysis,MAPbBr3_n2_CC(C)(CCC[NH3+])CCC[NH3+],Br,2,-1.5356927564423075,-536.69249789,104,MAPbBr3_CC(C)(CCC[NH3+])CCC[NH3+],CC(C)(CCC[NH3+])CCC[NH3+],13.261355736940978,-0.4219235629306179,10.13884573119283,8.140628256138156,8.254915087677173,20.178048372548293,97.81474814939082,90.23427133440012,91.7225857644563,0.9861552989552099,1.0840088439003197
MAPbBr3_n3_[NH3+]CC1=CC=C(C[NH3+])C=C1_analysis,MAPbBr3_n3_[NH3+]CC1=CC=C(C[NH3+])C=C1,Br,3,-2.1196025825471705,-514.50502227,106,MAPbBr3_[NH3+]CC1=CC=C(C[NH3+])C=C1,[NH3+]CC1=CC=C(C[NH3+])C=C1,16.33126389614235,-0.2619282631758447,9.124125104270725,8.221076812656383,8.122800974437432,24.537954468789724,93.60064456665665,90.07577216857814,89.26072835016629,1.012098762302342,1.039132302873648
MAPbCl3_n3_[NH3+]CCCC[NH3+]_analysis,MAPbCl3_n3_[NH3+]CCCC[NH3+],Cl,3,-2.418761500612246,-442.4665265600001,98,MAPbCl3_[NH3+]CCCC[NH3+],[NH3+]CCCC[NH3+],19.23424723434185,0.0785399128898231,7.7190817363668955,7.677269411333978,7.992296407913144,22.093278620347412,90.79271823681181,89.07211192124967,90.36644984931841,0.9605836695111485,1.0193170037001409
MAPbCl3_n2_[NH3+]CCC1CCC(CC[NH3+])CC1_analysis,MAPbCl3_n2_[NH3+]CCC1CCC(CC[NH3+])CC1,Cl,2,-1.531705910943396,-557.78196996,106,MAPbCl3_[NH3+]CCC1CCC(CC[NH3+])CC1,[NH3+]CCC1CCC(CC[NH3+])CC1,15.048932227469862,-0.03912265981210375,8.297694891222797,7.775625990595573,7.769319767527055,18.829728314995762,93.07848473114939,86.68362237163655,89.8715166552793,1.0008116827801163,1.0737724403359183
MAPbBr3_n1_[NH3+]CC1CCC(C[NH3+])CC1_analysis,MAPbBr3_n1_[NH3+]CC1CCC(C[NH3+])CC1,Br,1,-1.2166499647142854,-412.47917047,70,MAPbBr3_[NH3+]CC1CCC(C[NH3+])CC1,[NH3+]CC1CCC(C[NH3+])CC1,7.850362396296024,-0.40143954571754686,7.634895927369774,8.136388820063326,8.185814026680728,12.057180276766184,91.33946547310723,96.8717144115842,92.07245726890038,0.9939620902140819,0.9428909772880472
MAPbBr3_n2_[NH3+]CCCCCCCC[NH3+]_analysis,MAPbBr3_n2_[NH3+]CCCCCCCC[NH3+],Br,2,-1.627705748163266,-502.2042909000001,98,MAPbBr3_[NH3+]CCCCCCCC[NH3+],[NH3+]CCCCCCCC[NH3+],10.312861823090845,-0.02309389416491922,10.10770000117925,8.200834361745663,7.986937452215528,21.36212603511191,81.70792550720968,79.79688516403066,90.08423105366153,1.0267808419447182,1.0239488087692983
MAPbCl3_n1_[NH3+]CCC1=CC=C(CC[NH3+])C=C1_analysis,MAPbCl3_n1_[NH3+]CCC1=CC=C(CC[NH3+])C=C1,Cl,1,-1.2455816477142865,-436.89106982,70,MAPbCl3_[NH3+]CCC1=CC=C(CC[NH3+])C=C1,[NH3+]CCC1=CC=C(CC[NH3+])C=C1,9.370166740549783,0.15211961877645058,9.342784892953159,7.8111647032984495,7.4863592083638,14.12984784074862,83.0947553079443,106.43136699543616,90.12103298461653,1.0433863091383293,0.7807355825046148
MAPbBr3_n3_[NH3+]C1=CC=C([NH3+])C=C1_analysis,MAPbBr3_n3_[NH3+]C1=CC=C([NH3+])C=C1,Br,3,-2.464109215000001,-445.1850193300001,94,MAPbBr3_[NH3+]C1=CC=C([NH3+])C=C1,[NH3+]C1=CC=C([NH3+])C=C1,4.155454204687694,-0.0006064044018438269,8.593631551411203,7.843233153558001,8.4295459665434,22.912413797615518,88.65285031297067,88.5684406797614,89.7605866475493,0.9304455049758961,1.000953044138086
MAPbCl3_n1_CC(C)(CC[NH3+])CC[NH3+]_analysis,MAPbCl3_n1_CC(C)(CC[NH3+])CC[NH3+],Cl,1,-1.2774200166176477,-395.23662525,68,MAPbCl3_CC(C)(CC[NH3+])CC[NH3+],CC(C)(CC[NH3+])CC[NH3+],13.609156871361396,0.17533848144455252,6.491825504266215,7.80555901998356,7.763236048955719,12.276218699197216,90.37338670190019,87.63839356376684,92.83213552123408,1.0054517176549764,1.031207705058438
MAPbCl3_n3_CC(C)(CCC[NH3+])C(C)(C)CCC[NH3_analysis,MAPbCl3_n3_CC(C)(CCC[NH3+])C(C)(C)CCC[NH3+],Cl,3,-1.623751413698631,-716.4455843600001,146,MAPbCl3_CC(C)(CCC[NH3+])C(C)(C)CCC[NH3+],CC(C)(CCC[NH3+])C(C)(C)CCC[NH3+],4.477358484603328,0.2093448321697121,10.855510046498596,8.143915919158236,7.857142674443572,26.114921654077392,93.91606050566759,98.38559876092978,90.76749072941122,1.0364984138123687,0.9545712145725427
MAPbCl3_n2_CC(C)(CCCC[NH3+])CCCC[NH3+]_analysis,MAPbCl3_n2_CC(C)(CCCC[NH3+])CCCC[NH3+],Cl,2,-1.3965522951724134,-607.73789512,116,MAPbCl3_CC(C)(CCCC[NH3+])CCCC[NH3+],CC(C)(CCCC[NH3+])CCCC[NH3+],8.172882761330836,-0.17848280993109478,10.951315435578255,7.849600406530766,7.8000536016414905,21.75810798635068,85.45679681118477,101.30398810928345,90.70459426361785,1.0063521108212448,0.843567942448591
MAPbBr3_n1_CC(C)(C[NH3+])C[NH3+]_analysis,MAPbBr3_n1_CC(C)(C[NH3+])C[NH3+],Br,1,-1.5117713073214287,-324.93501987,56,MAPbBr3_CC(C)(C[NH3+])C[NH3+],CC(C)(C[NH3+])C[NH3+],7.836025436043555,-0.41903125320750256,8.174503365750287,8.045334444558293,8.313092377806273,10.229526216686203,90.0295903041444,85.4972476287462,89.89371016039739,0.9677908146476488,1.0530115623730831
MAPbI3_n3_CC(C)(C[NH3+])C[NH3+]_analysis,MAPbI3_n3_CC(C)(C[NH3+])C[NH3+],I,3,-2.1400231931730755,-462.8382387499999,104,MAPbI3_CC(C)(C[NH3+])C[NH3+],CC(C)(C[NH3+])C[NH3+],11.368528817319886,-0.17699235785264367,8.183772624635928,8.53097387728634,8.856323947365413,23.204421700907282,90.61335831039946,90.70365289484474,89.66917027717568,0.9632635310075963,0.9990045099446
MAPbI3_n2_[NH3+]CCCC1CCC(CCC[NH3+])CC1_analysis,MAPbI3_n2_[NH3+]CCCC1CCC(CCC[NH3+])CC1,I,2,-1.2954744465254238,-616.93818973,118,MAPbI3_[NH3+]CCCC1CCC(CCC[NH3+])CC1,[NH3+]CCCC1CCC(CCC[NH3+])CC1,12.131010043825448,0.10945829008222546,11.344318947241174,8.642304262271221,8.731569790055701,22.726282039534667,85.22765433674404,90.73599967675052,89.8347464098678,0.989776691943052,0.9392926141814703
MAPbI3_n2_[NH3+]CCCC1=CC=C(CCC[NH3+])C=C_analysis,MAPbI3_n2_[NH3+]CCCC1=CC=C(CCC[NH3+])C=C1,I,2,-1.4372570936792457,-570.93152033,106,MAPbI3_[NH3+]CCCC1=CC=C(CCC[NH3+])C=C1,[NH3+]CCCC1=CC=C(CCC[NH3+])C=C1,13.05636133688002,0.37151967480554726,9.769670952609694,8.656527611079023,8.738152755303807,21.370238822868377,85.23733442534514,99.24713166520029,89.42344389352361,0.9906587643280509,0.8588392731881087
MAPbI3_n2_[NH3+]CCC1=CC=C(CC[NH3+])C=C1_analysis,MAPbI3_n2_[NH3+]CCC1=CC=C(CC[NH3+])C=C1,I,2,-1.6219241608510648,-502.1612256000001,94,MAPbI3_[NH3+]CCC1=CC=C(CC[NH3+])C=C1,[NH3+]CCC1=CC=C(CC[NH3+])C=C1,10.178691358035966,0.33457733543666535,9.915236863091007,8.724646668088472,8.651232646846521,20.149174857792275,94.0976541133634,103.2675639278164,90.13901667954546,1.0084859608149261,0.9112024195626158
MAPbI3_n2_CC(C)(C[NH3+])C(C)(C)C[NH3+]_analysis,MAPbI3_n2_CC(C)(C[NH3+])C(C)(C)C[NH3+],I,2,-1.5498981680612245,-494.22438597,98,MAPbI3_CC(C)(C[NH3+])C(C)(C)C[NH3+],CC(C)(C[NH3+])C(C)(C)C[NH3+],14.513176466875263,-0.03178482180042219,7.173354574568705,8.695990478997452,9.041273016563606,18.08962217431714,90.49172829398402,87.2625136816643,89.56299077434353,0.9618104069046918,1.0370057482425956
MAPbBr3_n3_[NH3+]CCCCCCCC[NH3+]_analysis,MAPbBr3_n3_[NH3+]CCCCCCCC[NH3+],Br,3,-1.91582309295082,-576.41954492,122,MAPbBr3_[NH3+]CCCCCCCC[NH3+],[NH3+]CCCCCCCC[NH3+],12.39826096800784,-0.17112010073700323,9.555562324386365,8.156434550185946,8.2007671887746,26.753277525435475,82.8483696411892,83.18773727648211,90.20621946332639,0.994594086435067,0.9959204607986272
MAPbI3_n1_[NH3+]CCCCCC[NH3+]_analysis,MAPbI3_n1_[NH3+]CCCCCC[NH3+],I,1,-1.309045746129032,-355.39746358,62,MAPbI3_[NH3+]CCCCCC[NH3+],[NH3+]CCCCCC[NH3+],22.950277235624117,-0.0889007755098056,7.948547029815194,8.842800108038112,8.557982384666104,12.409120874522296,90.8642672080594,75.66037747347342,90.27749277556521,1.033280942933738,1.200949165762707
MAPbCl3_n3_[NH3+]CCCCCCCCC[NH3+]_analysis,MAPbCl3_n3_[NH3+]CCCCCCCCC[NH3+],Cl,3,-1.8527747664843743,-614.0028794499999,128,MAPbCl3_[NH3+]CCCCCCCCC[NH3+],[NH3+]CCCCCCCCC[NH3+],7.796358893628229,0.015739986616723906,11.933213207838701,7.707144050761098,7.803316303586748,28.312964533292835,87.06113566838361,94.42877341471149,89.99848285571447,0.9876754639842749,0.9219767716989107
MAPbI3_n3_[NH3+]CC1CCC(C[NH3+])CC1_analysis,MAPbI3_n3_[NH3+]CC1CCC(C[NH3+])CC1,I,3,-1.8952669712711856,-550.9551755499999,118,MAPbI3_[NH3+]CC1CCC(C[NH3+])CC1,[NH3+]CC1CCC(C[NH3+])CC1,25.004787131880917,-0.21451852148816508,6.57091091481884,8.627134299331257,8.815354898480255,24.226324176623624,89.01952169412878,90.62342795266545,90.06349805573794,0.978648551156863,0.9823014170312072
MAPbI3_n3_[NH3+]CCCCCCC[NH3+]_analysis,MAPbI3_n3_[NH3+]CCCCCCC[NH3+],I,3,-1.924523055344828,-531.56306728,116,MAPbI3_[NH3+]CCCCCCC[NH3+],[NH3+]CCCCCCC[NH3+],18.07282045914805,-0.014505193471863354,8.216322425769203,8.60823096379996,8.748856709618865,27.32967918761553,90.09882430726073,90.25188720236913,89.99615052675296,0.9839263859854631,0.9983040477063355
MAPbBr3_n3_CC(C)(C[NH3+])C[NH3+]_analysis,MAPbBr3_n3_CC(C)(C[NH3+])C[NH3+],Br,3,-2.2389659107692306,-473.12828138,104,MAPbBr3_CC(C)(C[NH3+])C[NH3+],CC(C)(C[NH3+])C[NH3+],20.039564636793628,-0.9148536567452347,7.3355816817389705,8.20879463048892,8.397640709955205,21.813708306396716,89.1624210492267,87.95598955191213,89.90818736750319,0.977512007718738,1.0137163086159418
MAPbBr3_n2_CC(C)(CC[NH3+])CC[NH3+]_analysis,MAPbBr3_n2_CC(C)(CC[NH3+])CC[NH3+],Br,2,-1.7380872194565211,-468.27608831,92,MAPbBr3_CC(C)(CC[NH3+])CC[NH3+],CC(C)(CC[NH3+])CC[NH3+],16.077419068430753,-0.034676505192424045,6.30656067446553,8.238004532672104,8.045092864763955,18.437842909209785,90.87236943577486,90.33890575202409,89.50895001800683,1.0239787993937357,1.0059051377621853
MAPbI3_n1_[NH3+]C1=CC=C([NH3+])C=C1_analysis,MAPbI3_n1_[NH3+]C1=CC=C([NH3+])C=C1,I,1,-1.7287026826086969,-293.07907652000006,46,MAPbI3_[NH3+]C1=CC=C([NH3+])C=C1,[NH3+]C1=CC=C([NH3+])C=C1,8.525041809370261,0.35352777596302937,7.6088204420783985,9.213745322889212,7.807975530321157,10.565506627365995,81.70887577374538,93.24411574965222,91.10160390206941,1.180042802018135,0.8762898882876706
MAPbI3_n2_[NH3+]C1=CC=C([NH3+])C=C1_analysis,MAPbI3_n2_[NH3+]C1=CC=C([NH3+])C=C1,I,2,-2.146699174428571,-363.82769533,70,MAPbI3_[NH3+]C1=CC=C([NH3+])C=C1,[NH3+]C1=CC=C([NH3+])C=C1,15.282347475269276,0.11279654400845715,7.745586023579872,8.530297970665575,8.674766146749121,17.30052230657561,89.87659867812484,86.82183013450832,89.94745799804069,0.9833461590042187,1.0351843371521188
MAPbI3_n1_[NH3+]CCCCCCCCC[NH3+]_analysis,MAPbI3_n1_[NH3+]CCCCCCCCC[NH3+],I,1,-1.019645751000001,-458.41936942000007,80,MAPbI3_[NH3+]CCCCCCCCC[NH3+],[NH3+]CCCCCCCCC[NH3+],26.718650026735933,-0.11097538002601476,8.849577723421971,8.941204337454591,8.356596635290714,15.561655251600804,91.04299147045299,62.884840278313774,88.71168847038453,1.06995763080092,1.4477732799752332
MAPbBr3_n3_[NH3+]CCC1CCC(CC[NH3+])CC1_analysis,MAPbBr3_n3_[NH3+]CCC1CCC(CC[NH3+])CC1,Br,3,-1.8011702383076926,-629.57327438,130,MAPbBr3_[NH3+]CCC1CCC(CC[NH3+])CC1,[NH3+]CCC1CCC(CC[NH3+])CC1,17.283724917510824,-0.45257793718510664,8.875621361892787,8.4231356456308,8.175838799335255,25.28128675498319,93.23989332183343,95.63256839070732,89.86826698077503,1.0302472752172722,0.9749805415755582
MAPbBr3_n2_[NH3+]C1=CC=C([NH3+])C=C1_analysis,MAPbBr3_n2_[NH3+]C1=CC=C([NH3+])C=C1,Br,2,-2.251735386428571,-371.18023017,70,MAPbBr3_[NH3+]C1=CC=C([NH3+])C=C1,[NH3+]C1=CC=C([NH3+])C=C1,8.715930074566067,-0.004000619040770412,7.540888554187734,7.864864425799501,8.256862881416449,16.613485329434038,87.87422357728308,90.10501214023654,90.06596818968066,0.9525245288377974,0.9752423476789334
MAPbBr3_n1_[NH3+]CCC[NH3+]_analysis,MAPbBr3_n1_[NH3+]CCC[NH3+],Br,1,-1.9323617854545447,-256.11278594,44,MAPbBr3_[NH3+]CCC[NH3+],[NH3+]CCC[NH3+],16.355074488005485,-0.009099022605819296,4.21283543874581,7.948301798194446,7.953700140816569,10.284445957455997,89.8981740181815,90.12905026805339,89.50907085717351,0.999321279086897,0.9974383814188075
MAPbBr3_n2_[NH3+]CCCC1CCC(CCC[NH3+])CC1_analysis,MAPbBr3_n2_[NH3+]CCCC1CCC(CCC[NH3+])CC1,Br,2,-1.3563184920338984,-624.1177871,118,MAPbBr3_[NH3+]CCCC1CCC(CCC[NH3+])CC1,[NH3+]CCCC1CCC(CCC[NH3+])CC1,5.147108950509006,0.1488995995720272,12.40896982869982,8.25910163986675,7.83543937972364,22.786307438798104,97.32632408344281,92.28852190760088,88.74888604889776,1.0540700067490092,1.0545875269395448
MAPbCl3_n3_[NH3+]CCC1CCC(CC[NH3+])CC1_analysis,MAPbCl3_n3_[NH3+]CCC1CCC(CC[NH3+])CC1,Cl,3,-1.8290330183076924,-633.19543578,130,MAPbCl3_[NH3+]CCC1CCC(CC[NH3+])CC1,[NH3+]CCC1CCC(CC[NH3+])CC1,13.443872587775779,0.27023032961133164,8.240430735423953,7.911604339234091,7.883332124518258,24.76833343332969,90.72363041349928,85.64043285884979,89.90900457722988,1.0035863279980177,1.0593551128241898
MAPbBr3_n2_[NH3+]CCCC[NH3+]_analysis,MAPbBr3_n2_[NH3+]CCCC[NH3+],Br,2,-2.154916204729729,-364.89169865,74,MAPbBr3_[NH3+]CCCC[NH3+],[NH3+]CCCC[NH3+],24.431739305673993,-0.1560779445072093,6.4501705686887405,8.151275399584533,8.18000251680323,16.34964860396029,85.62783433952575,85.77454892401511,89.09863785045624,0.9964881285599013,0.9982895324273949
MAPbCl3_n3_[NH3+]CCCC1CCC(CCC[NH3+])CC1_analysis,MAPbCl3_n3_[NH3+]CCCC1CCC(CCC[NH3+])CC1,Cl,3,-1.6721379160563377,-701.5157891199999,142,MAPbCl3_[NH3+]CCCC1CCC(CCC[NH3+])CC1,[NH3+]CCCC1CCC(CCC[NH3+])CC1,6.249877703120765,0.34433340856357597,12.221602491395362,7.912842554933314,7.814050952447036,27.4583810768169,94.02404898101699,86.63349357309922,89.41124983611351,1.0126428152423732,1.0853082924756094
MAPbI3_n1_CC(C)(C[NH3+])C(C)(C)C[NH3+]_analysis,MAPbI3_n1_CC(C)(C[NH3+])C(C)(C)C[NH3+],I,1,-1.0943170018918922,-423.31382364,74,MAPbI3_CC(C)(C[NH3+])C(C)(C)C[NH3+],CC(C)(C[NH3+])C(C)(C)C[NH3+],12.107281440248165,0.04787178026673783,8.611096599016832,8.656003265290892,9.344627476130793,11.462209468016676,87.62368139739668,85.76773320555189,89.12526666002577,0.9263080082540615,1.0216392356714943
MAPbI3_n2_[NH3+]CC1CCC(C[NH3+])CC1_analysis,MAPbI3_n2_[NH3+]CC1CCC(C[NH3+])CC1,I,2,-1.6228078838297877,-479.85761402,94,MAPbI3_[NH3+]CC1CCC(C[NH3+])CC1,[NH3+]CC1CCC(C[NH3+])CC1,23.208041230697226,-0.285174068483903,6.694033105325307,8.689348321445138,8.72502233033982,17.956427564249974,88.73285600386659,90.91420935687626,90.12219760375352,0.9959112988432555,0.9760064640231656
MAPbBr3_n3_CC(C)(CCC[NH3+])CCC[NH3+]_analysis,MAPbBr3_n3_CC(C)(CCC[NH3+])CCC[NH3+],Br,3,-1.8261802978125004,-610.7315293400001,128,MAPbBr3_CC(C)(CCC[NH3+])CCC[NH3+],CC(C)(CCC[NH3+])CCC[NH3+],17.987621124482175,-0.28290181944382664,9.783304382927767,8.248129800144893,8.225357842686302,26.1614869149386,93.05955925905592,92.99543484704763,90.29972928535867,1.0027685065980247,1.0006895436546295
MAPbBr3_n1_CC(C)(CCC[NH3+])C(C)(C)CCC[NH3_analysis,MAPbBr3_n1_CC(C)(CCC[NH3+])C(C)(C)CCC[NH3+],Br,1,-0.8763726081632651,-565.26239356,98,MAPbBr3_CC(C)(CCC[NH3+])C(C)(C)CCC[NH3+],CC(C)(CCC[NH3+])C(C)(C)CCC[NH3+],14.043454099521323,-0.0018072326373686498,10.142190987226446,8.735371534193925,7.928218678913921,15.378933549372238,76.90022158970177,100.72634341846363,90.09294249457704,1.1018075923443846,0.7634568969730473
MAPbI3_n3_[NH3+]CCCC1CCC(CCC[NH3+])CC1_analysis,MAPbI3_n3_[NH3+]CCCC1CCC(CCC[NH3+])CC1,I,3,-1.5753554187323946,-687.7726745,142,MAPbI3_[NH3+]CCCC1CCC(CCC[NH3+])CC1,[NH3+]CCCC1CCC(CCC[NH3+])CC1,15.98559807435292,0.1659273597256289,10.856736384901152,8.57267842662433,8.618825839958957,28.617323067300674,86.53851255002897,90.74520415180237,89.68392542158234,0.9946457424489684,0.9536428217767159
MAPbI3_n2_CC(C)(CC[NH3+])C(C)(C)CC[NH3+]_analysis,MAPbI3_n2_CC(C)(CC[NH3+])C(C)(C)CC[NH3+],I,2,-1.3904877813636356,-563.7677193899999,110,MAPbI3_CC(C)(CC[NH3+])C(C)(C)CC[NH3+],CC(C)(CC[NH3+])C(C)(C)CC[NH3+],21.131988991303096,-0.03575773190079773,9.645240389841142,8.63333949652289,8.885221535483156,19.870267544097835,89.98358957400464,91.78580146360103,90.08535351204182,0.9716515747013876,0.9803650252995711
MAPbCl3_n2_[NH3+]C1CCC([NH3+])CC1_analysis,MAPbCl3_n2_[NH3+]C1CCC([NH3+])CC1,Cl,2,-1.9722778154878045,-421.16879591,82,MAPbCl3_[NH3+]C1CCC([NH3+])CC1,[NH3+]C1CCC([NH3+])CC1,21.709352838364474,0.6424458308018771,6.98139434385595,7.937923815933455,7.803219579267213,16.08464409813889,86.92325212033583,89.59484845729078,88.5024759584485,1.0172626484873173,0.9701813621769952
MAPbBr3_n3_CC(C)(CCCC[NH3+])CCCC[NH3+]_analysis,MAPbBr3_n3_CC(C)(CCCC[NH3+])CCCC[NH3+],Br,3,-1.6701791072857135,-679.5629038999999,140,MAPbBr3_CC(C)(CCCC[NH3+])CCCC[NH3+],CC(C)(CCCC[NH3+])CCCC[NH3+],9.37162193753949,-0.25548732957673126,10.839866384248172,8.355070975458348,7.970125195784136,28.382373724817725,87.68680808060869,99.20856981464814,90.55082687035404,1.0482985863105179,0.8838632412949242
MAPbBr3_n2_[NH3+]CCCC1=CC=C(CCC[NH3+])C=C_analysis,MAPbBr3_n2_[NH3+]CCCC1=CC=C(CCC[NH3+])C=C1,Br,2,-1.5071111894339628,-578.33605448,106,MAPbBr3_[NH3+]CCCC1=CC=C(CCC[NH3+])C=C1,[NH3+]CCCC1=CC=C(CCC[NH3+])C=C1,14.079081518621486,-0.20571435679350608,8.833409481767752,8.783983022936972,8.02060137526101,19.665032930123864,88.2470110689343,103.03621222406935,89.47609933875404,1.0951776072590467,0.8564659857354473
MAPbBr3_n1_CC(C)(C[NH3+])C(C)(C)C[NH3+]_analysis,MAPbBr3_n1_CC(C)(C[NH3+])C(C)(C)C[NH3+],Br,1,-1.1468764287837832,-427.20322123,74,MAPbBr3_CC(C)(C[NH3+])C(C)(C)C[NH3+],CC(C)(C[NH3+])C(C)(C)C[NH3+],17.195506385044197,0.4420256060441142,7.520854449146032,8.016384321211163,8.977508909403976,11.279196745723466,87.02334140608112,83.9151106901146,89.01799551424665,0.8929408371640788,1.0370401789427977
MAPbBr3_n2_[NH3+]CCCCC[NH3+]_analysis,MAPbBr3_n2_[NH3+]CCCCC[NH3+],Br,2,-1.9909945138750005,-399.08054271,80,MAPbBr3_[NH3+]CCCCC[NH3+],[NH3+]CCCCC[NH3+],14.663484528687423,-0.068759188773273,6.435897473457888,8.153841201110646,8.031909327217496,18.587421289640936,90.35945576752442,89.48304095211766,89.65479821801236,1.0151809325685441,1.0097942001756035
MAPbCl3_n2_[NH3+]CC1=CC=C(C[NH3+])C=C1_analysis,MAPbCl3_n2_[NH3+]CC1=CC=C(C[NH3+])C=C1,Cl,2,-1.870524673414634,-443.21017174,82,MAPbCl3_[NH3+]CC1=CC=C(C[NH3+])C=C1,[NH3+]CC1=CC=C(C[NH3+])C=C1,13.259929145955944,0.1102862200425726,9.083993785849053,7.824782470530638,7.725284249796407,17.7938382370305,90.9915786260203,91.31106222037754,89.88167949934756,1.0128795546567564,0.9965011512670156
MAPbCl3_n1_CC(C)(CCCC[NH3+])C(C)(C)CCCC[N_analysis,MAPbCl3_n1_CC(C)(CCCC[NH3+])C(C)(C)CCCC[NH3+],Cl,1,-0.7880378192727273,-634.62342536,110,MAPbCl3_CC(C)(CCCC[NH3+])C(C)(C)CCCC[NH3+],CC(C)(CCCC[NH3+])C(C)(C)CCCC[NH3+],8.482697668946065,-0.6261067125704398,11.86311580491202,7.73464196412203,8.681342309731868,17.072394721185873,67.79015515526639,91.46320764638395,92.13715353751446,0.8909500038319446,0.7411740403568332
MAPbI3_n2_CC(C)(CC[NH3+])CC[NH3+]_analysis,MAPbI3_n2_CC(C)(CC[NH3+])CC[NH3+],I,2,-1.6603048881521745,-461.12011383,92,MAPbI3_CC(C)(CC[NH3+])CC[NH3+],CC(C)(CC[NH3+])CC[NH3+],18.733287014163054,-0.0007469472114933207,6.131462822081234,8.58369976379598,8.724979518177683,18.892705554182065,89.99670200035742,89.999768654561,89.99395129045368,0.983807439996007,0.9999659259768172
MAPbBr3_n1_[NH3+]CCCC1CCC(CCC[NH3+])CC1_analysis,MAPbBr3_n1_[NH3+]CCCC1CCC(CCC[NH3+])CC1,Br,1,-0.9159054252127666,-550.16731501,94,MAPbBr3_[NH3+]CCCC1CCC(CCC[NH3+])CC1,[NH3+]CCCC1CCC(CCC[NH3+])CC1,8.904497939492433,-0.41898378022336424,11.763321250614682,8.168668684723851,7.7160986255633475,16.859210874590598,99.05306284592008,93.08916739260157,87.83108123218226,1.058652705353084,1.0640664818513836
MAPbCl3_n1_CC(C)(CCCC[NH3+])CCCC[NH3+]_analysis,MAPbCl3_n1_CC(C)(CCCC[NH3+])CCCC[NH3+],Cl,1,-0.9430771255434776,-532.5009244299999,92,MAPbCl3_CC(C)(CCCC[NH3+])CCCC[NH3+],CC(C)(CCCC[NH3+])CCCC[NH3+],12.840104084830944,0.1570061702944216,10.326402870416413,7.880637069903117,7.628827461367325,16.255344075758718,91.99465648325828,70.59377323910216,90.92151632779317,1.0330076423684984,1.303155395471935
MAPbCl3_n2_[NH3+]CCCCCC[NH3+]_analysis,MAPbCl3_n2_[NH3+]CCCCCC[NH3+],Cl,2,-1.8796676482558132,-435.88804507,86,MAPbCl3_[NH3+]CCCCCC[NH3+],[NH3+]CCCCCC[NH3+],9.802138913407452,-0.07923464442622716,8.287229286605095,7.60426850694628,7.874000995886894,18.279159906653806,77.13255584710112,89.29667901861062,89.31491177421663,0.9657439097249907,0.8637785491555141
MAPbBr3_n1_[NH3+]CCCCCCCCCC[NH3+]_analysis,MAPbBr3_n1_[NH3+]CCCCCCCCCC[NH3+],Br,1,-0.9967741433720928,-496.69657781,86,MAPbBr3_[NH3+]CCCCCCCCCC[NH3+],[NH3+]CCCCCCCCCC[NH3+],7.456859210933062,0.7394283673196312,11.898051941987612,8.250474382635648,7.647914395475723,17.552359342798237,89.63590216391454,69.52182464931253,90.00141230275482,1.0787874910729103,1.2893203338097499
MAPbBr3_n3_[NH3+]CCCCC[NH3+]_analysis,MAPbBr3_n3_[NH3+]CCCCC[NH3+],Br,3,-2.2441852424038453,-473.19624680999993,104,MAPbBr3_[NH3+]CCCCC[NH3+],[NH3+]CCCCC[NH3+],25.91952938317241,-0.4216619770684228,6.9723102829350125,8.324258011964085,8.146308202620974,23.202154003798725,94.8407404976714,93.67197038003327,91.22106498880892,1.0218442274607114,1.0124772662825001
MAPbI3_n3_[NH3+]CCCCCCCCC[NH3+]_analysis,MAPbI3_n3_[NH3+]CCCCCCCCC[NH3+],I,3,-1.7480370471093738,-600.5964513699998,128,MAPbI3_[NH3+]CCCCCCCCC[NH3+],[NH3+]CCCCCCCCC[NH3+],9.044878285012416,-0.4832100736412772,8.936735413543229,8.462235541461013,8.91337582321095,27.369406441107206,104.87263349228748,89.2466302465362,89.69745763308016,0.9493861483350514,1.175087879537701
MAPbCl3_n3_[NH3+]CCCCCCCC[NH3+]_analysis,MAPbCl3_n3_[NH3+]CCCCCCCC[NH3+],Cl,3,-1.943616428114754,-579.81033181,122,MAPbCl3_[NH3+]CCCCCCCC[NH3+],[NH3+]CCCCCCCC[NH3+],7.6550058424886345,-0.1469762407837662,11.293951735330001,7.572128005516592,8.0129150631973,27.203499177032867,90.42104108000554,89.07851863325811,90.14045467268726,0.944990424308226,1.0150712255585959
MAPbBr3_n3_[NH3+]C1CCC([NH3+])CC1_analysis,MAPbBr3_n3_[NH3+]C1CCC([NH3+])CC1,Br,3,-2.201647018490567,-492.8165990000001,106,MAPbBr3_[NH3+]C1CCC([NH3+])CC1,[NH3+]C1CCC([NH3+])CC1,24.22509741653845,-0.7697242272156728,7.378790486867544,8.088456183683657,8.639312689095943,22.100915794194417,89.65318198872353,86.33806122236636,90.68035088622067,0.936238387793563,1.038396979494582
MAPbI3_n1_[NH3+]CCC1=CC=C(CC[NH3+])C=C1_analysis,MAPbI3_n1_[NH3+]CCC1=CC=C(CC[NH3+])C=C1,I,1,-1.1699706297142858,-431.59829856,70,MAPbI3_[NH3+]CCC1=CC=C(CC[NH3+])C=C1,[NH3+]CCC1=CC=C(CC[NH3+])C=C1,11.548262417052234,0.7688715274298267,9.167487665432546,8.784810788656104,8.40866804227757,13.757369094275585,90.00237638217884,71.38257567589318,90.00010627191446,1.0447327382276648,1.2608451786725567
MAPbBr3_n1_[NH3+]CCCCCC[NH3+]_analysis,MAPbBr3_n1_[NH3+]CCCCCC[NH3+],Br,1,-1.3759652258064516,-359.54647132,62,MAPbBr3_[NH3+]CCCCCC[NH3+],[NH3+]CCCCCC[NH3+],11.92366064835264,0.002301250077630629,8.385559669937724,8.019201062937764,8.0275277763855,13.149935643802996,80.26819184471151,80.40810582082209,89.97504925854916,0.9989627300359855,0.9982599518458705
MAPbI3_n3_CC(C)(CCC[NH3+])C(C)(C)CCC[NH3_analysis,MAPbI3_n3_CC(C)(CCC[NH3+])C(C)(C)CCC[NH3+],I,3,-1.534400607808219,-703.4003667,146,MAPbI3_CC(C)(CCC[NH3+])C(C)(C)CCC[NH3+],CC(C)(CCC[NH3+])C(C)(C)CCC[NH3+],9.766107501065775,0.22818949724618887,10.04838762124292,8.66314154488783,8.494188139846386,28.12322123209497,89.96254101415387,97.77705820661414,89.99405770336266,1.0198904712563266,0.9200782132762954
MAPbBr3_n1_CC(C)(CC[NH3+])C(C)(C)CC[NH3+]_analysis,MAPbBr3_n1_CC(C)(CC[NH3+])C(C)(C)CC[NH3+],Br,1,-1.0002558423255814,-496.83606588,86,MAPbBr3_CC(C)(CC[NH3+])C(C)(C)CC[NH3+],CC(C)(CC[NH3+])C(C)(C)CC[NH3+],11.599212170564307,0.08418936166169433,9.826553298885932,8.627781621820926,7.749455494856789,13.61849215000745,91.02395574744583,86.68660691081023,89.66953246427725,1.1133403666292516,1.05003482073186
MAPbBr3_n2_[NH3+]CCCCCCCCCC[NH3+]_analysis,MAPbBr3_n2_[NH3+]CCCCCCCCCC[NH3+],Br,2,-1.451552120909091,-570.64473478,110,MAPbBr3_[NH3+]CCCCCCCCCC[NH3+],[NH3+]CCCCCCCCCC[NH3+],7.600387149624296,-0.24016638271445692,11.885669726555498,8.317493781208954,7.873300600823856,23.474006810249815,84.8806646136541,77.31997706708962,89.95611946356466,1.0564176579690883,1.0977843997548546
MAPbCl3_n1_[NH3+]CC1=CC=C(C[NH3+])C=C1_analysis,MAPbCl3_n1_[NH3+]CC1=CC=C(C[NH3+])C=C1,Cl,1,-1.3483052853448283,-368.02885507,58,MAPbCl3_[NH3+]CC1=CC=C(C[NH3+])C=C1,[NH3+]CC1=CC=C(C[NH3+])C=C1,9.051586282074581,-0.01786859241738445,8.08858232981929,7.710431844510217,7.5539990210022365,12.394054911609157,94.72433007166212,91.38665655941068,89.58728214147948,1.0207086105085603,1.0365225475787223
MAPbBr3_n2_[NH3+]C1CCC([NH3+])CC1_analysis,MAPbBr3_n2_[NH3+]C1CCC([NH3+])CC1,Br,2,-1.944785726463415,-418.91444461,82,MAPbBr3_[NH3+]C1CCC([NH3+])CC1,[NH3+]C1CCC([NH3+])CC1,13.570012879799204,0.00557960234759014,7.193746473191798,7.7684106704053555,8.736444416686059,16.286207471325024,91.84298177942948,86.28931998484335,92.56710199185436,0.8891959131071882,1.0643609405609133
MAPbBr3_n3_[NH3+]CCC1=CC=C(CC[NH3+])C=C1_analysis,MAPbBr3_n3_[NH3+]CCC1=CC=C(CC[NH3+])C=C1,Br,3,-1.9826389391525423,-583.6517493,118,MAPbBr3_[NH3+]CCC1=CC=C(CC[NH3+])C=C1,[NH3+]CCC1=CC=C(CC[NH3+])C=C1,8.289962881198408,0.004073302661962042,9.554083689368014,7.984772466003778,8.281646192896833,26.23828154299707,94.1002892438177,83.13131883118149,90.06894755464484,0.964152812136833,1.1319475086749362
MAPbI3_n3_[NH3+]CCC1CCC(CC[NH3+])CC1_analysis,MAPbI3_n3_[NH3+]CCC1CCC(CC[NH3+])CC1,I,3,-1.7257449571538463,-619.76798783,130,MAPbI3_[NH3+]CCC1CCC(CC[NH3+])CC1,[NH3+]CCC1CCC(CC[NH3+])CC1,20.615008434303032,-0.3176976043755981,7.905085896411382,8.591443372901699,8.86189729953281,26.133562922385277,93.10324819076482,94.45320603085847,89.96308523874444,0.9694812614624445,0.9857076546490904
MAPbBr3_n1_CC(C)(CCCC[NH3+])CCCC[NH3+]_analysis,MAPbBr3_n1_CC(C)(CCCC[NH3+])CCCC[NH3+],Br,1,-0.9277219157608698,-531.08824513,92,MAPbBr3_CC(C)(CCCC[NH3+])CCCC[NH3+],CC(C)(CCCC[NH3+])CCCC[NH3+],8.683992107977694,-0.07672540420346324,11.188519065032144,7.917802740665827,8.164178533328936,17.267468822873486,87.62665459745766,88.79168868139075,90.13573069872977,0.9698223413834816,0.9868790187321073
MAPbCl3_n2_CC(C)(CCC[NH3+])C(C)(C)CCC[NH3_analysis,MAPbCl3_n2_CC(C)(CCC[NH3+])C(C)(C)CCC[NH3+],Cl,2,-1.3253375691803282,-641.0690614,122,MAPbCl3_CC(C)(CCC[NH3+])C(C)(C)CCC[NH3+],CC(C)(CCC[NH3+])C(C)(C)CCC[NH3+],14.502816954166686,0.2060088085483499,10.71774904036904,8.433758162669138,7.697945943011969,20.607079934930745,88.8917006989391,100.96738736322834,91.52831019492729,1.0955855269840034,0.8804001274109711
MAPbCl3_n1_CC(C)(CCC[NH3+])CCC[NH3+]_analysis,MAPbCl3_n1_CC(C)(CCC[NH3+])CCC[NH3+],Cl,1,-1.0883990693749994,-464.05237677,80,MAPbCl3_CC(C)(CCC[NH3+])CCC[NH3+],CC(C)(CCC[NH3+])CCC[NH3+],13.01674709250174,0.20590076605045904,10.33267083546154,7.632958817088012,7.848192045626538,14.042121666135705,75.17868177060033,81.06765076552915,88.19061400869619,0.9725754381025288,0.9273573498267342
MAPbI3_n3_CC(C)(C[NH3+])C(C)(C)C[NH3+]_analysis,MAPbI3_n3_CC(C)(C[NH3+])C(C)(C)C[NH3+],I,3,-1.8269700027049176,-565.22470583,122,MAPbI3_CC(C)(C[NH3+])C(C)(C)C[NH3+],CC(C)(C[NH3+])C(C)(C)C[NH3+],16.20036431924892,0.28687903057882536,6.698319607014632,8.66039382962811,9.129126024505117,23.995989454314905,89.73325936226244,90.23904581741134,89.14744224136602,0.9486553046130812,0.9943950376406651
MAPbCl3_n2_CC(C)(CCC[NH3+])CCC[NH3+]_analysis,MAPbCl3_n2_CC(C)(CCC[NH3+])CCC[NH3+],Cl,2,-1.5609848548076914,-539.3228761199999,104,MAPbCl3_CC(C)(CCC[NH3+])CCC[NH3+],CC(C)(CCC[NH3+])CCC[NH3+],7.925648975974886,-0.1673722765180883,9.108403548393778,7.821321701638131,7.615636638333323,19.972387880100708,87.9489104909569,81.93433650280245,89.61371952535845,1.0270082559177642,1.0734072459102508
MAPbBr3_n2_[NH3+]CCC1=CC=C(CC[NH3+])C=C1_analysis,MAPbBr3_n2_[NH3+]CCC1=CC=C(CC[NH3+])C=C1,Br,2,-1.7026358791489369,-509.7481271200001,94,MAPbBr3_[NH3+]CCC1=CC=C(CC[NH3+])C=C1,[NH3+]CCC1=CC=C(CC[NH3+])C=C1,11.810371871683133,-0.003986765917363827,9.356847727327139,8.129465317693406,8.100849670749584,20.05966938396635,82.57001226483244,80.52288313111114,90.35866328555151,1.0035324253759634,1.025422948783243
MAPbCl3_n2_[NH3+]C1=CC=C([NH3+])C=C1_analysis,MAPbCl3_n2_[NH3+]C1=CC=C([NH3+])C=C1,Cl,2,-2.2908489401428564,-373.91817893,70,MAPbCl3_[NH3+]C1=CC=C([NH3+])C=C1,[NH3+]C1=CC=C([NH3+])C=C1,4.646618547658452,0.045848489115745,7.369890395391844,8.268710696952706,7.051491228682157,15.749234170701316,84.63908703605898,85.8569666224671,89.73816577404743,1.1726187311017946,0.9858150172977411
MAPbCl3_n3_[NH3+]C1=CC=C([NH3+])C=C1_analysis,MAPbCl3_n3_[NH3+]C1=CC=C([NH3+])C=C1,Cl,3,-2.498811708829788,-448.44705375000007,94,MAPbCl3_[NH3+]C1=CC=C([NH3+])C=C1,[NH3+]C1=CC=C([NH3+])C=C1,6.259424847993072,0.012430782346537758,6.330585158210692,7.467252053798397,7.945800279409062,21.811835075541147,88.70312844619814,89.48467357774138,90.10228155286268,0.939773438951041,0.9912661565350154
MAPbCl3_n1_[NH3+]C1=CC=C([NH3+])C=C1_analysis,MAPbCl3_n1_[NH3+]C1=CC=C([NH3+])C=C1,Cl,1,-1.8502873556521744,-298.67197148,46,MAPbCl3_[NH3+]C1=CC=C([NH3+])C=C1,[NH3+]C1=CC=C([NH3+])C=C1,4.109174289115272,0.2694815264512697,7.941633662700172,7.695118568592003,7.541218392160387,10.57726945240737,96.46139936481927,89.99664413315531,90.00151520524454,1.0204078662662264,1.0718332921625275
MAPbI3_n3_[NH3+]C1CCC([NH3+])CC1_analysis,MAPbI3_n3_[NH3+]C1CCC([NH3+])CC1,I,3,-2.1092582076415085,-483.0233850499999,106,MAPbI3_[NH3+]C1CCC([NH3+])CC1,[NH3+]C1CCC([NH3+])CC1,14.243891640514942,0.1248633909200891,7.90918731895653,8.754669045355781,8.635405717259266,23.59407868212332,89.99627145458716,92.45507984739534,89.9982909227329,1.0138109698607616,0.9734053726753938
MAPbCl3_n1_[NH3+]CCCCCC[NH3+]_analysis,MAPbCl3_n1_[NH3+]CCCCCC[NH3+],Cl,1,-1.3974959361290318,-360.88137536,62,MAPbCl3_[NH3+]CCCCCC[NH3+],[NH3+]CCCCCC[NH3+],11.128361790441708,0.18382784606381491,8.841773344500268,7.630453278394834,7.567673558257305,13.220529022756818,74.05197484740403,89.47034616449017,89.46081726219073,1.008295775399697,0.827670597264264
MAPbI3_n2_[NH3+]C1CCC([NH3+])CC1_analysis,MAPbI3_n2_[NH3+]C1CCC([NH3+])CC1,I,2,-1.857717985,-411.77488981,82,MAPbI3_[NH3+]C1CCC([NH3+])CC1,[NH3+]C1CCC([NH3+])CC1,16.032411421078045,-0.004476760368811922,7.714130276484706,8.974256778399432,8.128219733306603,17.2940011808681,90.01943662167133,93.0271030412235,89.82374774007792,1.1040863894988058,0.9676689231285708
MAPbCl3_n2_CC(C)(C[NH3+])C[NH3+]_analysis,MAPbCl3_n2_CC(C)(C[NH3+])C[NH3+],Cl,2,-2.012804666125,-401.30019995,80,MAPbCl3_CC(C)(C[NH3+])C[NH3+],CC(C)(C[NH3+])C[NH3+],6.069150477838762,-0.3627038265704738,7.8328128357961475,7.837388044396231,7.738631988162553,15.81697730318176,89.31903168206505,89.31885152503496,89.96461301866027,1.01276143592107,1.0000020170101498
MAPbCl3_n3_[NH3+]CC1CCC(C[NH3+])CC1_analysis,MAPbCl3_n3_[NH3+]CC1CCC(C[NH3+])CC1,Cl,3,-2.008202619152543,-564.2815820000001,118,MAPbCl3_[NH3+]CC1CCC(C[NH3+])CC1,[NH3+]CC1CCC(C[NH3+])CC1,19.303886401465626,0.4146509049826034,8.324501638425662,7.960931909930436,7.975060027728697,22.42950701367491,92.34417676760921,92.04342344422571,89.36963811486395,0.9982284625132428,1.0032675156152329
MAPbCl3_n2_[NH3+]CCCC[NH3+]_analysis,MAPbCl3_n2_[NH3+]CCCC[NH3+],Cl,2,-2.187836749054053,-367.3278189299999,74,MAPbCl3_[NH3+]CCCC[NH3+],[NH3+]CCCC[NH3+],17.120772344102363,0.11433140850823509,7.872180875451743,7.736946870466768,7.847701108354806,16.599639625850553,89.83508376975921,89.26524507529685,90.06350671347248,0.9858870468741314,1.006383656864233
MAPbBr3_n1_CC(C)(CC[NH3+])CC[NH3+]_analysis,MAPbBr3_n1_CC(C)(CC[NH3+])CC[NH3+],Br,1,-1.259886551911764,-394.04434965,68,MAPbBr3_CC(C)(CC[NH3+])CC[NH3+],CC(C)(CC[NH3+])CC[NH3+],14.586197969975942,0.02633707599773774,6.3744647128554,8.187093075461302,7.946033827810784,12.438265225943383,90.21194130494457,90.14149408146552,89.17693502610655,1.0303370527830904,1.0007815182585655
MAPbCl3_n2_CC(C)(CC[NH3+])C(C)(C)CC[NH3+]_analysis,MAPbCl3_n2_CC(C)(CC[NH3+])C(C)(C)CC[NH3+],Cl,2,-1.4712040292727273,-572.64650666,110,MAPbCl3_CC(C)(CC[NH3+])C(C)(C)CC[NH3+],CC(C)(CC[NH3+])C(C)(C)CC[NH3+],15.56072421425029,0.20316237386863806,9.458788310434343,8.330263108001015,7.776036263163006,18.50871086249355,88.43072880078415,90.73390810639731,91.50840212822759,1.0712736960170206,0.9746161126123613
MAPbI3_n3_[NH3+]CCC1=CC=C(CC[NH3+])C=C1_analysis,MAPbI3_n3_[NH3+]CCC1=CC=C(CC[NH3+])C=C1,I,3,-1.8982075855084748,-573.68884957,118,MAPbI3_[NH3+]CCC1=CC=C(CC[NH3+])C=C1,[NH3+]CCC1=CC=C(CC[NH3+])C=C1,26.0328261692971,0.007478168125615414,8.137567503191939,8.705230654507076,8.62613451484883,25.82752645965014,89.98257206302004,80.26763030841194,89.99324481268773,1.009169360797944,1.121031874458987
MAPbCl3_n1_[NH3+]CCCC[NH3+]_analysis,MAPbCl3_n1_[NH3+]CCCC[NH3+],Cl,1,-1.7338756186000006,-292.12168043,50,MAPbCl3_[NH3+]CCCC[NH3+],[NH3+]CCCC[NH3+],13.323174137689943,0.07207500985329432,7.435016136930119,7.816744488544671,7.44858924101725,10.977589042540195,80.95380240644762,89.88516903469811,89.04441208711737,1.0494261712674524,0.900635814293204
MAPbI3_n1_[NH3+]CCCCC[NH3+]_analysis,MAPbI3_n1_[NH3+]CCCCC[NH3+],I,1,-1.447823829285714,-320.87911604,56,MAPbI3_[NH3+]CCCCC[NH3+],[NH3+]CCCCC[NH3+],18.200894024979682,-0.00018176169386774355,6.185054044482169,8.528059344864465,8.694560717791536,12.616939195468836,89.6248432152119,89.95780030945927,90.00284159067027,0.9808499384464172,0.9962987412642151
MAPbCl3_n2_[NH3+]CC1CCC(C[NH3+])CC1_analysis,MAPbCl3_n2_[NH3+]CC1CCC(C[NH3+])CC1,Cl,2,-1.721862541702127,-489.16875185999993,94,MAPbCl3_[NH3+]CC1CCC(C[NH3+])CC1,[NH3+]CC1CCC(C[NH3+])CC1,16.051448124552667,0.2095071553190057,8.520216229419297,7.9663358429707065,7.969716383736675,16.80107344597483,90.10962806074849,91.59703655792806,89.43522127095065,0.999575826716636,0.9837613906183645
MAPbI3_n2_CC(C)(C[NH3+])C[NH3+]_analysis,MAPbI3_n2_CC(C)(C[NH3+])C[NH3+],I,2,-1.8874610340000004,-391.27270938,80,MAPbI3_CC(C)(C[NH3+])C[NH3+],CC(C)(C[NH3+])C[NH3+],13.06852925219301,0.4696276935616319,8.13602911993679,8.384367300946693,8.809599141746256,16.844611499561154,90.00920842509463,87.42140897649044,89.98724909589046,0.9517308524533759,1.02960143835362
MAPbI3_n2_[NH3+]CCCCCCC[NH3+]_analysis,MAPbI3_n2_[NH3+]CCCCCCC[NH3+],I,2,-1.6547692257608693,-460.55716163,92,MAPbI3_[NH3+]CCCCCCC[NH3+],[NH3+]CCCCCCC[NH3+],16.301402631703397,0.005275131064983785,8.36333783737161,8.57894761124945,8.730051205632142,21.171020618118668,89.99448038396994,89.78590031100696,89.99994411708559,0.982691556919482,1.0023230827138838
MAPbCl3_n1_[NH3+]CCCCCCC[NH3+]_analysis,MAPbCl3_n1_[NH3+]CCCCCCC[NH3+],Cl,1,-1.2779656252941176,-395.22005538,68,MAPbCl3_[NH3+]CCCCCCC[NH3+],[NH3+]CCCCCCC[NH3+],12.321616242383058,0.12167115295981494,8.659200414864145,7.838705072645166,7.633310798278441,13.623568201389823,80.64193645669445,69.78711153938184,87.51577880243742,1.026907626296711,1.155541971545664
MAPbCl3_n1_[NH3+]CCCC1CCC(CCC[NH3+])CC1_analysis,MAPbCl3_n1_[NH3+]CCCC1CCC(CCC[NH3+])CC1,Cl,1,-0.9285831791489364,-551.35902388,94,MAPbCl3_[NH3+]CCCC1CCC(CCC[NH3+])CC1,[NH3+]CCCC1CCC(CCC[NH3+])CC1,6.410881774152175,0.30380388539783704,11.367603536229122,7.594963208716469,7.761722266332022,15.90371135083959,99.2025355651802,84.3177477091712,89.37469075049499,0.978515199089395,1.1765320855977985
MAPbI3_n2_[NH3+]CCCCCCCC[NH3+]_analysis,MAPbI3_n2_[NH3+]CCCCCCCC[NH3+],I,2,-1.5584580255102043,-495.41801408,98,MAPbI3_[NH3+]CCCCCCCC[NH3+],[NH3+]CCCCCCCC[NH3+],6.5011697460844395,-0.38461805528359466,9.590719872393368,8.768429960513373,8.526131168326023,19.739939095206072,88.35364659552923,76.31554805445607,90.15823417749407,1.0284183749233735,1.1577411005747242
MAPbI3_n2_CC(C)(CCC[NH3+])CCC[NH3+]_analysis,MAPbI3_n2_CC(C)(CCC[NH3+])CCC[NH3+],I,2,-1.4647150840384602,-529.3108199599999,104,MAPbI3_CC(C)(CCC[NH3+])CCC[NH3+],CC(C)(CCC[NH3+])CCC[NH3+],15.597708719135152,-0.021271293009566317,8.563622086298945,8.58402992139351,8.693840534883355,21.37881716834639,89.73039402560383,90.58988783878279,89.99391538068974,0.9873691479560456,0.9905122543621144
MAPbI3_n2_[NH3+]CCCCCCCCCC[NH3+]_analysis,MAPbI3_n2_[NH3+]CCCCCCCCCC[NH3+],I,2,-1.3873551265454531,-563.5830653999999,110,MAPbI3_[NH3+]CCCCCCCCCC[NH3+],[NH3+]CCCCCCCCCC[NH3+],14.100378070153454,-0.2182487879579097,10.440871862154907,8.800509091883145,8.625870726968222,22.71318477364739,96.9143665873108,73.2178913332855,90.30460857732237,1.0202458824671379,1.3236432355878662
MAPbBr3_n3_CC(C)(CC[NH3+])C(C)(C)CC[NH3+]_analysis,MAPbBr3_n3_CC(C)(CC[NH3+])C(C)(C)CC[NH3+],Br,3,-1.7476510337313436,-644.99930196,134,MAPbBr3_CC(C)(CC[NH3+])C(C)(C)CC[NH3+],CC(C)(CC[NH3+])C(C)(C)CC[NH3+],12.982081228201565,0.026055673458780376,9.887084367074893,8.354402124176213,8.125597096813305,25.539771451130534,89.85132948541484,87.48102106575979,89.89941557928191,1.028158549413266,1.027095116069499
MAPbCl3_n1_[NH3+]CC1CCC(C[NH3+])CC1_analysis,MAPbCl3_n1_[NH3+]CC1CCC(C[NH3+])CC1,Cl,1,-1.239288912,-414.06389678,70,MAPbCl3_[NH3+]CC1CCC(C[NH3+])CC1,[NH3+]CC1CCC(C[NH3+])CC1,16.62817985855485,0.01853935710194038,8.446861960966142,7.87129276126309,7.919444725818243,10.959169685666543,93.22515759868953,91.79774090528224,88.44958674733073,0.9939197802090628,1.015549584111009
MAPbCl3_n2_[NH3+]CCCCC[NH3+]_analysis,MAPbCl3_n2_[NH3+]CCCCC[NH3+],Cl,2,-2.0248881725000003,-401.7920354,80,MAPbCl3_[NH3+]CCCCC[NH3+],[NH3+]CCCCC[NH3+],10.531340280496005,0.0039674860596008305,8.523703142011822,7.914778464137039,7.527986054698755,17.198241507108087,86.48766967866446,80.92661009189402,89.5613018607079,1.0513805959027858,1.06871731783224
MAPbI3_n1_[NH3+]CC1CCC(C[NH3+])CC1_analysis,MAPbI3_n1_[NH3+]CC1CCC(C[NH3+])CC1,I,1,-1.164021787142858,-408.79519804000006,70,MAPbI3_[NH3+]CC1CCC(C[NH3+])CC1,[NH3+]CC1CCC(C[NH3+])CC1,21.184903137239225,-0.12517219488246242,6.792844744735364,8.72826424551218,8.70950510255137,11.699399063380383,87.88397003883509,91.56178540028016,90.01577133941153,1.002153870138421,0.9598324197658795
MAPbBr3_n2_CC(C)(CCCC[NH3+])CCCC[NH3+]_analysis,MAPbBr3_n2_CC(C)(CCCC[NH3+])CCCC[NH3+],Br,2,-1.3756524156896557,-605.3135091,116,MAPbBr3_CC(C)(CCCC[NH3+])CCCC[NH3+],CC(C)(CCCC[NH3+])CCCC[NH3+],9.36937831256807,-0.09752203399969969,11.13707086035112,8.00211579625182,8.23123586608565,23.22277105566815,87.45698969604935,89.7260773588092,89.85920094026281,0.9721645602724313,0.9747109454736786
MAPbBr3_n2_[NH3+]CC1=CC=C(C[NH3+])C=C1_analysis,MAPbBr3_n2_[NH3+]CC1=CC=C(C[NH3+])C=C1,Br,2,-1.837698083170732,-440.51839134,82,MAPbBr3_[NH3+]CC1=CC=C(C[NH3+])C=C1,[NH3+]CC1=CC=C(C[NH3+])C=C1,7.176008520640058,-0.2662567427908408,9.346661710295272,8.219824119479895,7.935252614619445,18.670565978467838,96.79886682794913,89.49029371418133,89.63579665771363,1.0358616818746478,1.0816688917918884
MAPbI3_n1_CC(C)(CCC[NH3+])C(C)(C)CCC[NH3_analysis,MAPbI3_n1_CC(C)(CCC[NH3+])C(C)(C)CCC[NH3+],I,1,-0.8323043538775521,-560.9437046400001,98,MAPbI3_CC(C)(CCC[NH3+])C(C)(C)CCC[NH3+],CC(C)(CCC[NH3+])C(C)(C)CCC[NH3+],13.737056712030647,0.17994422264441856,12.300762761471074,8.62943843296099,8.636103504475233,16.451857754130355,91.0682561773966,95.3502837631415,90.49550299492154,0.9992282316312224,0.9550916115112795
MAPbBr3_n3_[NH3+]CCCCCCC[NH3+]_analysis,MAPbBr3_n3_[NH3+]CCCCCCC[NH3+],Br,3,-2.012550109396551,-541.7742055499999,116,MAPbBr3_[NH3+]CCCCCCC[NH3+],[NH3+]CCCCCCC[NH3+],17.44163844013243,-0.5136314646414065,8.977641861539144,8.223425230705445,8.21635707470431,25.506459250015634,94.53143748214823,97.0483769659037,91.38027493886527,1.0008602542388152,0.9740651048225181
MAPbI3_n1_[NH3+]CCCC[NH3+]_analysis,MAPbI3_n1_[NH3+]CCCC[NH3+],I,1,-1.6302738620000008,-286.94159260000004,50,MAPbI3_[NH3+]CCCC[NH3+],[NH3+]CCCC[NH3+],20.473044578763542,-0.00038909112778345856,7.184172160348031,8.701346093610605,8.574985977048978,10.67636496872766,89.96058632211687,84.93119530011467,89.9899163480259,1.0147358977495509,1.0592172405466593
MAPbCl3_n3_[NH3+]CCCCC[NH3+]_analysis,MAPbCl3_n3_[NH3+]CCCCC[NH3+],Cl,3,-2.278242141923078,-476.7381643600001,104,MAPbCl3_[NH3+]CCCCC[NH3+],[NH3+]CCCCC[NH3+],13.374126680187025,-0.22559959565128251,7.305853074046862,7.987755467685944,7.7795421027803044,22.304415679769754,88.25705114722223,82.7075829717944,90.45077824690523,1.0267642185304489,1.0670974531721034
MAPbI3_n3_CC(C)(CCC[NH3+])CCC[NH3+]_analysis,MAPbI3_n3_CC(C)(CCC[NH3+])CCC[NH3+],I,3,-1.7448194003124995,-600.31733446,128,MAPbI3_CC(C)(CCC[NH3+])CCC[NH3+],CC(C)(CCC[NH3+])CCC[NH3+],16.497015251642026,-0.030507528878864543,8.492732704688132,8.596099351822456,8.725528839231597,27.608545928955067,89.52351512389646,91.21522596172012,90.00386556743966,0.9851665738783417,0.9814536353992741
MAPbI3_n1_[NH3+]CCCCCCCCCC[NH3+]_analysis,MAPbI3_n1_[NH3+]CCCCCCCCCC[NH3+],I,1,-0.9534320203488376,-492.96915523000007,86,MAPbI3_[NH3+]CCCCCCCCCC[NH3+],[NH3+]CCCCCCCCCC[NH3+],9.106885177748726,-0.36560700046138694,12.308469067168613,8.742041625953044,8.404114655152657,15.870516302045175,88.70484849251041,62.54862589817388,90.7199982993625,1.040209704967935,1.4181742159598771
MAPbBr3_n1_[NH3+]CCCCCCCC[NH3+]_analysis,MAPbBr3_n1_[NH3+]CCCCCCCC[NH3+],Br,1,-1.157813097432432,-428.36729679,74,MAPbBr3_[NH3+]CCCCCCCC[NH3+],[NH3+]CCCCCCCC[NH3+],13.528243755567551,-0.137412387828733,11.151090002579245,8.435644392762319,7.507331428018097,15.078258124459083,85.51917024156766,113.21948681722054,90.80733110666773,1.1236541870630177,0.7553396738109954
MAPbCl3_n3_CC(C)(CCCC[NH3+])CCCC[NH3+]_analysis,MAPbCl3_n3_CC(C)(CCCC[NH3+])CCCC[NH3+],Cl,3,-1.692237080142858,-682.6510201000001,140,MAPbCl3_CC(C)(CCCC[NH3+])CCCC[NH3+],CC(C)(CCCC[NH3+])CCCC[NH3+],7.820950750478248,-0.08155199739090838,11.946996121601183,7.777723866002976,7.8460793359945225,28.071429656195228,84.48325109256457,96.22024101048214,90.29355664071201,0.9912879456013196,0.8780195331599829
MAPbBr3_n3_CC(C)(C[NH3+])C(C)(C)C[NH3+]_analysis,MAPbBr3_n3_CC(C)(C[NH3+])C(C)(C)C[NH3+],Br,3,-1.9094317249180333,-575.2850359400001,122,MAPbBr3_CC(C)(C[NH3+])C(C)(C)C[NH3+],CC(C)(C[NH3+])C(C)(C)C[NH3+],20.684721388620485,-0.28541441358252273,8.496749016567254,8.377314686719764,8.625549846138767,22.806615246518252,89.58367686298368,87.8996604413851,89.24615940677141,0.9712209466240432,1.0191583950739098
MAPbCl3_n1_CC(C)(CC[NH3+])C(C)(C)CC[NH3+]_analysis,MAPbCl3_n1_CC(C)(CC[NH3+])C(C)(C)CC[NH3+],Cl,1,-1.0103809552325589,-497.7068255900001,86,MAPbCl3_CC(C)(CC[NH3+])C(C)(C)CC[NH3+],CC(C)(CC[NH3+])C(C)(C)CC[NH3+],14.256987131988872,-0.1370501279553648,9.303800753455327,8.552139322599093,7.739451126137689,12.731116420644115,91.18772710109617,86.91343602435083,91.56912061330058,1.10500592137817,1.0491787147334481
MAPbCl3_n3_CC(C)(CC[NH3+])CC[NH3+]_analysis,MAPbCl3_n3_CC(C)(CC[NH3+])CC[NH3+],Cl,3,-2.044244962155172,-545.50447973,116,MAPbCl3_CC(C)(CC[NH3+])CC[NH3+],CC(C)(CC[NH3+])CC[NH3+],14.817530723469297,0.09755710971640552,6.4268001255087155,7.863084449966169,7.940357005593913,23.418836148928804,89.32735032638955,90.83288778769852,90.55709635379556,0.9902683776594293,0.9834251943544079
MAPbCl3_n3_[NH3+]CCCC1=CC=C(CCC[NH3+])C=C_analysis,MAPbCl3_n3_[NH3+]CCCC1=CC=C(CCC[NH3+])C=C1,Cl,3,-1.823569784692308,-655.64634041,130,MAPbCl3_[NH3+]CCCC1=CC=C(CCC[NH3+])C=C1,[NH3+]CCCC1=CC=C(CCC[NH3+])C=C1,10.094302410225799,-0.5680396168763119,9.843826871640129,7.787055830999121,7.887762897319892,26.696995888921883,90.7234474622466,99.52413744424891,90.06526473516931,0.9872324932136348,0.9115723058948162
MAPbBr3_n3_CC(C)(CC[NH3+])CC[NH3+]_analysis,MAPbBr3_n3_CC(C)(CC[NH3+])CC[NH3+],Br,3,-2.015240947758621,-542.14001406,116,MAPbBr3_CC(C)(CC[NH3+])CC[NH3+],CC(C)(CC[NH3+])CC[NH3+],23.47047882907499,-0.37847177191970205,5.947329758502825,8.227125442708955,8.286127486143098,23.939866981351912,89.95090840363308,90.32603907002917,89.30277946428707,0.9928794188198513,0.9958469266419925
MAPbI3_n1_[NH3+]CCC1CCC(CC[NH3+])CC1_analysis,MAPbI3_n1_[NH3+]CCC1CCC(CC[NH3+])CC1,I,1,-1.0003261913414632,-477.44789109,82,MAPbI3_[NH3+]CCC1CCC(CC[NH3+])CC1,[NH3+]CCC1CCC(CC[NH3+])CC1,17.601406436764847,-0.17152664811854612,7.76861245979193,8.524918283092656,8.617197974876355,13.702813784259495,98.1291654060409,97.66937099890703,89.4280229693,0.9892912183226216,1.004707662212128
MAPbBr3_n1_CC(C)(CCC[NH3+])CCC[NH3+]_analysis,MAPbBr3_n1_CC(C)(CCC[NH3+])CCC[NH3+],Br,1,-1.0673682621250002,-462.36991219,80,MAPbBr3_CC(C)(CCC[NH3+])CCC[NH3+],CC(C)(CCC[NH3+])CCC[NH3+],1.286017769688726,-0.026338777926609602,11.646463597978016,7.915944736959874,8.026656612952284,15.121656106688596,96.99333039686515,83.98745448159694,91.3423442408521,0.9862069749173326,1.1548549839442748
MAPbCl3_n2_[NH3+]CCCC1=CC=C(CCC[NH3+])C=C_analysis,MAPbCl3_n2_[NH3+]CCCC1=CC=C(CCC[NH3+])C=C1,Cl,2,-1.529788015471698,-580.73979804,106,MAPbCl3_[NH3+]CCCC1=CC=C(CCC[NH3+])C=C1,[NH3+]CCCC1=CC=C(CCC[NH3+])C=C1,8.039233941475885,0.07145273762508247,11.210653184231669,7.793978668082047,7.754146513302929,21.904413918956255,96.08202730022704,96.97602942062892,90.21352353770695,1.0051368844670117,0.9907812051520053
MAPbI3_n1_CC(C)(CC[NH3+])C(C)(C)CC[NH3+]_analysis,MAPbI3_n1_CC(C)(CC[NH3+])C(C)(C)CC[NH3+],I,1,-0.950692693720931,-492.5736351000001,86,MAPbI3_CC(C)(CC[NH3+])C(C)(C)CC[NH3+],CC(C)(CC[NH3+])C(C)(C)CC[NH3+],25.55024491862047,-0.11161820750569718,9.305422456469259,8.499449595744988,8.931702001142616,13.254483129512206,89.54011713740312,92.55922521716684,89.79877375823148,0.9516046991556222,0.9673818782225094
MAPbBr3_n3_[NH3+]CCCC1CCC(CCC[NH3+])CC1_analysis,MAPbBr3_n3_[NH3+]CCCC1CCC(CCC[NH3+])CC1,Br,3,-1.6483373695070422,-698.13611151,142,MAPbBr3_[NH3+]CCCC1CCC(CCC[NH3+])CC1,[NH3+]CCCC1CCC(CCC[NH3+])CC1,8.275619305104655,-0.16831578871444522,12.113253444363554,8.24823198453197,8.125972965073169,28.331081977384578,96.29623106720837,91.30439538457979,88.82435890001578,1.0150454622460954,1.0546724575701165
MAPbBr3_n2_CC(C)(CCCC[NH3+])C(C)(C)CCCC[N_analysis,MAPbBr3_n2_CC(C)(CCCC[NH3+])C(C)(C)CCCC[NH3+],Br,2,-1.196735014701492,-708.30175721,134,MAPbBr3_CC(C)(CCCC[NH3+])C(C)(C)CCCC[NH3+],CC(C)(CCCC[NH3+])C(C)(C)CCCC[NH3+],6.157120336272002,0.22628149593244284,12.847144348319802,7.911914887895535,8.409454976698466,23.73616581277255,76.48041534416568,89.697509921147,89.55980514059313,0.9408356320140185,0.8526481438715472
MAPbBr3_n1_[NH3+]CCC1=CC=C(CC[NH3+])C=C1_analysis,MAPbBr3_n1_[NH3+]CCC1=CC=C(CC[NH3+])C=C1,Br,1,-1.2231539877142852,-435.32113362,70,MAPbBr3_[NH3+]CCC1=CC=C(CC[NH3+])C=C1,[NH3+]CCC1=CC=C(CC[NH3+])C=C1,6.533908725215777,-0.0024686760811182262,9.935017530856896,7.767735890894151,8.124059614949601,15.034847660974094,97.76990513703144,77.99419190364142,90.01230128236728,0.9561396960455883,1.2535536653526982
MAPbI3_n1_[NH3+]CCCC1CCC(CCC[NH3+])CC1_analysis,MAPbI3_n1_[NH3+]CCCC1CCC(CCC[NH3+])CC1,I,1,-0.8679273776595744,-545.65737854,94,MAPbI3_[NH3+]CCCC1CCC(CCC[NH3+])CC1,[NH3+]CCCC1CCC(CCC[NH3+])CC1,13.23172253194683,-0.004106330667377478,11.053404953041298,8.553730268923184,8.517224249340199,16.336399491905713,81.932954433105,91.81519165443513,89.78523460287056,1.0042861404742058,0.8923681686738301
MAPbI3_n3_CC(C)(CC[NH3+])C(C)(C)CC[NH3+]_analysis,MAPbI3_n3_CC(C)(CC[NH3+])C(C)(C)CC[NH3+],I,3,-1.6719265345522392,-634.85221907,134,MAPbI3_CC(C)(CC[NH3+])C(C)(C)CC[NH3+],CC(C)(CC[NH3+])C(C)(C)CC[NH3+],21.277241273446492,-0.06360714105051257,9.698113998219199,8.536835223262486,8.998167261817754,26.132126794722538,89.93493034610935,91.51512758460838,90.0165334443247,0.9487304441969139,0.9827329395674165
MAPbBr3_n3_[NH3+]CCCCCC[NH3+]_analysis,MAPbBr3_n3_[NH3+]CCCCCC[NH3+],Br,3,-2.120795131181817,-507.5240917499999,110,MAPbBr3_[NH3+]CCCCCC[NH3+],[NH3+]CCCCCC[NH3+],17.83990159346486,-0.17259842040778078,7.854904661761276,8.231285908487086,8.234767003595058,24.44290400258539,84.51286991146056,84.55619274508426,89.25999199240422,0.9995772685363833,0.999487644462017
MAPbI3_n3_[NH3+]CCCCCC[NH3+]_analysis,MAPbI3_n3_[NH3+]CCCCCC[NH3+],I,3,-2.031131451727271,-497.6610870099999,110,MAPbI3_[NH3+]CCCCCC[NH3+],[NH3+]CCCCCC[NH3+],19.841514527601646,-0.0058787994288889145,7.684715118531499,8.792321816385632,8.468891500609745,24.290482125578436,90.22021428222186,81.32965336680846,89.97673745973547,1.0381903954906733,1.109315121205739
MAPbBr3_n3_[NH3+]CC1CCC(C[NH3+])CC1_analysis,MAPbBr3_n3_[NH3+]CC1CCC(C[NH3+])CC1,Br,3,-1.9767896446610176,-560.5748510100001,118,MAPbBr3_[NH3+]CC1CCC(C[NH3+])CC1,[NH3+]CC1CCC(C[NH3+])CC1,11.248095302288926,-0.06784374297045487,5.742562604571871,8.154327571232637,8.387061082318079,23.704203061296564,90.9265337275844,94.40734336145837,90.01596978026016,0.9722508863592159,0.9631298847109069
MAPbCl3_n3_[NH3+]C1CCC([NH3+])CC1_analysis,MAPbCl3_n3_[NH3+]C1CCC([NH3+])CC1,Cl,3,-2.232867615754718,-496.1259823100001,106,MAPbCl3_[NH3+]C1CCC([NH3+])CC1,[NH3+]C1CCC([NH3+])CC1,15.176270301953924,0.3117064830622268,6.027729467676917,7.895452261785635,7.97862335233144,21.738086917612094,87.03097410405114,90.77880896803474,88.52701904256564,0.989575759266603,0.9587146504058751
MAPbBr3_n2_CC(C)(C[NH3+])C(C)(C)C[NH3+]_analysis,MAPbBr3_n2_CC(C)(C[NH3+])C(C)(C)C[NH3+],Br,2,-1.621776807857143,-501.26849267,98,MAPbBr3_CC(C)(C[NH3+])C(C)(C)C[NH3+],CC(C)(C[NH3+])C(C)(C)C[NH3+],25.16992463456281,-0.335243553016156,8.285087222487247,8.467768264994701,8.728059098092219,16.625095710431804,89.3123765023373,88.12294855338456,89.99266096336947,0.9701776958459858,1.0134973689428037
MAPbI3_n1_[NH3+]C1CCC([NH3+])CC1_analysis,MAPbI3_n1_[NH3+]C1CCC([NH3+])CC1,I,1,-1.4077744646551724,-341.09293399,58,MAPbI3_[NH3+]C1CCC([NH3+])CC1,[NH3+]C1CCC([NH3+])CC1,10.089569866319223,0.19969037573958034,8.164766593749981,9.122465737539654,7.946939743773519,11.065973195167008,90.0035115724931,94.28281054861743,90.00098138243509,1.1479218455993916,0.9546120978869452
MAPbI3_n3_CC(C)(CCCC[NH3+])CCCC[NH3+]_analysis,MAPbI3_n3_CC(C)(CCCC[NH3+])CCCC[NH3+],I,3,-1.5961234360000005,-669.19510992,140,MAPbI3_CC(C)(CCCC[NH3+])CCCC[NH3+],CC(C)(CCCC[NH3+])CCCC[NH3+],15.221009897977732,-0.03129025819065545,10.36032709429217,8.617458162765603,8.694238127650864,29.517552685176916,89.76081084547133,89.5299421343043,89.99559477849382,0.991168867960831,1.0025786759788216
MAPbCl3_n3_[NH3+]CCCCCCC[NH3+]_analysis,MAPbCl3_n3_[NH3+]CCCCCCC[NH3+],Cl,3,-2.0438577847413795,-545.40589589,116,MAPbCl3_[NH3+]CCCCCCC[NH3+],[NH3+]CCCCCCC[NH3+],10.53383468526376,0.01381910188599414,9.03778568597555,7.809716086289602,7.8035105799280124,25.465255436333106,83.51316612070053,89.39338403900369,89.80286200951794,1.0007952198306171,0.9342208824342355
MAPbCl3_n3_CC(C)(CCCC[NH3+])C(C)(C)CCCC[N_analysis,MAPbCl3_n3_CC(C)(CCCC[NH3+])C(C)(C)CCCC[NH3+],Cl,3,-1.499781455506328,-784.9047352099999,158,MAPbCl3_CC(C)(CCCC[NH3+])C(C)(C)CCCC[NH3+],CC(C)(CCCC[NH3+])C(C)(C)CCCC[NH3+],11.414077044909071,0.2335086122759224,11.805940696839812,7.913036677212808,8.222993056481858,27.894152958025227,76.41142427464658,89.72313758327891,91.43690646789892,0.9623061363252977,0.8516356687116886
MAPbI3_n1_CC(C)(CCC[NH3+])CCC[NH3+]_analysis,MAPbI3_n1_CC(C)(CCC[NH3+])CCC[NH3+],I,1,-1.0157688738750004,-458.2419611300001,80,MAPbI3_CC(C)(CCC[NH3+])CCC[NH3+],CC(C)(CCC[NH3+])CCC[NH3+],11.871133014328956,0.006557231439625583,8.851983525174663,8.520207269854696,8.63701082320027,15.211843918300033,88.74367804562853,91.49310583877035,89.9864128258302,0.9864763914580467,0.9699493446207097
MAPbCl3_n3_CC(C)(C[NH3+])C[NH3+]_analysis,MAPbCl3_n3_CC(C)(C[NH3+])C[NH3+],Cl,3,-2.2707134926923085,-476.4300299000001,104,MAPbCl3_CC(C)(C[NH3+])C[NH3+],CC(C)(C[NH3+])C[NH3+],12.516939569448777,0.39353450901587544,5.865289013092173,7.905659819439977,7.986336367065904,20.914822267087516,90.35000960367921,88.01837655836844,90.1178336456587,0.9898981780984556,1.0264902982363526
MAPbCl3_n2_[NH3+]CCCCCCCCCC[NH3+]_analysis,MAPbCl3_n2_[NH3+]CCCCCCCCCC[NH3+],Cl,2,-1.476823524363636,-573.42458916,110,MAPbCl3_[NH3+]CCCCCCCCCC[NH3+],[NH3+]CCCCCCCCCC[NH3+],8.449525657522209,0.1447480431392383,11.30328603735667,7.709165091358746,7.871853823404787,22.31317500053024,107.28403477984543,78.53064758915502,90.20845725264194,0.9793328565677464,1.3661422396656921
MAPbBr3_n2_CC(C)(C[NH3+])C[NH3+]_analysis,MAPbBr3_n2_CC(C)(C[NH3+])C[NH3+],Br,2,-1.9846183946249996,-399.04529823,80,MAPbBr3_CC(C)(C[NH3+])C[NH3+],CC(C)(C[NH3+])C[NH3+],18.588779589275205,-1.0190409015136463,7.40629711529516,8.182077905650592,8.427868913348263,15.814402781568667,89.93269995150571,88.02651131636888,90.30697989163005,0.9708359242146753,1.0216547106846703
MAPbCl3_n1_[NH3+]CCC[NH3+]_analysis,MAPbCl3_n1_[NH3+]CCC[NH3+],Cl,1,-1.9674337400000004,-257.65595194,44,MAPbCl3_[NH3+]CCC[NH3+],[NH3+]CCC[NH3+],21.96439569921132,0.190101586232776,5.363806443022298,7.548450303386778,7.6288885612897195,9.629668246104977,97.48419778855211,93.00764821036168,88.31767997958606,0.9894560974043979,1.048130983465634
MAPbI3_n1_CC(C)(CCCC[NH3+])CCCC[NH3+]_analysis,MAPbI3_n1_CC(C)(CCCC[NH3+])CCCC[NH3+],I,1,-0.8829868590217397,-526.97261991,92,MAPbI3_CC(C)(CCCC[NH3+])CCCC[NH3+],CC(C)(CCCC[NH3+])CCCC[NH3+],12.607807872765605,0.07523659361461194,10.536864818617094,8.433040460618445,8.408505202244086,17.045498281760203,90.19189676194743,88.60460121974344,89.9861832604232,1.002917909638423,1.017914369235379
MAPbBr3_n1_[NH3+]CCCC[NH3+]_analysis,MAPbBr3_n1_[NH3+]CCCC[NH3+],Br,1,-1.7096055482000014,-290.90817691000007,50,MAPbBr3_[NH3+]CCCC[NH3+],[NH3+]CCCC[NH3+],12.071697148160053,-0.38907493929144954,7.315052228292859,8.021723032898613,8.010742957602636,10.811296048465476,83.95925708192247,83.77964500259179,89.28192250151447,1.00137066878242,1.0021438629791892
MAPbCl3_n2_[NH3+]CCC1=CC=C(CC[NH3+])C=C1_analysis,MAPbCl3_n2_[NH3+]CCC1=CC=C(CC[NH3+])C=C1,Cl,2,-1.7239941537234038,-511.75580493,94,MAPbCl3_[NH3+]CCC1=CC=C(CC[NH3+])C=C1,[NH3+]CCC1=CC=C(CC[NH3+])C=C1,6.895403386655499,-0.22670446585299803,9.29839269673391,7.670419185495611,7.763506343052165,20.079665974758676,80.86932746150725,80.14506581814858,90.11329840722685,0.9880096500932389,1.0090368837552899
MAPbCl3_n2_[NH3+]CCC[NH3+]_analysis,MAPbCl3_n2_[NH3+]CCC[NH3+],Cl,2,-2.379476486176469,-332.89326844,68,MAPbCl3_[NH3+]CCC[NH3+],[NH3+]CCC[NH3+],11.06754494673179,-0.4263154591172708,7.195267002233794,7.873954188972671,7.598050876673932,15.27858909736884,86.02637593582132,87.74359933228443,89.45578948278038,1.03631238021132,0.9804290750603928
MAPbCl3_n3_CC(C)(CC[NH3+])C(C)(C)CC[NH3+]_analysis,MAPbCl3_n3_CC(C)(CC[NH3+])C(C)(C)CC[NH3+],Cl,3,-1.768031506940299,-647.73028537,134,MAPbCl3_CC(C)(CC[NH3+])C(C)(C)CC[NH3+],CC(C)(CC[NH3+])C(C)(C)CC[NH3+],15.670551453924695,0.08170218767384568,9.342868610250523,8.24285614013645,7.869349192577829,24.0071795618008,91.59086334836448,89.02782345213737,91.64182903273344,1.0474635117108417,1.0287892009131845
MAPbI3_n3_[NH3+]C1=CC=C([NH3+])C=C1_analysis,MAPbI3_n3_[NH3+]C1=CC=C([NH3+])C=C1,I,3,-2.3575517451063823,-435.16861716,94,MAPbI3_[NH3+]C1=CC=C([NH3+])C=C1,[NH3+]C1=CC=C([NH3+])C=C1,17.192343662168398,-0.00029128579058645965,7.6484120177175,8.421490302591435,8.86050323597289,23.558548958471548,89.99603921174524,92.4517397770762,90.00719521195047,0.9504528217314904,0.973438027545482
MAPbI3_n3_[NH3+]CCCC[NH3+]_analysis,MAPbI3_n3_[NH3+]CCCC[NH3+],I,3,-2.282248504693876,-429.0882529599999,98,MAPbI3_[NH3+]CCCC[NH3+],[NH3+]CCCC[NH3+],35.24983897422074,0.011297430629719607,6.440437842648269,8.651894586197939,8.723337050035493,23.071017240792532,89.99737835472999,87.76883090124338,90.00026429476276,0.9918101910509965,1.0253911033176932
MAPbBr3_n1_[NH3+]CCC1CCC(CC[NH3+])CC1_analysis,MAPbBr3_n1_[NH3+]CCC1CCC(CC[NH3+])CC1,Br,1,-1.0490920163414634,-481.44668874,82,MAPbBr3_[NH3+]CCC1CCC(CC[NH3+])CC1,[NH3+]CCC1CCC(CC[NH3+])CC1,8.02683848950381,-0.1322099926954617,11.392238141503839,8.07817710425786,7.913521860227495,14.258490914531855,98.8649805361499,95.78713812223289,90.35555045965042,1.020806822415934,1.0321321053562473
MAPbI3_n2_[NH3+]CCC[NH3+]_analysis,MAPbI3_n2_[NH3+]CCC[NH3+],I,2,-2.233399358382353,-322.96002375,68,MAPbI3_[NH3+]CCC[NH3+],[NH3+]CCC[NH3+],18.21245464685078,-0.0019757024984199956,4.134275745521919,8.450417434290854,8.764255485921463,16.899780312154345,89.89136131874659,89.9435281090378,89.99803244873834,0.9641911338464806,0.9994200050699816
MAPbCl3_n2_[NH3+]CCCCCCCCC[NH3+]_analysis,MAPbCl3_n2_[NH3+]CCCCCCCCC[NH3+],Cl,2,-1.5600708662499996,-539.0950794299999,104,MAPbCl3_[NH3+]CCCCCCCCC[NH3+],[NH3+]CCCCCCCCC[NH3+],13.649675490800885,0.02342528115252462,9.525433452370365,7.948482779539651,7.711142289507894,20.938554317734077,86.43917401197253,109.44439766180113,90.5388495142678,1.0307789016362325,0.7897998971046646
MAPbCl3_n2_[NH3+]CCCCCCCC[NH3+]_analysis,MAPbCl3_n2_[NH3+]CCCCCCCC[NH3+],Cl,2,-1.6515994443877553,-504.54587313,98,MAPbCl3_[NH3+]CCCCCCCC[NH3+],[NH3+]CCCCCCCC[NH3+],6.528441299267664,-0.16791428921240883,12.085057930229208,7.584709641048133,7.835282030626088,21.846234408787062,88.5128611511942,88.55593208952688,89.62010490717321,0.9680199910356089,0.9995136301169624
MAPbBr3_n3_[NH3+]CCCC[NH3+]_analysis,MAPbBr3_n3_[NH3+]CCCC[NH3+],Br,3,-2.38174396622449,-438.83880819,98,MAPbBr3_[NH3+]CCCC[NH3+],[NH3+]CCCC[NH3+],27.845723776268233,-0.3192465968928195,6.218689319147581,8.269604364416926,8.257591339471631,22.06116300076491,86.41314680857342,86.41592732669481,88.7374720991606,1.001454785596845,0.9999678240087515
MAPbCl3_n2_[NH3+]CCCCCCC[NH3+]_analysis,MAPbCl3_n2_[NH3+]CCCCCCC[NH3+],Cl,2,-1.762810052282609,-470.49691767,92,MAPbCl3_[NH3+]CCCCCCC[NH3+],[NH3+]CCCCCCC[NH3+],9.028921063438073,0.13966511014566677,10.179367674581417,7.890156965961281,7.506654896402632,19.60029441766095,85.07914580820427,78.11307441783836,89.43866641210961,1.0510882776484678,1.0891793267936603
MAPbCl3_n1_CC(C)(CCC[NH3+])C(C)(C)CCC[NH3_analysis,MAPbCl3_n1_CC(C)(CCC[NH3+])C(C)(C)CCC[NH3+],Cl,1,-0.8858298821428573,-566.18920641,98,MAPbCl3_CC(C)(CCC[NH3+])C(C)(C)CCC[NH3+],CC(C)(CCC[NH3+])C(C)(C)CCC[NH3+],6.044601010562127,-0.0002842146724485184,12.637740262783854,8.289422883566864,7.590423994298386,15.013144233593778,93.85636409217734,106.43966411949062,91.67092525037108,1.0920895709901761,0.8817799724246866
MAPbBr3_n3_CC(C)(CCC[NH3+])C(C)(C)CCC[NH3_analysis,MAPbBr3_n3_CC(C)(CCC[NH3+])C(C)(C)CCC[NH3+],Br,3,-1.6031481653424655,-713.4375100999999,146,MAPbBr3_CC(C)(CCC[NH3+])C(C)(C)CCC[NH3+],CC(C)(CCC[NH3+])C(C)(C)CCC[NH3+],8.868204244683778,-0.29204612998097434,11.93829362923491,8.587164654905498,7.9789680805785945,27.481961023506127,89.91199167967378,95.61051713030588,91.21106269364958,1.0762249664599235,0.9403985500584032
MAPbBr3_n3_[NH3+]CCCC1=CC=C(CCC[NH3+])C=C_analysis,MAPbBr3_n3_[NH3+]CCCC1=CC=C(CCC[NH3+])C=C1,Br,3,-1.7974840264615393,-652.2551918400001,130,MAPbBr3_[NH3+]CCCC1=CC=C(CCC[NH3+])C=C1,[NH3+]CCCC1=CC=C(CCC[NH3+])C=C1,13.635580457845723,-0.5377035603841563,8.71008582105515,8.687497075226084,8.122070942695888,25.442708260653088,88.6543569661905,99.80778711823706,89.3811513962178,1.0696160051444366,0.8882509023185369
MAPbBr3_n2_CC(C)(CC[NH3+])C(C)(C)CC[NH3+]_analysis,MAPbBr3_n2_CC(C)(CC[NH3+])C(C)(C)CC[NH3+],Br,2,-1.4551343658181823,-570.87884368,110,MAPbBr3_CC(C)(CC[NH3+])C(C)(C)CC[NH3+],CC(C)(CC[NH3+])C(C)(C)CC[NH3+],13.918216455597758,0.0612273166746079,9.836551266308518,8.614045124700588,7.910850053522023,19.30834503125182,90.2807978605991,87.38797223452733,89.36492051344912,1.088889950690633,1.0331032469583818
MAPbBr3_n1_[NH3+]CCCCCCCCC[NH3+]_analysis,MAPbBr3_n1_[NH3+]CCCCCCCCC[NH3+],Br,1,-1.06587166925,-462.11744288,80,MAPbBr3_[NH3+]CCCCCCCCC[NH3+],[NH3+]CCCCCCCCC[NH3+],7.020033021623961,-0.021749052141920244,11.535573620756427,7.910103435952956,7.92422345550826,17.68894459162218,89.46166584263526,89.05430992725199,89.90228427310862,0.9982181194618522,1.004574241445653
MAPbI3_n1_[NH3+]CCCCCCCC[NH3+]_analysis,MAPbI3_n1_[NH3+]CCCCCCCC[NH3+],I,1,-1.1037855612162168,-424.36925911,74,MAPbI3_[NH3+]CCCCCCCC[NH3+],[NH3+]CCCCCCCC[NH3+],4.0832608446286836,0.12787511359400897,10.272690820132063,8.82719669267565,8.387239015458029,13.747208879727447,88.02940438363457,69.9464179537634,90.28256687666789,1.0524556026609904,1.258526268519205
MAPbI3_n1_[NH3+]CCC[NH3+]_analysis,MAPbI3_n1_[NH3+]CCC[NH3+],I,1,-1.839704519318181,-252.03586623,44,MAPbI3_[NH3+]CCC[NH3+],[NH3+]CCC[NH3+],19.492675269176264,-0.012498613700161698,4.092197406110678,8.458632351766932,8.650111951046325,10.497659550634518,89.53410181070961,89.87840202735566,90.00383979306386,0.9778639166333296,0.9961692663767959
MAPbCl3_n1_[NH3+]CCCCCCCC[NH3+]_analysis,MAPbCl3_n1_[NH3+]CCCCCCCC[NH3+],Cl,1,-1.1756055751351362,-429.68394014000006,74,MAPbCl3_[NH3+]CCCCCCCC[NH3+],[NH3+]CCCCCCCC[NH3+],11.406912949859537,-0.19677780730396213,10.112017442517509,7.879273965735138,7.65745180335951,14.240007425037934,86.33178918766487,66.66783148555511,88.33745950550208,1.0289681434597224,1.2949542120080857
MAPbBr3_n3_[NH3+]CCCCCCCCC[NH3+]_analysis,MAPbBr3_n3_[NH3+]CCCCCCCCC[NH3+],Br,3,-1.8263004705468744,-610.61416957,128,MAPbBr3_[NH3+]CCCCCCCCC[NH3+],[NH3+]CCCCCCCCC[NH3+],12.49475884150036,-0.3660710074536835,10.989048131761201,8.069225292593465,8.359631526467572,27.72591920784853,98.83124735213391,96.76290610111273,91.04777549158601,0.965260881062204,1.0213753527499458
MAPbI3_n2_CC(C)(CCCC[NH3+])C(C)(C)CCCC[N_analysis,MAPbI3_n2_CC(C)(CCCC[NH3+])C(C)(C)CCCC[NH3+],I,2,-1.1435241402238807,-701.1715000300001,134,MAPbI3_CC(C)(CCCC[NH3+])C(C)(C)CCCC[NH3+],CC(C)(CCCC[NH3+])C(C)(C)CCCC[NH3+],11.405818323366681,-0.09722312720531484,12.302500545932713,8.743192497780543,8.507683236069346,24.029757917960655,91.63774015842722,79.11318911965427,89.90728797606761,1.0276819499711423,1.1583117957718816
MAPbBr3_n1_[NH3+]CC1=CC=C(C[NH3+])C=C1_analysis,MAPbBr3_n1_[NH3+]CC1=CC=C(C[NH3+])C=C1,Br,1,-1.323972877586207,-366.61757542,58,MAPbBr3_[NH3+]CC1=CC=C(C[NH3+])C=C1,[NH3+]CC1=CC=C(C[NH3+])C=C1,8.532644625777467,-0.6524922465035835,8.142753789503237,8.029131177020702,7.853514531755379,12.724877709901468,99.97907872042894,89.5082132834331,89.76902679930934,1.02236153566091,1.1169821746283688
MAPbCl3_n2_CC(C)(CCCC[NH3+])C(C)(C)CCCC[N_analysis,MAPbCl3_n2_CC(C)(CCCC[NH3+])C(C)(C)CCCC[NH3+],Cl,2,-1.208015261791045,-709.81331032,134,MAPbCl3_CC(C)(CCCC[NH3+])C(C)(C)CCCC[NH3+],CC(C)(CCCC[NH3+])C(C)(C)CCCC[NH3+],10.28978628423161,0.1663646691496192,12.094480754812913,7.805381427494387,8.338633844687179,22.62204541354416,74.03900272482537,88.26491164799403,91.20320398705768,0.9360503858155921,0.8388271323501407
MAPbI3_n2_CC(C)(CCCC[NH3+])CCCC[NH3+]_analysis,MAPbI3_n2_CC(C)(CCCC[NH3+])CCCC[NH3+],I,2,-1.314230216810345,-598.18853403,116,MAPbI3_CC(C)(CCCC[NH3+])CCCC[NH3+],CC(C)(CCCC[NH3+])CCCC[NH3+],14.477430326437661,-0.01758641358843832,10.44387441511753,8.615472143477566,8.657340461706497,23.28375322267983,89.93840030042522,89.38756331390483,89.99657843534261,0.9951638360055118,1.0061623448061336
MAPbI3_n2_[NH3+]CCC1CCC(CC[NH3+])CC1_analysis,MAPbI3_n2_[NH3+]CCC1CCC(CC[NH3+])CC1,I,2,-1.445897315283018,-548.6862588199999,106,MAPbI3_[NH3+]CCC1CCC(CC[NH3+])CC1,[NH3+]CCC1CCC(CC[NH3+])CC1,18.99172860121147,-0.2367493229291739,7.936588391139489,8.644716790193554,8.762910548911554,19.956531459996867,94.70671775526478,95.76742146922261,89.83292489366558,0.9865120432237345,0.9889241696426094
MAPbCl3_n3_CC(C)(C[NH3+])C(C)(C)C[NH3+]_analysis,MAPbCl3_n3_CC(C)(C[NH3+])C(C)(C)C[NH3+],Cl,3,-1.934721528360656,-578.37039196,122,MAPbCl3_CC(C)(C[NH3+])C(C)(C)C[NH3+],CC(C)(C[NH3+])C(C)(C)C[NH3+],8.611942538513953,0.12146923576079105,8.396136793472365,8.008151711124796,8.24853953406644,22.123671589510746,89.27119216928922,88.95136220771631,89.13445208941451,0.970856922980263,1.0035955600188118
MAPbBr3_n2_[NH3+]CCCCCCCCC[NH3+]_analysis,MAPbBr3_n2_[NH3+]CCCCCCCCC[NH3+],Br,2,-1.5323423677884618,-536.21131559,104,MAPbBr3_[NH3+]CCCCCCCCC[NH3+],[NH3+]CCCCCCCCC[NH3+],8.683264714601147,-0.0858701575557256,11.318954032307058,7.901191686054379,8.176007188882988,23.655696073344632,91.57721272396064,89.26200292972734,89.55202536915147,0.9663875659010821,1.0259372377746887
MAPbCl3_n1_[NH3+]CCCCCCCCCC[NH3+]_analysis,MAPbCl3_n1_[NH3+]CCCCCCCCCC[NH3+],Cl,1,-1.0181021979069766,-498.5307905,86,MAPbCl3_[NH3+]CCCCCCCCCC[NH3+],[NH3+]CCCCCCCCCC[NH3+],14.369057785561154,-0.4355712976871571,11.740846087027897,6.5162513224451155,8.126208725185661,17.331622444321045,119.07800396578206,90.31360113250008,89.68998838370115,0.801880870011278,1.3184946948475833
MAPbBr3_n2_[NH3+]CC1CCC(C[NH3+])CC1_analysis,MAPbBr3_n2_[NH3+]CC1CCC(C[NH3+])CC1,Br,2,-1.695383047340426,-486.6796793900001,94,MAPbBr3_[NH3+]CC1CCC(C[NH3+])CC1,[NH3+]CC1CCC(C[NH3+])CC1,15.975714765315852,-0.19390270032683563,5.753300554199128,8.049691612976247,8.327155095276101,17.855963100085795,89.98470441848632,96.42233152901053,90.347633069718,0.9666796788188494,0.9332351021963482
MAPbBr3_n3_[NH3+]CCCCCCCCCC[NH3+]_analysis,MAPbBr3_n3_[NH3+]CCCCCCCCCC[NH3+],Br,3,-1.7456006435074618,-644.8844877099999,134,MAPbBr3_[NH3+]CCCCCCCCCC[NH3+],[NH3+]CCCCCCCCCC[NH3+],10.060751881480401,-0.12038291931578088,11.781973355279462,8.13976707298767,8.165243980978763,29.348218082051293,96.57256978921657,80.80086723578273,90.06894363378021,0.9968798350606004,1.1951922435115812
MAPbI3_n1_[NH3+]CC1=CC=C(C[NH3+])C=C1_analysis,MAPbI3_n1_[NH3+]CC1=CC=C(C[NH3+])C=C1,I,1,-1.253217132068966,-362.51374218,58,MAPbI3_[NH3+]CC1=CC=C(C[NH3+])C=C1,[NH3+]CC1=CC=C(C[NH3+])C=C1,21.94040751751505,0.023483734323744065,8.322952847345661,8.653219360033589,8.619233840066412,12.241354769514972,90.14365973907155,90.63049493717809,89.99145006995721,1.0039429861862195,0.9946283511036325
MAPbBr3_n2_[NH3+]CCC[NH3+]_analysis,MAPbBr3_n2_[NH3+]CCC[NH3+],Br,2,-2.338988832500001,-330.14010799000005,68,MAPbBr3_[NH3+]CCC[NH3+],[NH3+]CCC[NH3+],19.77516799880582,-0.16238378909236245,4.0809705989194995,8.098192020036883,8.108637989648004,16.141900450037628,89.76576799082778,89.77696166941067,89.47912526604742,0.9987117479378834,0.9998753168031671
MAPbBr3_n1_[NH3+]CCCCCCC[NH3+]_analysis,MAPbBr3_n1_[NH3+]CCCCCCC[NH3+],Br,1,-1.252951180147059,-393.51907311,68,MAPbBr3_[NH3+]CCCCCCC[NH3+],[NH3+]CCCCCCC[NH3+],8.899253003297119,-0.0063985656020982,9.096051273051332,7.934122074697035,7.953635398487878,15.207134526061429,89.96675327765692,90.13471946523802,89.97617157723938,0.9975466157532752,0.998136498470538
MAPbI3_n2_CC(C)(CCC[NH3+])C(C)(C)CCC[NH3_analysis,MAPbI3_n2_CC(C)(CCC[NH3+])C(C)(C)CCC[NH3+],I,2,-1.2541291534426229,-632.3816346799999,122,MAPbI3_CC(C)(CCC[NH3+])C(C)(C)CCC[NH3+],CC(C)(CCC[NH3+])C(C)(C)CCC[NH3+],25.386918392689225,0.4363926980533103,10.059977753152259,8.798570427021904,8.895645730043842,21.28288843171041,89.03066741277532,80.75752026081432,90.14036283613201,0.9890873236223786,1.1024442940452117
MAPbCl3_n1_[NH3+]CCCCC[NH3+]_analysis,MAPbCl3_n1_[NH3+]CCCCC[NH3+],Cl,1,-1.5475406221428574,-326.46325644,56,MAPbCl3_[NH3+]CCCCC[NH3+],[NH3+]CCCCC[NH3+],10.563182061990286,0.0017088279819865437,6.665051969392875,7.694078128916346,7.636936568601669,12.388180026010547,89.21789842030908,88.83921346462468,90.09960804690317,1.0074822620040615,1.0042625878923972
MAPbI3_n2_[NH3+]CC1=CC=C(C[NH3+])C=C1_analysis,MAPbI3_n2_[NH3+]CC1=CC=C(C[NH3+])C=C1,I,2,-1.7531302064634142,-433.58382545,82,MAPbI3_[NH3+]CC1=CC=C(C[NH3+])C=C1,[NH3+]CC1=CC=C(C[NH3+])C=C1,26.006438700208108,0.0018714806789693617,8.106167862446085,8.641965884474017,8.689985462161946,18.43136608390891,90.05580650528408,90.62797119478766,89.99606052791468,0.9944741475233743,0.9936866655850232
MAPbCl3_n3_[NH3+]CCCCCC[NH3+]_analysis,MAPbCl3_n3_[NH3+]CCCCCC[NH3+],Cl,3,-2.155653936636364,-511.35856035,110,MAPbCl3_[NH3+]CCCCCC[NH3+],[NH3+]CCCCCC[NH3+],14.080334274326855,0.27770313807692415,6.682621176138576,7.7929121082450825,7.8524586698314485,23.001157155292503,81.80733922803634,92.08269564472891,90.25166471957033,0.9924168258516101,0.8884116462409323
MAPbCl3_n1_[NH3+]CCC1CCC(CC[NH3+])CC1_analysis,MAPbCl3_n1_[NH3+]CCC1CCC(CC[NH3+])CC1,Cl,1,-1.064264576585366,-482.69083868,82,MAPbCl3_[NH3+]CCC1CCC(CC[NH3+])CC1,[NH3+]CCC1CCC(CC[NH3+])CC1,9.250330177995579,-0.02532129959364915,8.79599776466606,7.804289809006565,7.771249368392701,13.808490868216367,93.67820049331795,84.7386054462484,88.48101858610711,1.004251625324011,1.1054961313086529
MAPbI3_n3_CC(C)(CCCC[NH3+])C(C)(C)CCCC[N_analysis,MAPbI3_n3_CC(C)(CCCC[NH3+])C(C)(C)CCCC[NH3+],I,3,-1.4177872092405062,-771.9496443,158,MAPbI3_CC(C)(CCCC[NH3+])C(C)(C)CCCC[NH3+],CC(C)(CCCC[NH3+])C(C)(C)CCCC[NH3+],12.679470598528303,-0.16514725807102323,12.127003895296198,8.61136122381461,8.462689456304943,29.991258472439178,90.84465153431398,80.586357031487,89.99051836290373,1.0175679100925654,1.1272956723781276
MAPbBr3_n1_[NH3+]CCCCC[NH3+]_analysis,MAPbBr3_n1_[NH3+]CCCCC[NH3+],Br,1,-1.5193046858928565,-324.88204401,56,MAPbBr3_[NH3+]CCCCC[NH3+],[NH3+]CCCCC[NH3+],12.21665013811825,-0.00702218222856843,6.583138886640985,7.950999775327182,7.980077278336999,12.675718310654702,89.86711639634585,90.02480169581055,89.72636291018745,0.9963562379165485,0.9982484238066137
MAPbCl3_n3_CC(C)(CCC[NH3+])CCC[NH3+]_analysis,MAPbCl3_n3_CC(C)(CCC[NH3+])CCC[NH3+],Cl,3,-1.854471997890624,-614.3528669499999,128,MAPbCl3_CC(C)(CCC[NH3+])CCC[NH3+],CC(C)(CCC[NH3+])CCC[NH3+],6.4633162337349175,-0.06943791731190485,10.65344054555202,7.747501864725307,8.029137025635594,24.894024130002645,91.57995148853458,85.53467874356646,89.93600897617061,0.9649233585114968,1.0706762781338302
MAPbBr3_n2_CC(C)(CCC[NH3+])C(C)(C)CCC[NH3_analysis,MAPbBr3_n2_CC(C)(CCC[NH3+])C(C)(C)CCC[NH3+],Br,2,-1.311038914098361,-639.32462548,122,MAPbBr3_CC(C)(CCC[NH3+])C(C)(C)CCC[NH3+],CC(C)(CCC[NH3+])C(C)(C)CCC[NH3+],6.225167396532576,-0.32717406610825167,12.009596133145862,8.62054360216636,7.910999588217761,21.654974604951995,88.36089324900342,97.53806205594707,91.08150152304538,1.0896908166959531,0.9059119218333486
MAPbBr3_n2_[NH3+]CCC1CCC(CC[NH3+])CC1_analysis,MAPbBr3_n2_[NH3+]CCC1CCC(CC[NH3+])CC1,Br,2,-1.5100250056603772,-555.483794,106,MAPbBr3_[NH3+]CCC1CCC(CC[NH3+])CC1,[NH3+]CCC1CCC(CC[NH3+])CC1,16.81844050518844,-0.37909480697674486,7.9229081905570045,8.346375562255528,8.225364645058766,19.319651391098986,95.12594699148562,97.66244500078125,90.59691448742768,1.0147119212847855,0.9740279079714281
MAPbI3_n2_[NH3+]CCCC[NH3+]_analysis,MAPbI3_n2_[NH3+]CCCC[NH3+],I,2,-2.0610049832432438,-357.94226826,74,MAPbI3_[NH3+]CCCC[NH3+],[NH3+]CCCC[NH3+],25.315269064359285,-0.18159182844064403,6.91025930127056,8.684582393606416,8.619037783324009,17.01702736651698,90.00205704112905,86.6574948347525,89.99438679332636,1.0076046319705456,1.038595186864729
MAPbBr3_n1_[NH3+]C1CCC([NH3+])CC1_analysis,MAPbBr3_n1_[NH3+]C1CCC([NH3+])CC1,Br,1,-1.4740068944827585,-344.93441492,58,MAPbBr3_[NH3+]C1CCC([NH3+])CC1,[NH3+]C1CCC([NH3+])CC1,2.1149466087076068,-0.0015962900910156397,8.246314446492551,7.74130408698062,8.580560706006267,10.622736498047686,95.8391426339929,93.35852717154083,91.06520963123516,0.902190935093766,1.0265708504365552
MAPbI3_n2_[NH3+]CCCCCCCCC[NH3+]_analysis,MAPbI3_n2_[NH3+]CCCCCCCCC[NH3+],I,2,-1.4699982096153836,-529.7275231399999,104,MAPbI3_[NH3+]CCCCCCCCC[NH3+],[NH3+]CCCCCCCCC[NH3+],19.771536962733393,-0.1413339658295153,8.520977645189033,8.826602384024365,8.518632870175256,20.952717445632217,89.85138474338343,71.67296643806233,89.43003618300408,1.0361524576234935,1.2536300534041709
MAPbCl3_n1_CC(C)(C[NH3+])C[NH3+]_analysis,MAPbCl3_n1_CC(C)(C[NH3+])C[NH3+],Cl,1,-1.531102752321429,-326.01758079,56,MAPbCl3_CC(C)(C[NH3+])C[NH3+],CC(C)(C[NH3+])C[NH3+],15.742792118321042,0.026353358892463596,7.806771298957804,8.244230338615484,7.637023193004878,9.785452768207191,96.53241845821468,90.20910570196125,91.63749135959185,1.079508354271698,1.0700961694171407
MAPbI3_n1_CC(C)(CCCC[NH3+])C(C)(C)CCCC[N_analysis,MAPbI3_n1_CC(C)(CCCC[NH3+])C(C)(C)CCCC[NH3+],I,1,-0.7468318685454547,-630.0907707800001,110,MAPbI3_CC(C)(CCCC[NH3+])C(C)(C)CCCC[NH3+],CC(C)(CCCC[NH3+])C(C)(C)CCCC[NH3+],5.797159021524836,0.4351713617459697,13.188701076834626,8.787488492114871,8.329376103156779,18.01404618626839,90.98690812200557,74.41276295001443,89.92745598074647,1.0549996042061867,1.2227325597777436
MAPbCl3_n1_[NH3+]CCCC1=CC=C(CCC[NH3+])C=C_analysis,MAPbCl3_n1_[NH3+]CCCC1=CC=C(CCC[NH3+])C=C1,Cl,1,-1.0600985932926832,-505.51035305,82,MAPbCl3_[NH3+]CCCC1=CC=C(CCC[NH3+])C=C1,[NH3+]CCCC1=CC=C(CCC[NH3+])C=C1,12.937019136752312,0.12521936816777957,10.818659366619778,7.3726375436843625,7.756320684926361,16.799183784885187,90.67050711300143,109.91675707177043,89.41996316552839,0.9505328419455827,0.8249015848766161
MAPbI3_n3_[NH3+]CC1=CC=C(C[NH3+])C=C1_analysis,MAPbI3_n3_[NH3+]CC1=CC=C(C[NH3+])C=C1,I,3,-2.026502751792453,-504.6364402100001,106,MAPbI3_[NH3+]CC1=CC=C(C[NH3+])C=C1,[NH3+]CC1=CC=C(C[NH3+])C=C1,28.842274075991874,0.005935877017245961,7.940219245185718,8.652391762154636,8.71973411087464,24.614600619920036,90.0363285299436,90.43642227603814,90.00042637368765,0.9922770180989786,0.9955759666733239
MAPbI3_n1_CC(C)(CC[NH3+])CC[NH3+]_analysis,MAPbI3_n1_CC(C)(CC[NH3+])CC[NH3+],I,1,-1.2020120451470593,-390.10888319,68,MAPbI3_CC(C)(CC[NH3+])CC[NH3+],CC(C)(CC[NH3+])CC[NH3+],20.40866763433123,-0.0028130223266243926,5.981921509163463,8.699397562792683,8.540666211807649,12.429221494135756,89.98487991980137,90.00194594555363,89.99952423058097,1.0185853593910021,0.9998103815914983
MAPbCl3_n2_CC(C)(CC[NH3+])CC[NH3+]_analysis,MAPbCl3_n2_CC(C)(CC[NH3+])CC[NH3+],Cl,2,-1.7605763973913042,-470.34509268,92,MAPbCl3_CC(C)(CC[NH3+])CC[NH3+],CC(C)(CC[NH3+])CC[NH3+],17.560331452961343,0.05426596934738859,6.281733039911412,8.035381219879055,7.533172679984668,17.461906166313273,89.78011175911018,92.3692873171508,91.60636661551602,1.0666662721310949,0.971969302424618
MAPbBr3_n1_[NH3+]C1=CC=C([NH3+])C=C1_analysis,MAPbBr3_n1_[NH3+]C1=CC=C([NH3+])C=C1,Br,1,-1.817211786086956,-297.15049528,46,MAPbBr3_[NH3+]C1=CC=C([NH3+])C=C1,[NH3+]C1=CC=C([NH3+])C=C1,3.058926572218178,0.004926453608246714,8.287631829648427,7.874840120534938,8.074393440755781,10.812846594493111,90.0083342412508,84.00707319494708,90.00607200064559,0.9752856580887438,1.0714375685054183
MAPbCl3_n1_CC(C)(C[NH3+])C(C)(C)C[NH3+]_analysis,MAPbCl3_n1_CC(C)(C[NH3+])C(C)(C)C[NH3+],Cl,1,-1.1619206266216218,-428.31649187,74,MAPbCl3_CC(C)(C[NH3+])C(C)(C)C[NH3+],CC(C)(C[NH3+])C(C)(C)C[NH3+],14.363031541860153,-0.10423226154815718,7.302804643275719,8.130825070022862,8.506739826902782,10.613611936093506,93.84162153041778,90.26684470574763,92.15634244786067,0.9558097738347328,1.0396023239354741
MAPbCl3_n2_[NH3+]CCCC1CCC(CCC[NH3+])CC1_analysis,MAPbCl3_n2_[NH3+]CCCC1CCC(CCC[NH3+])CC1,Cl,2,-1.3765210870338982,-626.50169331,118,MAPbCl3_[NH3+]CCCC1CCC(CCC[NH3+])CC1,[NH3+]CCCC1CCC(CCC[NH3+])CC1,8.281448501423853,0.05585009104996358,12.787256399450197,7.859234562504255,7.784743486120753,21.968734517544586,95.38211880261844,90.21935695334122,89.56406015502402,1.0095688543259402,1.0572245471883295
