molecule,bond_length_mae,bond_length_std,bond_angle_mae,bond_angle_std,dihedral_angle_mae,dihedral_angle_std,is_isomorphic,chemical_formula,bond_classification,angle_classification,dihedral_classification
MAPbCl3_n3_CC(C)(CCC[NH3+])C(C)(C)CCC[NH3+],0.01074268288964715,0.0073421396552859515,2.2131333651506093,1.3318542600295131,69.51678245377562,113.46905854851832,True,C12H30N2,Normal bond fluctuations,Normal angle flexibility,Moderate conformational change
MAPbI3_n2_CC(C)(CCCC[NH3+])CCCC[NH3+],0.01064154857283441,0.0038173749446419347,2.725677508942756,1.7567521561426747,2.53947824074651,2.185529291150499,True,C11H28N2,Normal bond fluctuations,Normal angle flexibility,Local torsional oscillation
MAPbBr3_n3_CC(C)(CCCC[NH3+])CCCC[NH3+],0.006160275642442796,0.005579970915449376,0.3955738348509489,0.19602888463380633,6.383808607599271,4.490565048277655,True,C11H28N2,Normal bond fluctuations,Normal angle flexibility,Local torsional oscillation
MAPbI3_n3_[NH3+]C1=CC=C([NH3+])C=C1,0.039261066021112345,0.016626980691551732,4.3522901775944804,1.3221093598292486,19.327610975672147,16.74562201058566,True,C6H10N2,Normal bond fluctuations,Normal angle flexibility,Local torsional oscillation
MAPbI3_n3_[NH3+]CCCCCCC[NH3+],0.008851642895792988,0.004594440957786037,3.718923191830277,0.2107785464680003,3.5210456606756537,2.5469836698952273,True,C7H20N2,Normal bond fluctuations,Normal angle flexibility,Local torsional oscillation
MAPbCl3_n2_[NH3+]CCCC[NH3+],0.01870107493214306,0.010845961538958839,1.7019234248051802,1.1768448862252194,3.0244673187726128,2.585592662528899,True,C4H14N2,Normal bond fluctuations,Normal angle flexibility,Local torsional oscillation
MAPbI3_n2_[NH3+]CCCC1CCC(CCC[NH3+])CC1,0.007611200281347763,0.005286279951579807,0.7606597803098563,0.5465772424290695,3.306652580449235,3.419908818812695,True,C12H28N2,Normal bond fluctuations,Normal angle flexibility,Local torsional oscillation
MAPbI3_n3_[NH3+]CCCCCCCCC[NH3+],0.009763945336336422,0.004832437926164417,2.2533720047664363,0.40895556231083896,10.739339499034354,8.276383961571549,True,C9H24N2,Normal bond fluctuations,Normal angle flexibility,Local torsional oscillation
MAPbI3_n1_CC(C)(C[NH3+])C[NH3+],0.018379481662361547,0.011952361232631041,1.1896916881393587,0.751226955491223,84.41769316891333,108.41221205159299,True,C5H16N2,Normal bond fluctuations,Normal angle flexibility,Moderate conformational change
MAPbBr3_n3_CC(C)(C[NH3+])C(C)(C)C[NH3+],0.010025478741229376,0.003421591683538738,0.8384479186994034,0.4983318473129032,66.80253954412653,97.87642805270234,True,C8H22N2,Normal bond fluctuations,Normal angle flexibility,Moderate conformational change
MAPbBr3_n1_[NH3+]CCCCC[NH3+],0.010903064532482132,0.007909532543140613,1.7999189315929782,0.6348806452563122,2.3534117749321055,0.7750653230398957,True,C5H16N2,Normal bond fluctuations,Normal angle flexibility,Local torsional oscillation
MAPbI3_n2_CC(C)(CCC[NH3+])CCC[NH3+],0.008438577669191916,0.005689869918661763,2.031697204961804,1.5547284813838462,54.24271282300142,112.86508419163009,True,C9H24N2,Normal bond fluctuations,Normal angle flexibility,Moderate conformational change
MAPbBr3_n2_[NH3+]CCCC1CCC(CCC[NH3+])CC1,0.00389122048839157,0.005742337600830703,0.39137765193798124,0.20306026834745405,3.7044022355790833,3.579097667531164,True,C12H28N2,Normal bond fluctuations,Normal angle flexibility,Local torsional oscillation
MAPbBr3_n2_[NH3+]C1=CC=C([NH3+])C=C1,0.03771178202858819,0.013676882530881805,4.268840011118956,1.4510359242560977,18.20704276030248,15.367073741318787,True,C6H10N2,Normal bond fluctuations,Normal angle flexibility,Local torsional oscillation
MAPbI3_n3_[NH3+]CCC[NH3+],0.01366511105493029,0.006541035493359092,4.3023374893776065,1.112320991288088,0.18919152208457035,0.1425935682936199,True,C3H12N2,Normal bond fluctuations,Normal angle flexibility,Local torsional oscillation
MAPbCl3_n2_[NH3+]CCCC1CCC(CCC[NH3+])CC1,0.00910927197541175,0.006758156669517093,0.8423122631322215,0.5623221211052728,5.856196509963267,5.514570580620454,True,C12H28N2,Normal bond fluctuations,Normal angle flexibility,Local torsional oscillation
MAPbCl3_n3_[NH3+]CCC1CCC(CC[NH3+])CC1,0.012752831571128831,0.008083437037354521,2.195639213882418,1.5645792881163307,51.68456011794588,67.41832278613926,True,C10H24N2,Normal bond fluctuations,Normal angle flexibility,Moderate conformational change
MAPbBr3_n3_[NH3+]CC1CCC(C[NH3+])CC1,0.01011610408834276,0.007028925169517759,1.7422076259575643,1.12003737418116,67.27148012653343,91.3999723129203,True,C8H20N2,Normal bond fluctuations,Normal angle flexibility,Moderate conformational change
MAPbI3_n2_CC(C)(C[NH3+])C(C)(C)C[NH3+],0.01081486749136208,0.004831829102678519,1.006056437771949,0.8645952975387402,71.5347277388308,94.62494523285605,True,C8H22N2,Normal bond fluctuations,Normal angle flexibility,Moderate conformational change
MAPbCl3_n2_CC(C)(CC[NH3+])C(C)(C)CC[NH3+],0.014179746766980255,0.006407961962153692,0.8923730047120655,0.6619473519939385,15.151755577923822,10.665713288361136,True,C10H26N2,Normal bond fluctuations,Normal angle flexibility,Local torsional oscillation
MAPbBr3_n2_[NH3+]CCCCCCC[NH3+],0.0050124959359272026,0.005509964603780404,1.0871749745298789,0.6066020228366878,7.515518138505641,5.6421001898483185,True,C7H20N2,Normal bond fluctuations,Normal angle flexibility,Local torsional oscillation
MAPbBr3_n2_CC(C)(C[NH3+])C(C)(C)C[NH3+],0.008283805929748533,0.0026022313601077917,0.8412451646516713,0.5213513429687556,67.26131157675778,97.44848993317649,True,C8H22N2,Normal bond fluctuations,Normal angle flexibility,Moderate conformational change
MAPbI3_n3_CC(C)(C[NH3+])C[NH3+],0.016504133836644102,0.014601704428802839,1.1394964597853452,0.7386204156604974,14.26471547583848,2.7826889511733714,True,C5H16N2,Normal bond fluctuations,Normal angle flexibility,Local torsional oscillation
MAPbI3_n1_[NH3+]C1=CC=C([NH3+])C=C1,0.03846892637941271,0.016426981729051007,4.274075810887804,1.2818177838328497,19.220931665287967,154.27892893787055,True,C6H10N2,Normal bond fluctuations,Normal angle flexibility,Local torsional oscillation
MAPbBr3_n2_[NH3+]CCCCCC[NH3+],0.00729356605947129,0.006716791462321007,0.7743754916488589,0.46676211278006163,2.0377437934896987,1.224789137163013,True,C6H18N2,Normal bond fluctuations,Normal angle flexibility,Local torsional oscillation
MAPbCl3_n2_[NH3+]CCC1CCC(CC[NH3+])CC1,0.013323633562053553,0.0059973052484574105,1.9374287892059965,1.6161955937764523,76.42559738770301,70.0222507532214,True,C10H24N2,Normal bond fluctuations,Normal angle flexibility,Moderate conformational change
MAPbCl3_n1_[NH3+]CCCCC[NH3+],0.014028537068007663,0.008219160061075464,2.751172751520562,0.8023683080640212,2.349248458918879,1.190631038022597,True,C5H16N2,Normal bond fluctuations,Normal angle flexibility,Local torsional oscillation
MAPbBr3_n3_CC(C)(CCC[NH3+])CCC[NH3+],0.005733438532607793,0.0048456889550938555,0.735091928901916,0.8254665282942574,52.911506649707675,113.48614472873047,True,C9H24N2,Normal bond fluctuations,Normal angle flexibility,Moderate conformational change
MAPbCl3_n3_[NH3+]CCCCCCC[NH3+],0.010337618214880467,0.0059420016795832175,2.2563978414756867,0.4336361537992051,6.179657982605581,6.3239188830072255,True,C7H20N2,Normal bond fluctuations,Normal angle flexibility,Local torsional oscillation
MAPbI3_n1_CC(C)(CCCC[NH3+])CCCC[NH3+],0.012000413670947618,0.004514572482424055,2.957232595767723,1.907054527941547,6.3793778908723295,2.8462673894058015,True,C11H28N2,Normal bond fluctuations,Normal angle flexibility,Local torsional oscillation
MAPbCl3_n3_[NH3+]C1=CC=C([NH3+])C=C1,0.04019022753454418,0.01720486396380291,4.300898047227283,1.599075606194833,18.58109887425568,151.50011579973636,True,C6H10N2,Normal bond fluctuations,Normal angle flexibility,Local torsional oscillation
MAPbBr3_n1_[NH3+]CCCCCCCCC[NH3+],0.006068922063835492,0.006143023872917335,2.177736644188283,0.22053233172749573,4.915372933049806,4.54444986932595,True,C9H24N2,Normal bond fluctuations,Normal angle flexibility,Local torsional oscillation
MAPbBr3_n2_[NH3+]CCC1CCC(CC[NH3+])CC1,0.011604725750761232,0.009636387007926222,2.0497356800966933,1.407934630184371,60.40563828791772,87.71284663308484,True,C10H24N2,Normal bond fluctuations,Normal angle flexibility,Moderate conformational change
MAPbBr3_n1_CC(C)(CCCC[NH3+])CCCC[NH3+],0.009263521436601474,0.00501536055681928,1.8751679506805934,1.118636809532276,44.96500205434453,109.62331395519885,True,C11H28N2,Normal bond fluctuations,Normal angle flexibility,Moderate conformational change
MAPbCl3_n1_CC(C)(CC[NH3+])C(C)(C)CC[NH3+],0.013841677145190618,0.007885504305176719,1.7541082837331885,0.8304989508168096,63.60937586253694,93.7673244745329,True,C10H26N2,Normal bond fluctuations,Normal angle flexibility,Moderate conformational change
MAPbI3_n1_[NH3+]CCCC1=CC=C(CCC[NH3+])C=C1,0.00892487253369813,0.005965513054074494,0.3013336876174737,0.40005091899328366,37.41752840887096,135.80751465729745,True,C12H22N2,Normal bond fluctuations,Normal angle flexibility,Moderate conformational change
MAPbBr3_n1_CC(C)(C[NH3+])C(C)(C)C[NH3+],0.008445874244310758,0.003945431277768243,1.1340533141546314,0.7904170520527471,70.2831848222439,94.71587809061,True,C8H22N2,Normal bond fluctuations,Normal angle flexibility,Moderate conformational change
MAPbI3_n1_[NH3+]CCCC[NH3+],0.015203866954843904,0.0089805802610201,1.2187401212683646,0.8855968909773524,1.787561738136456,0.9960188129757733,True,C4H14N2,Normal bond fluctuations,Normal angle flexibility,Local torsional oscillation
MAPbI3_n2_CC(C)(CC[NH3+])CC[NH3+],0.012844084960610042,0.005577376062805284,1.1133973440246963,1.3864948363158651,62.01614471816434,118.0094993410854,True,C7H20N2,Normal bond fluctuations,Normal angle flexibility,Moderate conformational change
MAPbBr3_n1_CC(C)(C[NH3+])C[NH3+],0.013481751344658085,0.01433672875090423,1.3101808156228003,0.7970187274157583,84.8878801673634,107.89951580760204,True,C5H16N2,Normal bond fluctuations,Normal angle flexibility,Moderate conformational change
MAPbI3_n3_CC(C)(CCC[NH3+])C(C)(C)CCC[NH3+],0.011542545563983521,0.006591956031543449,0.4824063605130312,0.5028136331433227,5.393914405867527,4.905517744442023,True,C12H30N2,Normal bond fluctuations,Normal angle flexibility,Local torsional oscillation
MAPbBr3_n3_CC(C)(CCCC[NH3+])C(C)(C)CCCC[NH3+],0.004700497200781643,0.005683594942685014,0.4694310742934505,0.37336140630309117,62.385150136793676,115.2987893968756,True,C14H34N2,Normal bond fluctuations,Normal angle flexibility,Moderate conformational change
MAPbBr3_n1_CC(C)(CC[NH3+])C(C)(C)CC[NH3+],0.008731152532531034,0.005829664522892509,0.8475106776566426,0.4000810123227502,61.38958616939681,95.43531059497036,True,C10H26N2,Normal bond fluctuations,Normal angle flexibility,Moderate conformational change
MAPbI3_n3_[NH3+]CCCCC[NH3+],0.012371053940686308,0.005549316921021634,4.035173455633322,0.4216764293348887,2.594954381418802,1.2968104078385683,True,C5H16N2,Normal bond fluctuations,Normal angle flexibility,Local torsional oscillation
MAPbI3_n1_CC(C)(CCCC[NH3+])C(C)(C)CCCC[NH3+],0.008942109529573935,0.005327598028664023,0.561481919869918,0.5170480617457561,3.588180183224363,3.684200338471481,True,C14H34N2,Normal bond fluctuations,Normal angle flexibility,Local torsional oscillation
MAPbCl3_n3_[NH3+]CCCC1CCC(CCC[NH3+])CC1,0.012297585094525816,0.007327698561017098,1.5945218096059026,0.9714838101142562,54.118588837822095,119.63229724321182,True,C12H28N2,Normal bond fluctuations,Normal angle flexibility,Moderate conformational change
MAPbBr3_n1_[NH3+]CCC[NH3+],0.012816255656507125,0.007458266140339943,3.1040540405220725,0.8443789938692711,0.3047717667382557,0.28107324367327635,True,C3H12N2,Normal bond fluctuations,Normal angle flexibility,Local torsional oscillation
MAPbBr3_n3_[NH3+]CCCCCCC[NH3+],0.005685347625787318,0.004979166764390489,1.1723928098071394,0.8857095170610702,7.6071085070119535,5.514657404428462,True,C7H20N2,Normal bond fluctuations,Normal angle flexibility,Local torsional oscillation
MAPbCl3_n2_CC(C)(CC[NH3+])CC[NH3+],0.014351320257718264,0.00831380241976919,1.3208975586933405,0.9975718202863484,64.60502059030662,115.50649222712157,True,C7H20N2,Normal bond fluctuations,Normal angle flexibility,Moderate conformational change
MAPbI3_n2_CC(C)(CCC[NH3+])C(C)(C)CCC[NH3+],0.011952331662705006,0.004443309126442775,0.8524825577112678,0.9010924134707987,65.3461536769176,117.55942051979557,True,C12H30N2,Normal bond fluctuations,Normal angle flexibility,Moderate conformational change
MAPbCl3_n1_[NH3+]CCCC1=CC=C(CCC[NH3+])C=C1,0.0068843804230525685,0.005898382655854064,1.05470249452196,1.3451645488381345,59.369150631630795,134.82350497787868,True,C12H22N2,Normal bond fluctuations,Normal angle flexibility,Moderate conformational change
MAPbBr3_n1_[NH3+]CCCCCCC[NH3+],0.007711208792865798,0.006776076645406418,1.3549867706777994,0.43744514394256956,2.5729322141978677,1.9110138378079395,True,C7H20N2,Normal bond fluctuations,Normal angle flexibility,Local torsional oscillation
MAPbCl3_n1_[NH3+]CCCC1CCC(CCC[NH3+])CC1,0.011517267871668766,0.007199682498926984,1.7099388275352485,0.9153165149425183,53.51566604438711,120.01219118736235,True,C12H28N2,Normal bond fluctuations,Normal angle flexibility,Moderate conformational change
MAPbCl3_n3_CC(C)(C[NH3+])C[NH3+],0.014749390131284068,0.013834722877179477,2.275236995926903,1.381900279438476,8.522758331559887,3.420450809805525,True,C5H16N2,Normal bond fluctuations,Normal angle flexibility,Local torsional oscillation
MAPbBr3_n2_[NH3+]CCC1=CC=C(CC[NH3+])C=C1,0.005503198757131418,0.0057751876823830565,0.8741025987714863,0.6778729759402747,46.22437619832424,136.8484359150205,True,C10H18N2,Normal bond fluctuations,Normal angle flexibility,Moderate conformational change
MAPbI3_n3_[NH3+]CCC1CCC(CC[NH3+])CC1,0.009168744172873944,0.006175166336221715,0.9975872710069821,0.7755786064581173,28.195211885147486,120.30777266874175,True,C10H24N2,Normal bond fluctuations,Normal angle flexibility,Local torsional oscillation
MAPbI3_n3_CC(C)(CCCC[NH3+])C(C)(C)CCCC[NH3+],0.008078417631524563,0.00497849610266431,0.7614804281871258,0.7640232424098123,53.893838595902544,91.85737807236583,True,C14H34N2,Normal bond fluctuations,Normal angle flexibility,Moderate conformational change
MAPbCl3_n1_CC(C)(CCCC[NH3+])CCCC[NH3+],0.012202894158547695,0.005183361373262008,1.3898134047202078,0.9851735305762963,16.183448711659093,7.239315008333803,True,C11H28N2,Normal bond fluctuations,Normal angle flexibility,Local torsional oscillation
MAPbI3_n1_[NH3+]C1CCC([NH3+])CC1,0.014049024822225642,0.010904284676209323,1.004273999322524,0.5902009197236179,2.250078284769237,1.874534410588432,True,C6H16N2,Normal bond fluctuations,Normal angle flexibility,Local torsional oscillation
MAPbCl3_n1_[NH3+]CCCC[NH3+],0.01827247558226719,0.010986769049558457,1.6256016729260665,1.1336687964719785,11.94550636615071,14.005006003762862,True,C4H14N2,Normal bond fluctuations,Normal angle flexibility,Local torsional oscillation
MAPbCl3_n3_CC(C)(CC[NH3+])C(C)(C)CC[NH3+],0.014573980907213463,0.007591098274604835,1.6194654951377485,0.8899950302328052,76.21626868613997,112.18915520654613,True,C10H26N2,Normal bond fluctuations,Normal angle flexibility,Moderate conformational change
MAPbBr3_n3_[NH3+]CCCCCCCCCC[NH3+],0.0039862196642658325,0.005824475099170891,2.026989967309595,0.8218839897303373,9.357235127476379,3.4641888917544605,True,C10H26N2,Normal bond fluctuations,Normal angle flexibility,Local torsional oscillation
MAPbI3_n3_CC(C)(CCCC[NH3+])CCCC[NH3+],0.010603570703142643,0.00381350010787483,2.7829526700224654,1.79943985825526,42.440018247894564,111.08023057195138,True,C11H28N2,Normal bond fluctuations,Normal angle flexibility,Moderate conformational change
MAPbBr3_n2_CC(C)(CC[NH3+])CC[NH3+],0.009528359352401178,0.005848143357703081,1.4579981296453197,1.054675822796652,10.872227040982292,2.4295166317020254,True,C7H20N2,Normal bond fluctuations,Normal angle flexibility,Local torsional oscillation
MAPbCl3_n3_[NH3+]C1CCC([NH3+])CC1,0.016931772536811662,0.00842950837601534,1.3136135328733105,0.9515309481569806,69.7392129636865,119.01531581824334,True,C6H16N2,Normal bond fluctuations,Normal angle flexibility,Moderate conformational change
MAPbBr3_n2_[NH3+]CCCCCCCC[NH3+],0.004448758552153986,0.006561521437458312,0.4518557597193933,0.4546448731321958,2.359884347930144,2.404320647499335,True,C8H22N2,Normal bond fluctuations,Normal angle flexibility,Local torsional oscillation
MAPbCl3_n1_[NH3+]CCC1CCC(CC[NH3+])CC1,0.013324902334520902,0.0072083915960262914,2.1628928814060333,1.7890822252829435,58.53382892503028,53.999679404649086,True,C10H24N2,Normal bond fluctuations,Normal angle flexibility,Moderate conformational change
MAPbI3_n2_[NH3+]C1=CC=C([NH3+])C=C1,0.03929009195930436,0.01647649895689879,4.340545964277327,1.3100247764111186,19.690843909947535,151.2415772635321,True,C6H10N2,Normal bond fluctuations,Normal angle flexibility,Local torsional oscillation
MAPbBr3_n2_[NH3+]C1CCC([NH3+])CC1,0.012309535660199322,0.010513242849404306,1.1984128067710926,0.40042980201444545,2.9584769195786924,2.052657744655488,True,C6H16N2,Normal bond fluctuations,Normal angle flexibility,Local torsional oscillation
MAPbCl3_n2_CC(C)(CCC[NH3+])C(C)(C)CCC[NH3+],0.011269439106514234,0.006490172377765602,1.6479036931021749,1.1331342430124698,58.144749897059874,92.18056530673613,True,C12H30N2,Normal bond fluctuations,Normal angle flexibility,Moderate conformational change
MAPbI3_n3_[NH3+]CC1CCC(C[NH3+])CC1,0.009416373050583248,0.007315904209674387,0.7504584100831669,0.4386501243563164,6.906174122650242,8.587675292558623,True,C8H20N2,Normal bond fluctuations,Normal angle flexibility,Local torsional oscillation
MAPbBr3_n2_CC(C)(CCCC[NH3+])CCCC[NH3+],0.0071709206261145,0.00462104271645408,2.149815255147668,1.273389586814177,45.11491504732347,109.49570723815943,True,C11H28N2,Normal bond fluctuations,Normal angle flexibility,Moderate conformational change
MAPbI3_n1_[NH3+]CCCCCCC[NH3+],0.009603424633594565,0.005420816915900071,2.8397351912739066,0.32388181265993404,2.9612210430254557,2.5825897302440928,True,C7H20N2,Normal bond fluctuations,Normal angle flexibility,Local torsional oscillation
MAPbCl3_n1_[NH3+]C1CCC([NH3+])CC1,0.017467978482908014,0.010863070137130114,0.7531617662611196,0.5495056147478604,70.37103873535105,118.45039620649035,True,C6H16N2,Normal bond fluctuations,Normal angle flexibility,Moderate conformational change
MAPbI3_n1_CC(C)(CCC[NH3+])CCC[NH3+],0.008863361266022607,0.005625418815898101,1.92964634626919,1.4218438851707034,54.29210303001106,112.81675101853888,True,C9H24N2,Normal bond fluctuations,Normal angle flexibility,Moderate conformational change
MAPbBr3_n2_CC(C)(CC[NH3+])C(C)(C)CC[NH3+],0.007106305589440395,0.005546181450078639,0.8731031855008275,0.6458463967668077,75.42580438188745,112.72047886212518,True,C10H26N2,Normal bond fluctuations,Normal angle flexibility,Moderate conformational change
MAPbI3_n1_CC(C)(CC[NH3+])C(C)(C)CC[NH3+],0.012624196185334976,0.004523824666756354,0.7926026162949995,0.9740287994509208,59.218149052175036,96.79093800031217,True,C10H26N2,Normal bond fluctuations,Normal angle flexibility,Moderate conformational change
MAPbCl3_n2_CC(C)(CCC[NH3+])CCC[NH3+],0.013431022008931048,0.00645252100843708,0.5805956054852656,0.4337049874265458,7.725118213049825,3.2156288928167003,True,C9H24N2,Normal bond fluctuations,Normal angle flexibility,Local torsional oscillation
MAPbI3_n1_CC(C)(CC[NH3+])CC[NH3+],0.01272993874278816,0.005126149454778823,1.7507549760719825,1.440268960044229,64.98479689539413,115.12012432982102,True,C7H20N2,Normal bond fluctuations,Normal angle flexibility,Moderate conformational change
MAPbCl3_n1_[NH3+]CCCCCC[NH3+],0.009863288661642988,0.004760022196995182,0.4417291104132867,0.2924839289061414,9.855114931063019,8.580396640016096,True,C6H18N2,Normal bond fluctuations,Normal angle flexibility,Local torsional oscillation
MAPbI3_n2_[NH3+]CCC1CCC(CC[NH3+])CC1,0.01242770647708441,0.009702255589940905,2.352891195080417,1.3299519627068732,79.61665525787151,86.3768353345521,True,C10H24N2,Normal bond fluctuations,Normal angle flexibility,Moderate conformational change
MAPbCl3_n3_CC(C)(C[NH3+])C(C)(C)C[NH3+],0.016642659800908993,0.006085684461948301,2.4148977285687008,1.0904653326080957,69.93533652602927,95.6553746515191,True,C8H22N2,Normal bond fluctuations,Normal angle flexibility,Moderate conformational change
MAPbBr3_n1_CC(C)(CCCC[NH3+])C(C)(C)CCCC[NH3+],0.007051679498089758,0.005843643779414453,0.515038010449856,0.4470511496884232,9.62949262484275,4.014977652151463,True,C14H34N2,Normal bond fluctuations,Normal angle flexibility,Local torsional oscillation
MAPbCl3_n1_[NH3+]CCC1=CC=C(CC[NH3+])C=C1,0.012002042113061884,0.0079976762854508,0.49878164172962464,0.43539134362527576,6.546187023493733,85.57468839984283,True,C10H18N2,Normal bond fluctuations,Normal angle flexibility,Local torsional oscillation
MAPbCl3_n1_CC(C)(CC[NH3+])CC[NH3+],0.014179030754623567,0.009203066676134408,1.1867570186816763,1.21687088786507,65.02453720456694,115.24389581914905,True,C7H20N2,Normal bond fluctuations,Normal angle flexibility,Moderate conformational change
MAPbCl3_n2_[NH3+]CCCCCCC[NH3+],0.011364421964295435,0.007991939724095351,1.665071315559396,0.9335370874839577,9.578146106509346,5.761339305536538,True,C7H20N2,Normal bond fluctuations,Normal angle flexibility,Local torsional oscillation
MAPbCl3_n3_[NH3+]CC1CCC(C[NH3+])CC1,0.012437979591321957,0.009602746165713912,1.7863403494166619,0.6702782342276119,67.16339810614787,92.17822960575587,True,C8H20N2,Normal bond fluctuations,Normal angle flexibility,Moderate conformational change
MAPbBr3_n1_[NH3+]C1=CC=C([NH3+])C=C1,0.03725155749681222,0.013239659993909724,4.265245628918793,1.3779547202592395,18.017138811048945,15.000101881681548,True,C6H10N2,Normal bond fluctuations,Normal angle flexibility,Local torsional oscillation
MAPbBr3_n1_[NH3+]CCCC1=CC=C(CCC[NH3+])C=C1,0.005418980341281933,0.00598110059334612,1.1928203692672747,1.495421175819721,61.66877361962343,132.08579676965627,True,C12H22N2,Normal bond fluctuations,Normal angle flexibility,Moderate conformational change
MAPbCl3_n3_CC(C)(CCCC[NH3+])CCCC[NH3+],0.011095692168574053,0.006879884541033435,1.3562689739034883,1.6184163064962513,52.03320325849315,105.1482603635321,True,C11H28N2,Normal bond fluctuations,Normal angle flexibility,Moderate conformational change
MAPbI3_n2_CC(C)(C[NH3+])C[NH3+],0.016859328127922568,0.01285959146849063,1.412609557295056,1.0050347902223722,83.54865363461583,109.60038358754345,True,C5H16N2,Normal bond fluctuations,Normal angle flexibility,Moderate conformational change
MAPbI3_n3_[NH3+]CCCC1=CC=C(CCC[NH3+])C=C1,0.005371922688776224,0.006336530421273558,1.1153364322421169,1.0546531907672494,64.5678307961142,124.99722948413033,True,C12H22N2,Normal bond fluctuations,Normal angle flexibility,Moderate conformational change
MAPbCl3_n1_[NH3+]CCCCCCCC[NH3+],0.009650301652094597,0.006899374526352408,1.123185758476417,0.969056238577987,28.558086819024833,32.61168162197243,True,C8H22N2,Normal bond fluctuations,Normal angle flexibility,Local torsional oscillation
MAPbBr3_n3_[NH3+]CCCCCCCCC[NH3+],0.004114551135033273,0.0048602971182418854,1.0988256604664772,0.8419254644191333,7.819755515773121,6.018308411074953,True,C9H24N2,Normal bond fluctuations,Normal angle flexibility,Local torsional oscillation
MAPbI3_n2_CC(C)(CC[NH3+])C(C)(C)CC[NH3+],0.01185730315236439,0.004635498109535019,0.6479680353821244,0.7087126050086758,58.68386140890188,97.24703034475804,True,C10H26N2,Normal bond fluctuations,Normal angle flexibility,Moderate conformational change
MAPbCl3_n3_[NH3+]CCCCC[NH3+],0.011516038201139778,0.0061109524317785385,2.0469114005363567,0.6059607775581932,28.884421921149873,39.10295999696062,True,C5H16N2,Normal bond fluctuations,Normal angle flexibility,Local torsional oscillation
MAPbI3_n2_CC(C)(CCCC[NH3+])C(C)(C)CCCC[NH3+],0.0073828797493160035,0.004734351720377538,0.7095836286560818,0.7261675345997356,10.801163951497669,22.59487464982947,True,C14H34N2,Normal bond fluctuations,Normal angle flexibility,Local torsional oscillation
MAPbI3_n2_[NH3+]CCCC1=CC=C(CCC[NH3+])C=C1,0.007956302988463297,0.005977240798994747,0.8637367445992412,1.1549210142977178,38.114072369965044,143.82311029481716,True,C12H22N2,Normal bond fluctuations,Normal angle flexibility,Moderate conformational change
MAPbCl3_n3_[NH3+]CCCCCCCCCC[NH3+],0.011883745571506843,0.00573094183842584,1.185502368589701,0.7786150086581947,5.105796887412124,4.713251327815266,True,C10H26N2,Normal bond fluctuations,Normal angle flexibility,Local torsional oscillation
MAPbI3_n1_CC(C)(CCC[NH3+])C(C)(C)CCC[NH3+],0.011093007025980706,0.006157768369627245,1.6862471560462353,1.3867009724765818,15.259417992766425,7.075614674007108,True,C12H30N2,Normal bond fluctuations,Normal angle flexibility,Local torsional oscillation
MAPbBr3_n3_[NH3+]CCCC1CCC(CCC[NH3+])CC1,0.007082270373437434,0.005819197225799126,1.321602756645592,1.156981931129031,65.47754160924197,115.1579093456211,True,C12H28N2,Normal bond fluctuations,Normal angle flexibility,Moderate conformational change
MAPbCl3_n3_[NH3+]CCCC1=CC=C(CCC[NH3+])C=C1,0.00887624304824232,0.006659375954045758,0.9030641893147786,1.3141949860710254,32.18392316715304,88.41980130290568,True,C12H22N2,Normal bond fluctuations,Normal angle flexibility,Moderate conformational change
MAPbI3_n3_CC(C)(CC[NH3+])CC[NH3+],0.012978061857233908,0.005514762768249,1.1634652621157613,1.39988608516741,2.0459022521111168,1.8127320339430975,True,C7H20N2,Normal bond fluctuations,Normal angle flexibility,Local torsional oscillation
MAPbBr3_n2_CC(C)(CCCC[NH3+])C(C)(C)CCCC[NH3+],0.005732617329261677,0.005097271599589928,0.5494368939106564,0.3883490438278578,59.85628310021358,117.42029682645645,True,C14H34N2,Normal bond fluctuations,Normal angle flexibility,Moderate conformational change
MAPbCl3_n3_[NH3+]CCCCCCCC[NH3+],0.010597764917654394,0.006088214877240391,1.3523178243709744,1.228474349825538,7.893884596998674,4.129880492531279,True,C8H22N2,Normal bond fluctuations,Normal angle flexibility,Local torsional oscillation
MAPbBr3_n2_CC(C)(CCC[NH3+])CCC[NH3+],0.0078035611756990695,0.005321946791288519,0.403577687938886,0.3444621024013396,56.26135732312771,110.90842112091039,True,C9H24N2,Normal bond fluctuations,Normal angle flexibility,Moderate conformational change
MAPbI3_n3_[NH3+]C1CCC([NH3+])CC1,0.015446180626926015,0.010724118228153733,0.9777726822541168,0.5629623882409238,1.9048509096136683,1.7351116801026056,True,C6H16N2,Normal bond fluctuations,Normal angle flexibility,Local torsional oscillation
MAPbCl3_n1_[NH3+]C1=CC=C([NH3+])C=C1,0.039896840663961985,0.017193241554047268,4.3368703702195575,1.3550815642246323,17.83515614611658,155.94794475456578,True,C6H10N2,Normal bond fluctuations,Normal angle flexibility,Local torsional oscillation
MAPbCl3_n2_[NH3+]CCCCCCCC[NH3+],0.011575735651609569,0.006685845976271246,1.558438562380724,0.9776997247704264,5.358209249115093,3.2706742652267615,True,C8H22N2,Normal bond fluctuations,Normal angle flexibility,Local torsional oscillation
MAPbBr3_n3_[NH3+]C1=CC=C([NH3+])C=C1,0.037027214312452844,0.013243285882269834,4.207773056232044,1.4028341489237452,18.63879718002573,151.50751910692705,True,C6H10N2,Normal bond fluctuations,Normal angle flexibility,Local torsional oscillation
MAPbBr3_n1_[NH3+]CCCC[NH3+],0.017365454068080054,0.00844830549661751,1.066153105033269,0.49594111454418593,1.7989803701617764,0.2169299989563609,True,C4H14N2,Normal bond fluctuations,Normal angle flexibility,Local torsional oscillation
MAPbBr3_n1_CC(C)(CC[NH3+])CC[NH3+],0.010792282584328239,0.00617736338270895,1.2510693863159545,0.843407356465664,8.326783112832716,2.1510673251028103,True,C7H20N2,Normal bond fluctuations,Normal angle flexibility,Local torsional oscillation
MAPbCl3_n3_[NH3+]CCCCCCCCC[NH3+],0.0114480250119394,0.005980639791201182,2.494543626179677,1.2827793150056368,5.085848743673097,4.782278574283336,True,C9H24N2,Normal bond fluctuations,Normal angle flexibility,Local torsional oscillation
MAPbI3_n1_[NH3+]CCC1CCC(CC[NH3+])CC1,0.00919028654506084,0.005039401631270245,1.1833054377752117,0.8997344833007289,17.894866716312993,104.16383784140228,True,C10H24N2,Normal bond fluctuations,Normal angle flexibility,Local torsional oscillation
MAPbCl3_n1_[NH3+]CCC[NH3+],0.014479829289848867,0.007391182664937486,1.991000892083785,0.7318348443982977,7.2781487646814185,0.7458391183226922,True,C3H12N2,Normal bond fluctuations,Normal angle flexibility,Local torsional oscillation
MAPbI3_n2_[NH3+]CCC[NH3+],0.013530353671783957,0.007076515209621376,4.207968764600873,1.1534702836138855,0.44556029913505313,0.053992904768961125,True,C3H12N2,Normal bond fluctuations,Normal angle flexibility,Local torsional oscillation
MAPbI3_n3_CC(C)(C[NH3+])C(C)(C)C[NH3+],0.017005223890007828,0.0035476612992259753,1.2104683520068116,1.0790729784171118,68.439398031967,96.33191472510322,True,C8H22N2,Normal bond fluctuations,Normal angle flexibility,Moderate conformational change
MAPbBr3_n3_CC(C)(CC[NH3+])CC[NH3+],0.009264052378187199,0.005500532332256501,0.9699445751896973,0.7748471896551274,8.523895158309413,2.9209772156261247,True,C7H20N2,Normal bond fluctuations,Normal angle flexibility,Local torsional oscillation
MAPbCl3_n3_[NH3+]CCCC[NH3+],0.01777307976988096,0.01050199651399903,1.7657655602621745,1.0298529277937258,2.53893988059941,2.8802013147120706,True,C4H14N2,Normal bond fluctuations,Normal angle flexibility,Local torsional oscillation
MAPbBr3_n3_[NH3+]CCC[NH3+],0.009659211270868662,0.007772190591025576,1.4022127191048952,1.0046499724433924,9.239977382037651,0.11243688627887138,True,C3H12N2,Normal bond fluctuations,Normal angle flexibility,Local torsional oscillation
MAPbI3_n1_[NH3+]CCCCCC[NH3+],0.007585384066259098,0.0036645201907010596,1.303076006428687,0.6953950107099093,32.99857210032767,35.750288329971404,True,C6H18N2,Normal bond fluctuations,Normal angle flexibility,Moderate conformational change
MAPbI3_n1_[NH3+]CCCC1CCC(CCC[NH3+])CC1,0.008805429644658691,0.005537594487846305,0.8456268496762593,0.6810248727191689,3.444368211368221,3.875648528599239,True,C12H28N2,Normal bond fluctuations,Normal angle flexibility,Local torsional oscillation
MAPbI3_n3_CC(C)(CCC[NH3+])CCC[NH3+],0.008441260600811873,0.005578449823337465,2.089268453200551,1.6013126092267236,54.27777707256091,112.85693199096858,True,C9H24N2,Normal bond fluctuations,Normal angle flexibility,Moderate conformational change
MAPbI3_n2_[NH3+]CCC1=CC=C(CC[NH3+])C=C1,0.009401243169592363,0.006120762042744992,1.5411046328958642,1.9092939590039812,41.82775132449717,137.43100406632664,True,C10H18N2,Normal bond fluctuations,Normal angle flexibility,Moderate conformational change
MAPbBr3_n3_[NH3+]C1CCC([NH3+])CC1,0.01394055010045267,0.009122680730277923,0.897801362748956,0.4690683666723121,1.6932982648605523,1.3900932207444971,True,C6H16N2,Normal bond fluctuations,Normal angle flexibility,Local torsional oscillation
MAPbBr3_n2_CC(C)(CCC[NH3+])C(C)(C)CCC[NH3+],0.006345939486213725,0.004989719752272773,1.0076739076636514,0.7095915745808895,55.406840616345086,93.69552883539312,True,C12H30N2,Normal bond fluctuations,Normal angle flexibility,Moderate conformational change
MAPbCl3_n3_CC(C)(CC[NH3+])CC[NH3+],0.014750816691987634,0.009104830875037726,1.4511067540685274,1.1171188153422986,66.27811465518997,113.99781561891155,True,C7H20N2,Normal bond fluctuations,Normal angle flexibility,Moderate conformational change
MAPbI3_n1_[NH3+]CCCCC[NH3+],0.012698366901369088,0.006166361160381007,3.481088828368999,0.5084470742488414,2.71021529121726,0.7566960550211638,True,C5H16N2,Normal bond fluctuations,Normal angle flexibility,Local torsional oscillation
MAPbBr3_n1_[NH3+]CC1CCC(C[NH3+])CC1,0.012345290385420671,0.007815202817302047,1.8869068185051343,1.4571772549874453,69.35308068529771,104.6638959354087,True,C8H20N2,Normal bond fluctuations,Normal angle flexibility,Moderate conformational change
MAPbCl3_n2_[NH3+]C1CCC([NH3+])CC1,0.0174390920606054,0.01034106276365006,1.6755434057660339,0.9419761300987812,69.59532432579863,119.24667285656864,True,C6H16N2,Normal bond fluctuations,Normal angle flexibility,Moderate conformational change
MAPbCl3_n1_CC(C)(CCC[NH3+])CCC[NH3+],0.012702335288297829,0.005497241999701638,0.858563131165654,0.651539496798174,7.971411899078802,6.310400406938558,True,C9H24N2,Normal bond fluctuations,Normal angle flexibility,Local torsional oscillation
MAPbCl3_n3_[NH3+]CCC1=CC=C(CC[NH3+])C=C1,0.009832367430717545,0.006635941577705447,1.4163466793732908,1.7013848793127462,42.855223801605405,130.1694450573448,True,C10H18N2,Normal bond fluctuations,Normal angle flexibility,Moderate conformational change
MAPbI3_n2_[NH3+]CCCCCCCCCC[NH3+],0.007775114669676993,0.003622416992010825,2.145577224377682,0.9551176206864941,19.762005442011045,28.174936505485135,True,C10H26N2,Normal bond fluctuations,Normal angle flexibility,Local torsional oscillation
MAPbI3_n2_[NH3+]CCCCCCC[NH3+],0.00911070156226984,0.005011391832590899,3.501901654966669,0.19736418366895608,2.8430215603841873,1.0555825421067424,True,C7H20N2,Normal bond fluctuations,Normal angle flexibility,Local torsional oscillation
MAPbCl3_n2_[NH3+]CCC[NH3+],0.016922820873061406,0.010499863137578424,1.2032755913090891,0.27864253904039465,15.471974140276203,10.8451239828603,True,C3H12N2,Normal bond fluctuations,Normal angle flexibility,Local torsional oscillation
MAPbBr3_n2_CC(C)(C[NH3+])C[NH3+],0.014017695119926121,0.01540984226846268,1.075813115692176,0.6086168433126955,83.23613170287321,110.05970141155862,True,C5H16N2,Normal bond fluctuations,Normal angle flexibility,Moderate conformational change
MAPbI3_n2_[NH3+]CCCCC[NH3+],0.01345102256993036,0.005340446808340896,4.714263239449821,0.34489611238849716,2.7238554921352147,0.8008313460078578,True,C5H16N2,Normal bond fluctuations,Normal angle flexibility,Local torsional oscillation
MAPbCl3_n2_CC(C)(CCCC[NH3+])CCCC[NH3+],0.011373780210420717,0.003798495426786677,1.7519145962900526,1.1760514609784851,54.769283652739524,106.76471344685845,True,C11H28N2,Normal bond fluctuations,Normal angle flexibility,Moderate conformational change
MAPbCl3_n1_CC(C)(CCCC[NH3+])C(C)(C)CCCC[NH3+],0.013677126895675152,0.0068334650154030585,1.085208190042477,0.8172149734987232,48.57543895528555,93.2431217279245,True,C14H34N2,Normal bond fluctuations,Normal angle flexibility,Moderate conformational change
MAPbCl3_n1_[NH3+]CC1CCC(C[NH3+])CC1,0.012269782600816903,0.008270388014977235,1.0470285249060645,0.9873908758922479,12.346807903512595,6.82705327463988,True,C8H20N2,Normal bond fluctuations,Normal angle flexibility,Local torsional oscillation
MAPbBr3_n1_[NH3+]C1CCC([NH3+])CC1,0.012204982754376342,0.009064431498511421,0.7748497724103174,0.30258574614252826,69.64133713784626,119.04641603556102,True,C6H16N2,Normal bond fluctuations,Normal angle flexibility,Moderate conformational change
MAPbBr3_n3_[NH3+]CCCC[NH3+],0.010424450908590677,0.0076657827441907024,0.7256089284578557,0.5515574764766413,1.7201550847433396,0.35940319752123867,True,C4H14N2,Normal bond fluctuations,Normal angle flexibility,Local torsional oscillation
MAPbI3_n1_[NH3+]CCCCCCCCC[NH3+],0.00916213853078176,0.0042338441518571445,1.8060968677498925,0.2621944472552811,13.208560236858933,7.897514918284605,True,C9H24N2,Normal bond fluctuations,Normal angle flexibility,Local torsional oscillation
MAPbCl3_n2_[NH3+]CCCCCC[NH3+],0.00817819239781443,0.007070949494784311,1.4825863265626988,1.0140243102843258,37.674796552106294,30.2282771068704,True,C6H18N2,Normal bond fluctuations,Normal angle flexibility,Moderate conformational change
MAPbBr3_n1_[NH3+]CCCC1CCC(CCC[NH3+])CC1,0.00669283980663858,0.006170185827177259,0.8793652444174036,0.7169813903981274,52.94032197660122,120.56666910673563,True,C12H28N2,Normal bond fluctuations,Normal angle flexibility,Moderate conformational change
MAPbBr3_n3_[NH3+]CCCCCC[NH3+],0.005566214788350843,0.0054689843903251295,0.4118994980422765,0.2447574313716696,1.9781172707984296,1.4908151094991668,True,C6H18N2,Normal bond fluctuations,Normal angle flexibility,Local torsional oscillation
MAPbI3_n2_[NH3+]CCCCCCCC[NH3+],0.007848727695307398,0.005264457511105369,1.0112945704732006,1.0954833737612146,46.136873506015995,43.91279246222534,True,C8H22N2,Normal bond fluctuations,Normal angle flexibility,Moderate conformational change
MAPbBr3_n2_[NH3+]CCCC[NH3+],0.013250507000529765,0.00796336304881223,0.952064331034876,0.8040546671590615,1.7179994195139159,0.12592927152982683,True,C4H14N2,Normal bond fluctuations,Normal angle flexibility,Local torsional oscillation
MAPbI3_n3_[NH3+]CCCCCCCC[NH3+],0.006475329076855428,0.00536295257658313,1.6005223693240236,0.668544156693344,7.396623984072554,7.2025493478344975,True,C8H22N2,Normal bond fluctuations,Normal angle flexibility,Local torsional oscillation
MAPbI3_n1_[NH3+]CCC[NH3+],0.013650631355028642,0.006661055959734398,4.018403231702095,0.9985106206910426,0.4111123397907619,0.19877898182234333,True,C3H12N2,Normal bond fluctuations,Normal angle flexibility,Local torsional oscillation
MAPbBr3_n2_[NH3+]CCCCC[NH3+],0.009508357672134982,0.007483597749771994,2.762881771761644,0.6968422841214084,2.617821951830763,0.23410951417555442,True,C5H16N2,Normal bond fluctuations,Normal angle flexibility,Local torsional oscillation
MAPbI3_n3_CC(C)(CC[NH3+])C(C)(C)CC[NH3+],0.011779294869667434,0.004414466216882617,0.7737396204231102,0.6970983357719839,71.33680388876583,117.09503127397574,True,C10H26N2,Normal bond fluctuations,Normal angle flexibility,Moderate conformational change
MAPbI3_n3_[NH3+]CCCC1CCC(CCC[NH3+])CC1,0.008458111121677983,0.006101421328645374,0.9420863254420704,1.2390440293831,16.581826162150563,37.7084556616912,True,C12H28N2,Normal bond fluctuations,Normal angle flexibility,Local torsional oscillation
MAPbCl3_n1_CC(C)(C[NH3+])C[NH3+],0.0171219786446238,0.01382080888435351,1.6004600670863773,0.9656628945260802,87.06520426211159,105.65965384199654,True,C5H16N2,Normal bond fluctuations,Normal angle flexibility,Moderate conformational change
MAPbI3_n1_CC(C)(C[NH3+])C(C)(C)C[NH3+],0.011873226100313581,0.0017659240213998794,0.5404135349409306,0.40799839906063895,65.86741756892316,98.58781558044508,True,C8H22N2,Normal bond fluctuations,Normal angle flexibility,Moderate conformational change
MAPbCl3_n3_[NH3+]CCCCCC[NH3+],0.014219851876817862,0.004629129868879453,1.0467440241980175,0.6835745802812023,6.955026675463455,6.078682441339977,True,C6H18N2,Normal bond fluctuations,Normal angle flexibility,Local torsional oscillation
MAPbI3_n2_[NH3+]C1CCC([NH3+])CC1,0.014670829050965478,0.011359807217564771,1.0193155116051813,0.6482098842135309,68.36869069220926,120.36371446340804,True,C6H16N2,Normal bond fluctuations,Normal angle flexibility,Moderate conformational change
MAPbCl3_n1_[NH3+]CCCCCCCCCC[NH3+],0.011477477111440254,0.006219433735290715,1.8493767233465945,1.387598038023315,9.478109274830096,5.678159560473798,True,C10H26N2,Normal bond fluctuations,Normal angle flexibility,Local torsional oscillation
MAPbCl3_n2_CC(C)(CCCC[NH3+])C(C)(C)CCCC[NH3+],0.015635558487235027,0.008797092022482052,1.2160374849435378,0.8610809276215009,60.89004262808399,116.58901690046994,True,C14H34N2,Normal bond fluctuations,Normal angle flexibility,Moderate conformational change
MAPbBr3_n1_[NH3+]CCCCCCCC[NH3+],0.011709465625337763,0.006500455951242383,0.530937253605531,0.40584422695,4.248040956307404,2.4598017713181806,True,C8H22N2,Normal bond fluctuations,Normal angle flexibility,Local torsional oscillation
MAPbCl3_n2_[NH3+]CCC1=CC=C(CC[NH3+])C=C1,0.008601544374670126,0.008018627056923164,1.4160996997272386,1.036184981191883,29.138643235676746,87.65107318360828,True,C10H18N2,Normal bond fluctuations,Normal angle flexibility,Local torsional oscillation
MAPbBr3_n3_[NH3+]CCCCCCCC[NH3+],0.007725782111476207,0.006210085658895331,0.6859199387702883,0.14999926781831371,3.17708467398655,1.162674016860707,True,C8H22N2,Normal bond fluctuations,Normal angle flexibility,Local torsional oscillation
MAPbBr3_n3_CC(C)(CCC[NH3+])C(C)(C)CCC[NH3+],0.006750789319553103,0.005073367786736205,1.1013019177667276,0.9836882229365563,4.6764636349691,4.879344607959812,True,C12H30N2,Normal bond fluctuations,Normal angle flexibility,Local torsional oscillation
MAPbI3_n3_[NH3+]CCC1=CC=C(CC[NH3+])C=C1,0.008990934671837092,0.005730431760248965,0.5455871664592787,0.47299187558429906,3.0976703872397042,4.96939794576385,True,C10H18N2,Normal bond fluctuations,Normal angle flexibility,Local torsional oscillation
MAPbBr3_n1_[NH3+]CCCCCCCCCC[NH3+],0.006175804699153757,0.007256808333094296,1.8600125414081219,1.1941806424918204,8.983202197023413,5.179271107340371,True,C10H26N2,Normal bond fluctuations,Normal angle flexibility,Local torsional oscillation
MAPbCl3_n3_CC(C)(CCC[NH3+])CCC[NH3+],0.00978525748252237,0.007322010909967398,1.1123550430575382,0.7840950957628764,16.567954594092782,25.64131088322507,True,C9H24N2,Normal bond fluctuations,Normal angle flexibility,Local torsional oscillation
MAPbCl3_n2_[NH3+]CCCCCCCCCC[NH3+],0.00996570076801816,0.006126204543988598,1.1205595822025571,0.7506482556013745,22.45559118113756,23.995766119815535,True,C10H26N2,Normal bond fluctuations,Normal angle flexibility,Local torsional oscillation
MAPbBr3_n2_[NH3+]CCCC1=CC=C(CCC[NH3+])C=C1,0.006200429929576526,0.006277524811610089,1.2694629877524486,1.5175765837261994,31.43861875212839,110.92910454212604,True,C12H22N2,Normal bond fluctuations,Normal angle flexibility,Moderate conformational change
MAPbBr3_n1_[NH3+]CCC1=CC=C(CC[NH3+])C=C1,0.005117896377248558,0.005682678994530465,0.29271290727813487,0.1639515542666406,6.972888281389631,10.41580343254542,True,C10H18N2,Normal bond fluctuations,Normal angle flexibility,Local torsional oscillation
MAPbBr3_n2_[NH3+]CCCCCCCCCC[NH3+],0.005971344451074682,0.00715674079265273,1.1736415952262917,0.6092152048036876,8.572087010591519,6.119478877953742,True,C10H26N2,Normal bond fluctuations,Normal angle flexibility,Local torsional oscillation
MAPbI3_n1_[NH3+]CC1CCC(C[NH3+])CC1,0.009523741518144457,0.007174055333081921,0.8060047536829794,0.42881414494935993,7.437796604044832,7.46709033102017,True,C8H20N2,Normal bond fluctuations,Normal angle flexibility,Local torsional oscillation
MAPbI3_n3_[NH3+]CCCCCC[NH3+],0.01212788433809545,0.0020766869557888334,1.481836054688247,0.47429042478550726,6.39740200219415,3.957714909970738,True,C6H18N2,Normal bond fluctuations,Normal angle flexibility,Local torsional oscillation
MAPbCl3_n3_CC(C)(CCCC[NH3+])C(C)(C)CCCC[NH3+],0.010591996433971233,0.006569997926451727,1.7302665034344273,0.8131246907284,49.86912283715322,92.33683943030695,True,C14H34N2,Normal bond fluctuations,Normal angle flexibility,Moderate conformational change
MAPbI3_n2_[NH3+]CCCCCC[NH3+],0.010656598935275374,0.0022944514502483697,1.13868073390348,0.34380804212908944,5.95563223350697,6.6141244161129,True,C6H18N2,Normal bond fluctuations,Normal angle flexibility,Local torsional oscillation
MAPbCl3_n2_[NH3+]CCCCC[NH3+],0.014079691873079966,0.009515061679005262,1.042312124920676,0.7084762589267386,11.061284071643236,4.694315551559887,True,C5H16N2,Normal bond fluctuations,Normal angle flexibility,Local torsional oscillation
MAPbI3_n1_[NH3+]CCCCCCCCCC[NH3+],0.007317211033631376,0.004917253125404318,2.224700524297434,0.7467033655167029,30.911317626760404,39.227740531176075,True,C10H26N2,Normal bond fluctuations,Normal angle flexibility,Moderate conformational change
MAPbBr3_n3_[NH3+]CCCCC[NH3+],0.00835544326284506,0.0071956046216073615,0.9419170895168861,0.7322076846212698,10.918667765068605,7.249893664793792,True,C5H16N2,Normal bond fluctuations,Normal angle flexibility,Local torsional oscillation
MAPbI3_n2_[NH3+]CCCC[NH3+],0.014597448643250566,0.00897988281350742,1.036665592601377,0.819732992462993,2.252024804318817,0.7424641377030166,True,C4H14N2,Normal bond fluctuations,Normal angle flexibility,Local torsional oscillation
MAPbBr3_n3_CC(C)(C[NH3+])C[NH3+],0.013933969210463823,0.015303809789774834,0.9900305621537022,0.619195466243619,6.422807454084314,2.491629465114143,True,C5H16N2,Normal bond fluctuations,Normal angle flexibility,Local torsional oscillation
MAPbCl3_n2_CC(C)(C[NH3+])C[NH3+],0.018829534089075655,0.014970463127120621,1.6163950663511173,1.328895127190126,87.88701185815061,104.33583958308829,True,C5H16N2,Normal bond fluctuations,Normal angle flexibility,Moderate conformational change
MAPbBr3_n2_[NH3+]CCC[NH3+],0.01208361764685445,0.0069955059528886195,4.401579748148947,1.1926752877537603,0.3872000166643659,0.046118850024242874,True,C3H12N2,Normal bond fluctuations,Normal angle flexibility,Local torsional oscillation
MAPbI3_n1_[NH3+]CCC1=CC=C(CC[NH3+])C=C1,0.009224404960767818,0.0056312028388133826,0.5731656228628016,0.5479124110039256,41.70582162280259,152.34357103116713,True,C10H18N2,Normal bond fluctuations,Normal angle flexibility,Moderate conformational change
MAPbCl3_n2_CC(C)(C[NH3+])C(C)(C)C[NH3+],0.01637185854538887,0.003513510473769976,1.1883213810982542,0.9091409166457961,66.57295305711376,97.8489137846307,True,C8H22N2,Normal bond fluctuations,Normal angle flexibility,Moderate conformational change
MAPbBr3_n1_[NH3+]CCCCCC[NH3+],0.011194024689405875,0.00822277710285227,1.2545840389521363,0.7347597780266658,1.9613125993452627,1.3576685864537867,True,C6H18N2,Normal bond fluctuations,Normal angle flexibility,Local torsional oscillation
MAPbCl3_n2_[NH3+]CCCC1=CC=C(CCC[NH3+])C=C1,0.009886973185309051,0.007599373397631986,1.2220827180824916,1.1502869409122916,12.586615822219816,154.94352629885623,True,C12H22N2,Normal bond fluctuations,Normal angle flexibility,Local torsional oscillation
MAPbBr3_n3_[NH3+]CCCC1=CC=C(CCC[NH3+])C=C1,0.007442464156435268,0.006342075840409359,1.3393314306828472,1.3908589638612536,62.306335434158086,132.12027712268892,True,C12H22N2,Normal bond fluctuations,Normal angle flexibility,Moderate conformational change
MAPbCl3_n2_[NH3+]CCCCCCCCC[NH3+],0.008783574160582775,0.005534562704259398,1.0905765377214134,0.3362606796490779,12.977857755323797,9.783429930581697,True,C9H24N2,Normal bond fluctuations,Normal angle flexibility,Local torsional oscillation
MAPbBr3_n2_[NH3+]CCCCCCCCC[NH3+],0.006504563946449449,0.006026155715076936,1.8308516653232958,0.2938379717627442,4.893159144422935,4.405184001113144,True,C9H24N2,Normal bond fluctuations,Normal angle flexibility,Local torsional oscillation
MAPbBr3_n3_[NH3+]CCC1CCC(CC[NH3+])CC1,0.007044005158931814,0.00623912012436061,0.8023963541790847,0.7801911368243112,28.29590137062175,120.1949465699761,True,C10H24N2,Normal bond fluctuations,Normal angle flexibility,Local torsional oscillation
MAPbI3_n1_[NH3+]CCCCCCCC[NH3+],0.007953520696607659,0.005606587011714787,1.134405644795212,1.085976283877076,46.829761264245654,45.65685371292373,True,C8H22N2,Normal bond fluctuations,Normal angle flexibility,Moderate conformational change
MAPbCl3_n1_CC(C)(C[NH3+])C(C)(C)C[NH3+],0.012756051194288008,0.003353817160839692,0.8906667036525054,0.7821443881364111,5.2971231411538975,3.8756330550333398,True,C8H22N2,Normal bond fluctuations,Normal angle flexibility,Local torsional oscillation
MAPbI3_n3_[NH3+]CCCC[NH3+],0.015317789518684233,0.009181937791967595,1.1691877257902306,0.95785530868792,1.8011940483373412,0.8253125404857387,True,C4H14N2,Normal bond fluctuations,Normal angle flexibility,Local torsional oscillation
MAPbBr3_n1_CC(C)(CCC[NH3+])CCC[NH3+],0.006773165758908073,0.006152855292136159,0.6004841838364167,0.6659765447832239,53.51665760600404,112.9554199027688,True,C9H24N2,Normal bond fluctuations,Normal angle flexibility,Moderate conformational change
MAPbBr3_n3_[NH3+]CCC1=CC=C(CC[NH3+])C=C1,0.00740447662049426,0.007043285181074722,0.409427134261444,0.374077152614257,42.65108681614085,139.70705206588383,True,C10H18N2,Normal bond fluctuations,Normal angle flexibility,Moderate conformational change
MAPbCl3_n3_[NH3+]CCC[NH3+],0.01601585426952734,0.006150236884622789,4.7465985503247765,0.995076550264298,0.7315119016675737,0.0070994856609729595,True,C3H12N2,Normal bond fluctuations,Normal angle flexibility,Local torsional oscillation
MAPbCl3_n1_CC(C)(CCC[NH3+])C(C)(C)CCC[NH3+],0.012651388074181015,0.010231978533941843,1.7581494456341404,0.8661458319896077,70.62666259981,112.51579360898087,True,C12H30N2,Normal bond fluctuations,Normal angle flexibility,Moderate conformational change
MAPbI3_n2_[NH3+]CC1CCC(C[NH3+])CC1,0.00943542996902651,0.0072805399714277585,0.7717320212372533,0.41547944656866437,6.7552384883478345,8.326529768081642,True,C8H20N2,Normal bond fluctuations,Normal angle flexibility,Local torsional oscillation
MAPbBr3_n1_[NH3+]CCC1CCC(CC[NH3+])CC1,0.00524895996265858,0.006091889933954142,0.9241167898741115,0.6775244878265846,4.322189304305672,3.1541592978458604,True,C10H24N2,Normal bond fluctuations,Normal angle flexibility,Local torsional oscillation
MAPbCl3_n1_[NH3+]CCCCCCC[NH3+],0.007009383341879727,0.006484686521228073,1.0130984210451106,0.7867295793542902,28.644810614306802,31.598961374093893,True,C7H20N2,Normal bond fluctuations,Normal angle flexibility,Local torsional oscillation
MAPbBr3_n1_CC(C)(CCC[NH3+])C(C)(C)CCC[NH3+],0.006195243594905189,0.005361899120712598,0.779124326431432,0.4440292714775611,54.63261049238648,94.47016891834012,True,C12H30N2,Normal bond fluctuations,Normal angle flexibility,Moderate conformational change
MAPbCl3_n2_[NH3+]C1=CC=C([NH3+])C=C1,0.04055099787216618,0.01750398486287423,4.297721415708303,1.3605822691033946,19.25614536593503,133.26455712706246,True,C6H10N2,Normal bond fluctuations,Normal angle flexibility,Local torsional oscillation
MAPbBr3_n3_CC(C)(CC[NH3+])C(C)(C)CC[NH3+],0.00742791017171849,0.005813648803460064,1.084983688562036,0.7577986318014822,10.434273724511177,5.66204265883955,True,C10H26N2,Normal bond fluctuations,Normal angle flexibility,Local torsional oscillation
MAPbI3_n3_[NH3+]CCCCCCCCCC[NH3+],0.007039026843634989,0.005403972585786751,1.3877049092025247,0.7781131805686279,21.19053696675772,34.27558833663846,True,C10H26N2,Normal bond fluctuations,Normal angle flexibility,Local torsional oscillation
MAPbCl3_n1_[NH3+]CCCCCCCCC[NH3+],0.009030588319855305,0.006261019031925133,0.8679535066769262,0.6732625469840186,8.08617528887665,5.91570221410243,True,C9H24N2,Normal bond fluctuations,Normal angle flexibility,Local torsional oscillation
MAPbI3_n2_[NH3+]CCCCCCCCC[NH3+],0.0075790657653494135,0.005672092941519813,1.105435622211347,0.8507985927245517,25.969693045319897,29.60035795359301,True,C9H24N2,Normal bond fluctuations,Normal angle flexibility,Local torsional oscillation
MAPbCl3_n2_[NH3+]CC1CCC(C[NH3+])CC1,0.014021558101391806,0.00941088977269523,1.8718406785662143,1.350711841739018,67.47296628908319,91.38539022289115,True,C8H20N2,Normal bond fluctuations,Normal angle flexibility,Moderate conformational change
MAPbBr3_n2_[NH3+]CC1CCC(C[NH3+])CC1,0.009347740639671698,0.0074236673064428434,1.0217399657361124,0.7596159057658283,16.824732809238743,11.146315684007865,True,C8H20N2,Normal bond fluctuations,Normal angle flexibility,Local torsional oscillation
