molecule,perovskite_type,energy,bond_length_mae,bond_length_std,bond_angle_mae,bond_angle_std,dihedral_angle_mae,dihedral_angle_std,is_isomorphic,chemical_formula,bond_classification,angle_classification,dihedral_classification,avg_axial_angle,avg_equatorial_angle,avg_axial_length,avg_equatorial_length,avg_out_of_plane_distortion,num_octahedra,lower_penetration,upper_penetration,total_penetration
MAPbCl3_n3_CC(C)(CCC[NH3+])C(C)(C)CCC[NH3+],MAPbCl3,-1152.79459606,0.01074268288964715,0.0073421396552859515,2.2131333651506093,1.3318542600295131,69.51678245377562,113.46905854851832,True,C12H30N2,Normal bond fluctuations,Normal angle flexibility,Moderate conformational change,170.32018116675442,90.10889864615224,2.85468699151362,2.8508222714470577,33.88161680077258,6,0.49482712645130245,11.476543817485021,5.985685471968162
MAPbI3_n2_CC(C)(CCCC[NH3+])CCCC[NH3+],MAPbI3,-1122.28167082,0.01064154857283441,0.0038173749446419347,2.725677508942756,1.7567521561426747,2.53947824074651,2.185529291150499,True,C11H28N2,Normal bond fluctuations,Normal angle flexibility,Local torsional oscillation,173.47674191457037,89.8728762608351,3.218074551551091,3.1779440823065093,42.98056862075338,4,0.7482509558049233,6.43832520421433,3.5932880800096267
MAPbBr3_n3_CC(C)(CCCC[NH3+])CCCC[NH3+],MAPbBr3,-1256.37508745,0.006160275642442796,0.005579970915449376,0.3955738348509489,0.19602888463380633,6.383808607599271,4.490565048277655,True,C11H28N2,Normal bond fluctuations,Normal angle flexibility,Local torsional oscillation,171.65297318694581,90.12201450322878,2.98741066150613,3.0075226554456194,43.1537310955253,6,0.574295941777847,12.358279355887012,6.466287648832429
MAPbI3_n3_[NH3+]C1=CC=C([NH3+])C=C1,MAPbI3,-1235.56965971,0.039261066021112345,0.016626980691551732,4.3522901775944804,1.3221093598292486,19.327610975672147,16.74562201058566,True,C6H10N2,Normal bond fluctuations,Normal angle flexibility,Local torsional oscillation,175.89555760603355,89.97651913186822,3.1959592491750257,3.1990292713643735,43.884019517448046,6,0.38700451172421024,12.727362958635707,6.557183735179959
MAPbI3_n3_[NH3+]CCCCCCC[NH3+],MAPbI3,-1331.96410983,0.008851642895792988,0.004594440957786037,3.718923191830277,0.2107785464680003,3.5210456606756537,2.5469836698952273,True,C7H20N2,Normal bond fluctuations,Normal angle flexibility,Local torsional oscillation,174.5003369488195,89.89393726924534,3.194710370116159,3.1914075275997558,41.75331577446811,6,0.7352312630967677,12.58935419463116,6.662292728863964
MAPbCl3_n2_[NH3+]CCCC[NH3+],MAPbCl3,-636.61492672,0.01870107493214306,0.010845961538958839,1.7019234248051802,1.1768448862252194,3.0244673187726128,2.585592662528899,True,C4H14N2,Normal bond fluctuations,Normal angle flexibility,Local torsional oscillation,168.85183195554697,89.9638784405826,2.8150772892523452,2.8472780434757876,45.166386751266884,4,0.5748097350443937,5.39704249972056,2.9859261173824767
MAPbI3_n2_[NH3+]CCCC1CCC(CCC[NH3+])CC1,MAPbI3,-1141.03132652,0.007611200281347763,0.005286279951579807,0.7606597803098563,0.5465772424290695,3.306652580449235,3.419908818812695,True,C12H28N2,Normal bond fluctuations,Normal angle flexibility,Local torsional oscillation,171.9973199866436,89.95592412532555,3.205880211462221,3.1861188584474163,43.890183194671415,4,0.2873676758953083,5.987780324152556,3.1375740000239323
MAPbI3_n3_[NH3+]CCCCCCCCC[NH3+],MAPbI3,-1400.99749392,0.009763945336336422,0.004832437926164417,2.2533720047664363,0.40895556231083896,10.739339499034354,8.276383961571549,True,C9H24N2,Normal bond fluctuations,Normal angle flexibility,Local torsional oscillation,175.10073432177967,89.9668922003966,3.1935102066910215,3.19767769775321,40.37245308163159,6,0.8996670887853475,13.183895503696158,7.041781296240753
MAPbI3_n1_CC(C)(C[NH3+])C[NH3+],MAPbI3,-568.17706132,0.018379481662361547,0.011952361232631041,1.1896916881393587,0.751226955491223,84.41769316891333,108.41221205159299,True,C5H16N2,Normal bond fluctuations,Normal angle flexibility,Moderate conformational change,174.57051006512924,90.0217154569354,3.2073954685882367,3.227819026958446,43.08279456511416,2,0.031798160193484915,0.2754611094624755,0.1536296348279802
MAPbBr3_n3_CC(C)(C[NH3+])C(C)(C)C[NH3+],MAPbBr3,-1152.09721949,0.010025478741229376,0.003421591683538738,0.8384479186994034,0.4983318473129032,66.80253954412653,97.87642805270234,True,C8H22N2,Normal bond fluctuations,Normal angle flexibility,Moderate conformational change,167.79765002541114,90.3445358917384,3.048783430062229,3.0172883845077716,44.12318092166123,6,0.44811020799229495,12.332716156377296,6.390413182184796
MAPbBr3_n1_[NH3+]CCCCC[NH3+],MAPbBr3,-483.23173144,0.010903064532482132,0.007909532543140613,1.7999189315929782,0.6348806452563122,2.3534117749321055,0.7750653230398957,True,C5H16N2,Normal bond fluctuations,Normal angle flexibility,Local torsional oscillation,168.24822420826993,90.52462553491937,2.949460200005084,3.006376391255558,44.03931204055384,2,0.37810890049672263,0.42820956339754,0.4031592319471313
MAPbI3_n2_CC(C)(CCC[NH3+])CCC[NH3+],MAPbI3,-1053.40395675,0.008438577669191916,0.005689869918661763,2.031697204961804,1.5547284813838462,54.24271282300142,112.86508419163009,True,C9H24N2,Normal bond fluctuations,Normal angle flexibility,Moderate conformational change,174.36761326496762,89.92557674876532,3.2106358764714753,3.1779210053816103,43.12117204046811,4,0.6640945418260475,6.392197183418412,3.52814586262223
MAPbBr3_n2_[NH3+]CCCC1CCC(CCC[NH3+])CC1,MAPbBr3,-991.69872259,0.00389122048839157,0.005742337600830703,0.39137765193798124,0.20306026834745405,3.7044022355790833,3.579097667531164,True,C12H28N2,Normal bond fluctuations,Normal angle flexibility,Local torsional oscillation,172.07052941736967,89.9925263517653,3.0018982591337915,3.008127500553818,30.027160757859036,4,0.5539899973518678,6.168153130859675,3.361071564105772
MAPbBr3_n2_[NH3+]C1=CC=C([NH3+])C=C1,MAPbBr3,-357.99830242,0.03771178202858819,0.013676882530881805,4.268840011118956,1.4510359242560977,18.20704276030248,15.367073741318787,True,C6H10N2,Normal bond fluctuations,Normal angle flexibility,Local torsional oscillation,170.50056044498177,90.05930037763156,3.0013645269223934,3.0237297477624407,41.29098596589897,4,0.20969769233853053,6.102024115490892,3.155860903914711
MAPbI3_n3_[NH3+]CCC[NH3+],MAPbI3,-1194.58319429,0.01366511105493029,0.006541035493359092,4.3023374893776065,1.112320991288088,0.18919152208457035,0.1425935682936199,True,C3H12N2,Normal bond fluctuations,Normal angle flexibility,Local torsional oscillation,175.16366295054527,89.9619936868915,3.192963764602341,3.1878323047041186,36.86913899161863,6,0.4748921274507576,12.596412115518731,6.535652121484745
MAPbCl3_n2_[NH3+]CCCC1CCC(CCC[NH3+])CC1,MAPbCl3,-895.73445229,0.00910927197541175,0.006758156669517093,0.8423122631322215,0.5623221211052728,5.856196509963267,5.514570580620454,True,C12H28N2,Normal bond fluctuations,Normal angle flexibility,Local torsional oscillation,168.59588753921093,89.76178563569259,2.826047777167714,2.8601244493051463,42.35531810152507,4,0.7085196086022205,5.1850135461984355,2.9467665774003278
MAPbCl3_n3_[NH3+]CCC1CCC(CC[NH3+])CC1,MAPbCl3,-1069.56000964,0.012752831571128831,0.008083437037354521,2.195639213882418,1.5645792881163307,51.68456011794588,67.41832278613926,True,C10H24N2,Normal bond fluctuations,Normal angle flexibility,Moderate conformational change,170.47720990737153,90.07617188338226,2.822533214848672,2.8409341887339234,40.30107836850369,6,0.7020510968652358,10.761791824835198,5.7319214608502165
MAPbBr3_n3_[NH3+]CC1CCC(C[NH3+])CC1,MAPbBr3,-1137.38703456,0.01011610408834276,0.007028925169517759,1.7422076259575643,1.12003737418116,67.27148012653343,91.3999723129203,True,C8H20N2,Normal bond fluctuations,Normal angle flexibility,Moderate conformational change,170.10148558032571,90.12065904568942,2.992428667675179,3.014550098980212,37.355983114998565,6,0.27667945430374385,12.679597749905868,6.478138602104806
MAPbI3_n2_CC(C)(C[NH3+])C(C)(C)C[NH3+],MAPbI3,-1018.31752276,0.01081486749136208,0.004831829102678519,1.006056437771949,0.8645952975387402,71.5347277388308,94.62494523285605,True,C8H22N2,Normal bond fluctuations,Normal angle flexibility,Moderate conformational change,169.89414222868453,90.21201883685512,3.1992885915900233,3.2245772417203535,35.66794697613549,4,0.3086921881604803,6.57583028405614,3.44226123610831
MAPbCl3_n2_CC(C)(CC[NH3+])C(C)(C)CC[NH3+],MAPbCl3,-841.89539246,0.014179746766980255,0.006407961962153692,0.8923730047120655,0.6619473519939385,15.151755577923822,10.665713288361136,True,C10H26N2,Normal bond fluctuations,Normal angle flexibility,Local torsional oscillation,166.16361557156617,89.78208051810311,2.8799827253914327,2.8604018912044387,43.55679519729603,4,0.778335320151156,5.239311363927683,3.0088233420394195
MAPbBr3_n2_[NH3+]CCCCCCC[NH3+],MAPbBr3,-453.0635375,0.0050124959359272026,0.005509964603780404,1.0871749745298789,0.6066020228366878,7.515518138505641,5.6421001898483185,True,C7H20N2,Normal bond fluctuations,Normal angle flexibility,Local torsional oscillation,168.8577223588997,90.31550231245724,2.9823470097435734,3.0133025692325806,41.580562891983526,4,0.8766928809887822,6.427701290240297,3.6521970856145396
MAPbBr3_n2_CC(C)(C[NH3+])C(C)(C)C[NH3+],MAPbBr3,-868.84942816,0.008283805929748533,0.0026022313601077917,0.8412451646516713,0.5213513429687556,67.26131157675778,97.44848993317649,True,C8H22N2,Normal bond fluctuations,Normal angle flexibility,Moderate conformational change,164.86757475743897,90.6437407249675,3.0704536484192113,3.021294588573058,41.88170964691232,4,0.5580161904361365,6.39062131676387,3.474318753600003
MAPbI3_n3_CC(C)(C[NH3+])C[NH3+],MAPbI3,-1263.2392813,0.016504133836644102,0.014601704428802839,1.1394964597853452,0.7386204156604974,14.26471547583848,2.7826889511733714,True,C5H16N2,Normal bond fluctuations,Normal angle flexibility,Local torsional oscillation,175.9640012595178,89.98547935549489,3.1921786180434357,3.2044148788022784,32.93960272226526,6,0.2149263531180048,12.68895327700238,6.451939815060192
MAPbI3_n1_[NH3+]C1=CC=C([NH3+])C=C1,MAPbI3,-540.86430755,0.03846892637941271,0.016426981729051007,4.274075810887804,1.2818177838328497,19.220931665287967,154.27892893787055,True,C6H10N2,Normal bond fluctuations,Normal angle flexibility,Local torsional oscillation,179.77093950727254,90.00001565472547,3.183508277865473,3.2102574630705236,45.15833437423509,2,0.3115661322187431,0.21670524694901871,0.2641356895838809
MAPbBr3_n2_[NH3+]CCCCCC[NH3+],MAPbBr3,-419.93459414,0.00729356605947129,0.006716791462321007,0.7743754916488589,0.46676211278006163,2.0377437934896987,1.224789137163013,True,C6H18N2,Normal bond fluctuations,Normal angle flexibility,Local torsional oscillation,169.3529437798042,90.32757369247085,2.9800264118929616,3.022757552839123,40.774256657634275,4,0.5669920237315369,6.564200818574438,3.5655964211529874
MAPbCl3_n2_[NH3+]CCC1CCC(CC[NH3+])CC1,MAPbCl3,-827.1487373,0.013323633562053553,0.0059973052484574105,1.9374287892059965,1.6161955937764523,76.42559738770301,70.0222507532214,True,C10H24N2,Normal bond fluctuations,Normal angle flexibility,Moderate conformational change,167.24313377076902,90.07407674549292,2.8351666760285994,2.8563781176712992,41.14511936931748,4,0.5002451520406073,5.400886307169769,2.950565729605188
MAPbCl3_n1_[NH3+]CCCCC[NH3+],MAPbCl3,-428.64187726,0.014028537068007663,0.008219160061075464,2.751172751520562,0.8023683080640212,2.349248458918879,1.190631038022597,True,C5H16N2,Normal bond fluctuations,Normal angle flexibility,Local torsional oscillation,165.90188440039591,90.19262451353924,2.806131485598427,2.8516376559452703,38.9091964827005,2,0.378546101442391,0.3759699513228476,0.3772580263826193
MAPbBr3_n3_CC(C)(CCC[NH3+])CCC[NH3+],MAPbBr3,,0.005733438532607793,0.0048456889550938555,0.735091928901916,0.8254665282942574,52.911506649707675,113.48614472873047,True,C9H24N2,Normal bond fluctuations,Normal angle flexibility,Moderate conformational change,169.65883455216863,90.3004019907491,2.988616967547021,3.0087176529756987,35.50120884866901,6,0.6746804630098897,12.299951568604397,6.487316015807144
MAPbCl3_n3_[NH3+]CCCCCCC[NH3+],MAPbCl3,-981.78836509,0.010337618214880467,0.0059420016795832175,2.2563978414756867,0.4336361537992051,6.179657982605581,6.3239188830072255,True,C7H20N2,Normal bond fluctuations,Normal angle flexibility,Local torsional oscillation,167.38026580615085,90.25500238860677,2.8292040814256296,2.850245968937037,42.96831701840379,6,0.5115351961083401,11.232061507460305,5.871798351784323
MAPbI3_n1_CC(C)(CCCC[NH3+])CCCC[NH3+],MAPbI3,-774.75785094,0.012000413670947618,0.004514572482424055,2.957232595767723,1.907054527941547,6.3793778908723295,2.8462673894058015,True,C11H28N2,Normal bond fluctuations,Normal angle flexibility,Local torsional oscillation,174.91909248044823,89.99989854565575,3.255614991823487,3.1217973001055586,41.70014645013018,2,0.6566762689633974,0.6720005895133792,0.6643384292383883
MAPbCl3_n3_[NH3+]C1=CC=C([NH3+])C=C1,MAPbCl3,-884.9532828,0.04019022753454418,0.01720486396380291,4.300898047227283,1.599075606194833,18.58109887425568,151.50011579973636,True,C6H10N2,Normal bond fluctuations,Normal angle flexibility,Local torsional oscillation,167.55290416415835,90.00286506883425,2.8583872819927936,2.847418063529068,42.56950898236604,6,0.17080508688587903,11.093310785100655,5.632057935993267
MAPbBr3_n1_[NH3+]CCCCCCCCC[NH3+],MAPbBr3,-620.46713031,0.006068922063835492,0.006143023872917335,2.177736644188283,0.22053233172749573,4.915372933049806,4.54444986932595,True,C9H24N2,Normal bond fluctuations,Normal angle flexibility,Local torsional oscillation,168.21888386079888,90.54405183629468,2.9396066069687046,3.006126616413094,44.123827618350155,2,0.39043295174766146,0.3752087517129121,0.3828208517302868
MAPbBr3_n2_[NH3+]CCC1CCC(CC[NH3+])CC1,MAPbBr3,-923.06472949,0.011604725750761232,0.009636387007926222,2.0497356800966933,1.407934630184371,60.40563828791772,87.71284663308484,True,C10H24N2,Normal bond fluctuations,Normal angle flexibility,Moderate conformational change,169.1612415749773,90.20849553647511,2.982889434689592,3.018957530382917,42.41327725096448,4,0.685450176857207,6.6795912188234965,3.682520697840352
MAPbBr3_n1_CC(C)(CCCC[NH3+])CCCC[NH3+],MAPbBr3,-689.43793256,0.009263521436601474,0.00501536055681928,1.8751679506805934,1.118636809532276,44.96500205434453,109.62331395519885,True,C11H28N2,Normal bond fluctuations,Normal angle flexibility,Moderate conformational change,166.24494461940168,90.72776812450667,2.9539074567939867,3.015832484633222,42.71269324397512,2,0.5336009511297775,0.4483007360349518,0.4909508435823646
MAPbCl3_n1_CC(C)(CC[NH3+])C(C)(C)CC[NH3+],MAPbCl3,-599.83166949,0.013841677145190618,0.007885504305176719,1.7541082837331885,0.8304989508168096,63.60937586253694,93.7673244745329,True,C10H26N2,Normal bond fluctuations,Normal angle flexibility,Moderate conformational change,168.0307449277268,89.85449226612414,2.870270873708895,2.8922253561732743,42.1952558972531,2,0.5015297832811225,0.6210367796299456,0.5612832814555341
MAPbI3_n1_[NH3+]CCCC1=CC=C(CCC[NH3+])C=C1,MAPbI3,-742.15187244,0.00892487253369813,0.005965513054074494,0.3013336876174737,0.40005091899328366,37.41752840887096,135.80751465729745,True,C12H22N2,Normal bond fluctuations,Normal angle flexibility,Moderate conformational change,167.8573171874255,89.68441359067313,3.291309462130656,3.177539656300252,28.309238855574026,2,0.9652872843994094,0.5738497019004525,0.7695684931499309
MAPbBr3_n1_CC(C)(C[NH3+])C(C)(C)C[NH3+],MAPbBr3,-585.55290866,0.008445874244310758,0.003945431277768243,1.1340533141546314,0.7904170520527471,70.2831848222439,94.71587809061,True,C8H22N2,Normal bond fluctuations,Normal angle flexibility,Moderate conformational change,174.69919323319738,90.07232318015681,3.1329780264061124,2.9972976036751384,35.41245854291735,2,0.4481736032088903,0.4647008450684327,0.4564372241386615
MAPbI3_n1_[NH3+]CCCC[NH3+],MAPbI3,-534.72682363,0.015203866954843904,0.0089805802610201,1.2187401212683646,0.8855968909773524,1.787561738136456,0.9960188129757733,True,C4H14N2,Normal bond fluctuations,Normal angle flexibility,Local torsional oscillation,179.992704020961,90.00000011645905,3.181485414570466,3.200095905518175,29.4542319939728,2,0.6133064352183979,0.6135355379006384,0.6134209865595182
MAPbI3_n2_CC(C)(CC[NH3+])CC[NH3+],MAPbI3,-985.21325062,0.012844084960610042,0.005577376062805284,1.1133973440246963,1.3864948363158651,62.01614471816434,118.0094993410854,True,C7H20N2,Normal bond fluctuations,Normal angle flexibility,Moderate conformational change,173.7909864874997,90.13269148820328,3.1985568970306684,3.19631273326693,39.0554302400123,4,0.5732352418472271,6.378728592886651,3.475981917366939
MAPbBr3_n1_CC(C)(C[NH3+])C[NH3+],MAPbBr3,-483.2847073,0.013481751344658085,0.01433672875090423,1.3101808156228003,0.7970187274157583,84.8878801673634,107.89951580760204,True,C5H16N2,Normal bond fluctuations,Normal angle flexibility,Moderate conformational change,175.0807132148832,89.95023691476528,2.9683508196680535,3.0553425560446774,22.510941347033075,2,0.06360057341648329,0.2925070909903056,0.17805383220339444
MAPbI3_n3_CC(C)(CCC[NH3+])C(C)(C)CCC[NH3+],MAPbI3,-1503.80140925,0.011542545563983521,0.006591956031543449,0.4824063605130312,0.5028136331433227,5.393914405867527,4.905517744442023,True,C12H30N2,Normal bond fluctuations,Normal angle flexibility,Local torsional oscillation,175.13723830383026,90.08247173874393,3.1831571071939666,3.1805781424943835,42.87895884486784,6,0.583825549477631,12.41946112898269,6.50164333923016
MAPbBr3_n3_CC(C)(CCCC[NH3+])C(C)(C)CCCC[NH3+],MAPbBr3,,0.004700497200781643,0.005683594942685014,0.4694310742934505,0.37336140630309117,62.385150136793676,115.2987893968756,True,C14H34N2,Normal bond fluctuations,Normal angle flexibility,Moderate conformational change,170.89223965466158,90.0880965100829,3.0134236307805278,3.0078236371582263,37.44354086533838,6,0.5222739815373936,12.612510222054697,6.567392101796045
MAPbBr3_n1_CC(C)(CC[NH3+])C(C)(C)CC[NH3+],MAPbBr3,-444.88886408,0.008731152532531034,0.005829664522892509,0.8475106776566426,0.4000810123227502,61.38958616939681,95.43531059497036,True,C10H26N2,Normal bond fluctuations,Normal angle flexibility,Moderate conformational change,179.68102320567297,90.00012320840781,3.0239427829653547,3.03811524165441,42.29251743665849,2,0.40533918843254235,0.5082768963449,0.4568080423887212
MAPbI3_n3_[NH3+]CCCCC[NH3+],MAPbI3,-1263.37212531,0.012371053940686308,0.005549316921021634,4.035173455633322,0.4216764293348887,2.594954381418802,1.2968104078385683,True,C5H16N2,Normal bond fluctuations,Normal angle flexibility,Local torsional oscillation,174.6503260970554,89.89612434752895,3.1937170118101244,3.1920980654012876,41.400919923503125,6,0.7117142320857202,12.574598962722202,6.643156597403961
MAPbI3_n1_CC(C)(CCCC[NH3+])C(C)(C)CCCC[NH3+],MAPbI3,-877.87600181,0.008942109529573935,0.005327598028664023,0.561481919869918,0.5170480617457561,3.588180183224363,3.684200338471481,True,C14H34N2,Normal bond fluctuations,Normal angle flexibility,Local torsional oscillation,173.88031250360177,90.06449562102146,3.1547360884900013,3.19338916157142,33.69948947564829,2,0.8368088444847102,0.8616993021132178,0.849254073298964
MAPbCl3_n3_[NH3+]CCCC1CCC(CCC[NH3+])CC1,MAPbCl3,-1137.83493568,0.012297585094525816,0.007327698561017098,1.5945218096059026,0.9714838101142562,54.118588837822095,119.63229724321182,True,C12H28N2,Normal bond fluctuations,Normal angle flexibility,Moderate conformational change,169.39615978790698,90.03605619468026,2.818936724391783,2.8538818811101803,39.80245044469299,6,0.5227175093296768,10.774979323353238,5.648848416341457
MAPbBr3_n1_[NH3+]CCC[NH3+],MAPbBr3,-414.46247337,0.012816255656507125,0.007458266140339943,3.1040540405220725,0.8443789938692711,0.3047717667382557,0.28107324367327635,True,C3H12N2,Normal bond fluctuations,Normal angle flexibility,Local torsional oscillation,168.5303339446844,90.493510382915,2.9562636557386286,3.0019252969063936,41.794023400311104,2,0.3123267800715135,0.3771841684256092,0.34475547424856134
MAPbBr3_n3_[NH3+]CCCCCCC[NH3+],MAPbBr3,-560.40893638,0.005685347625787318,0.004979166764390489,1.1723928098071394,0.8857095170610702,7.6071085070119535,5.514657404428462,True,C7H20N2,Normal bond fluctuations,Normal angle flexibility,Local torsional oscillation,170.0531985036391,90.01510062750197,2.9785716062701684,3.0224191728334335,42.83693481959917,6,0.512477481876217,12.678688950035063,6.5955832159556405
MAPbCl3_n2_CC(C)(CC[NH3+])CC[NH3+],MAPbCl3,-739.71186002,0.014351320257718264,0.00831380241976919,1.3208975586933405,0.9975718202863484,64.60502059030662,115.50649222712157,True,C7H20N2,Normal bond fluctuations,Normal angle flexibility,Moderate conformational change,166.1487641881598,89.78439828252355,2.8616982078163358,2.8498493600124553,44.37774997604511,4,0.5757265045762334,5.544744449732791,3.0602354771545124
MAPbI3_n2_CC(C)(CCC[NH3+])C(C)(C)CCC[NH3+],MAPbI3,-1156.47477147,0.011952331662705006,0.004443309126442775,0.8524825577112678,0.9010924134707987,65.3461536769176,117.55942051979557,True,C12H30N2,Normal bond fluctuations,Normal angle flexibility,Moderate conformational change,171.37914489453664,89.87834720073712,3.179286453094563,3.199763156822076,38.86727712298527,4,1.2667193160635062,6.244817939608959,3.7557686278362326
MAPbCl3_n1_[NH3+]CCCC1=CC=C(CCC[NH3+])C=C1,MAPbCl3,-607.49594332,0.0068843804230525685,0.005898382655854064,1.05470249452196,1.3451645488381345,59.369150631630795,134.82350497787868,True,C12H22N2,Normal bond fluctuations,Normal angle flexibility,Moderate conformational change,157.72407229579312,89.94814448107701,2.845356383926905,2.832662060015712,44.357777678180824,2,0.38756241773669253,1.3669016791692528,0.8772320484529726
MAPbBr3_n1_[NH3+]CCCCCCC[NH3+],MAPbBr3,-551.86876054,0.007711208792865798,0.006776076645406418,1.3549867706777994,0.43744514394256956,2.5729322141978677,1.9110138378079395,True,C7H20N2,Normal bond fluctuations,Normal angle flexibility,Local torsional oscillation,168.67697632579595,90.47715516273479,2.9415038249860284,3.0075028870624902,43.46402797483399,2,0.3829977578008299,0.42323885765991953,0.4031183077303747
MAPbCl3_n1_[NH3+]CCCC1CCC(CCC[NH3+])CC1,MAPbCl3,-653.58632951,0.011517267871668766,0.007199682498926984,1.7099388275352485,0.9153165149425183,53.51566604438711,120.01219118736235,True,C12H28N2,Normal bond fluctuations,Normal angle flexibility,Moderate conformational change,170.45224877475846,89.79448893593168,2.8621065902943412,2.8399050114091446,45.05661039785215,2,1.0827064055472702,0.20754780899192404,0.6451271072695971
MAPbCl3_n3_CC(C)(C[NH3+])C[NH3+],MAPbCl3,-912.82419687,0.014749390131284068,0.013834722877179477,2.275236995926903,1.381900279438476,8.522758331559887,3.420450809805525,True,C5H16N2,Normal bond fluctuations,Normal angle flexibility,Local torsional oscillation,166.43228100144736,89.87508601887083,2.8692132185559944,2.8388470933749854,33.669378166538785,6,0.4544129827033698,10.434304241420243,5.444358612061807
MAPbBr3_n2_[NH3+]CCC1=CC=C(CC[NH3+])C=C1,MAPbBr3,-492.03578671,0.005503198757131418,0.0057751876823830565,0.8741025987714863,0.6778729759402747,46.22437619832424,136.8484359150205,True,C10H18N2,Normal bond fluctuations,Normal angle flexibility,Moderate conformational change,171.56602975149843,90.03328263261987,3.0189852828445227,3.0057784981904674,36.66317094721457,4,0.7990341394119498,6.810731116632059,3.8048826280220043
MAPbI3_n3_[NH3+]CCC1CCC(CC[NH3+])CC1,MAPbI3,-1420.16903038,0.009168744172873944,0.006175166336221715,0.9975872710069821,0.7755786064581173,28.195211885147486,120.30777266874175,True,C10H24N2,Normal bond fluctuations,Normal angle flexibility,Local torsional oscillation,174.09552192126205,90.03020401871551,3.1891510603231255,3.1906137222698416,35.95620158715195,6,0.5621961948092964,12.750015141982347,6.6561056683958215
MAPbI3_n3_CC(C)(CCCC[NH3+])C(C)(C)CCCC[NH3+],MAPbI3,-1572.35068685,0.008078417631524563,0.00497849610266431,0.7614804281871258,0.7640232424098123,53.893838595902544,91.85737807236583,True,C14H34N2,Normal bond fluctuations,Normal angle flexibility,Moderate conformational change,173.27391593769747,89.92606671935467,3.1608457112873407,3.1652435640065755,41.49521113454395,6,0.6207735323620405,12.804671679657584,6.712722606009812
MAPbCl3_n1_CC(C)(CCCC[NH3+])CCCC[NH3+],MAPbCl3,-634.59761458,0.012202894158547695,0.005183361373262008,1.3898134047202078,0.9851735305762963,16.183448711659093,7.239315008333803,True,C11H28N2,Normal bond fluctuations,Normal angle flexibility,Local torsional oscillation,167.311198859137,90.06301889557496,2.865242650333042,2.854877806657184,44.47100933752094,2,0.9595749591323757,0.4889497886555221,0.7242623738939489
MAPbI3_n1_[NH3+]C1CCC([NH3+])CC1,MAPbI3,-588.87816502,0.014049024822225642,0.010904284676209323,1.004273999322524,0.5902009197236179,2.250078284769237,1.874534410588432,True,C6H16N2,Normal bond fluctuations,Normal angle flexibility,Local torsional oscillation,179.88785546401252,90.0000055308564,3.2045796268609497,3.2013679671319877,44.893316470236016,2,0.3066872736236288,0.1620058389059471,0.23434655626478795
MAPbCl3_n1_[NH3+]CCCC[NH3+],MAPbCl3,-394.26469303,0.01827247558226719,0.010986769049558457,1.6256016729260665,1.1336687964719785,11.94550636615071,14.005006003762862,True,C4H14N2,Normal bond fluctuations,Normal angle flexibility,Local torsional oscillation,169.98138568704394,90.18624764208558,2.863457918383048,2.8262716665985383,44.78057629984143,2,0.4236578370420818,0.3396958082418502,0.381676822641966
MAPbCl3_n3_CC(C)(CC[NH3+])C(C)(C)CC[NH3+],MAPbCl3,-1084.0987326,0.014573980907213463,0.007591098274604835,1.6194654951377485,0.8899950302328052,76.21626868613997,112.18915520654613,True,C10H26N2,Normal bond fluctuations,Normal angle flexibility,Moderate conformational change,169.4808016389055,90.06072159500349,2.882601953659773,2.844624280561748,39.2164640076845,6,0.6307430746857574,10.331032406597597,5.480887740641677
MAPbBr3_n3_[NH3+]CCCCCCCCCC[NH3+],MAPbBr3,-660.24809166,0.0039862196642658325,0.005824475099170891,2.026989967309595,0.8218839897303373,9.357235127476379,3.4641888917544605,True,C10H26N2,Normal bond fluctuations,Normal angle flexibility,Local torsional oscillation,170.41914894955127,90.08975006192266,2.9960271640595497,3.011291778699803,42.99680728221759,6,0.8531539004265425,12.784980441998838,6.819067171212691
MAPbI3_n3_CC(C)(CCCC[NH3+])CCCC[NH3+],MAPbI3,-1469.59615247,0.010603570703142643,0.00381350010787483,2.7829526700224654,1.79943985825526,42.440018247894564,111.08023057195138,True,C11H28N2,Normal bond fluctuations,Normal angle flexibility,Moderate conformational change,173.9743894814812,89.87074577500785,3.1966121642051815,3.190905824528586,41.673878979974766,6,0.7746364310216061,12.61582547553608,6.695230953278843
MAPbBr3_n2_CC(C)(CC[NH3+])CC[NH3+],MAPbBr3,-835.8570238,0.009528359352401178,0.005848143357703081,1.4579981296453197,1.054675822796652,10.872227040982292,2.4295166317020254,True,C7H20N2,Normal bond fluctuations,Normal angle flexibility,Local torsional oscillation,173.610032167548,90.07956798787836,2.991110351568527,3.0159404828260263,39.903886273857744,4,0.4252821247883569,6.151695196005946,3.2884886603971513
MAPbCl3_n3_[NH3+]C1CCC([NH3+])CC1,MAPbCl3,-932.52044379,0.016931772536811662,0.00842950837601534,1.3136135328733105,0.9515309481569806,69.7392129636865,119.01531581824334,True,C6H16N2,Normal bond fluctuations,Normal angle flexibility,Moderate conformational change,167.22141589538566,90.08028463180499,2.8634372553159704,2.836382717872157,36.67943651395462,6,0.41365657234282427,10.681972060642387,5.547814316492605
MAPbBr3_n2_[NH3+]CCCCCCCC[NH3+],MAPbBr3,-869.78522639,0.004448758552153986,0.006561521437458312,0.4518557597193933,0.4546448731321958,2.359884347930144,2.404320647499335,True,C8H22N2,Normal bond fluctuations,Normal angle flexibility,Local torsional oscillation,170.81613060416825,90.1439125177565,2.96794442051782,3.0291311705677004,36.19396684628387,4,0.939614286797928,6.855695945182418,3.8976551159901733
MAPbCl3_n1_[NH3+]CCC1CCC(CC[NH3+])CC1,MAPbCl3,-584.81476054,0.013324902334520902,0.0072083915960262914,2.1628928814060333,1.7890822252829435,58.53382892503028,53.999679404649086,True,C10H24N2,Normal bond fluctuations,Normal angle flexibility,Moderate conformational change,169.68778612718899,90.08654818578479,2.881467214841324,2.8319687668813134,31.3860031056708,2,0.32944593989268856,0.47076006778756874,0.40010300384012865
MAPbI3_n2_[NH3+]C1=CC=C([NH3+])C=C1,MAPbI3,-887.92083212,0.03929009195930436,0.01647649895689879,4.340545964277327,1.3100247764111186,19.690843909947535,151.2415772635321,True,C6H10N2,Normal bond fluctuations,Normal angle flexibility,Local torsional oscillation,170.8555724248204,90.09348157813844,3.191884387039123,3.202945021250018,44.7583743823095,4,0.3830593679777965,6.401904466028529,3.3924819170031624
MAPbBr3_n2_[NH3+]C1CCC([NH3+])CC1,MAPbBr3,-786.4953801,0.012309535660199322,0.010513242849404306,1.1984128067710926,0.40042980201444545,2.9584769195786924,2.052657744655488,True,C6H16N2,Normal bond fluctuations,Normal angle flexibility,Local torsional oscillation,166.73973044745173,90.45570647850275,3.05990526489801,3.018083386389723,40.542582497730834,4,0.29807366733083307,6.278263830061564,3.2881687486961986
MAPbCl3_n2_CC(C)(CCC[NH3+])C(C)(C)CCC[NH3+],MAPbCl3,-910.26901745,0.011269439106514234,0.006490172377765602,1.6479036931021749,1.1331342430124698,58.144749897059874,92.18056530673613,True,C12H30N2,Normal bond fluctuations,Normal angle flexibility,Moderate conformational change,165.21269664373918,90.02202134476633,2.831331707126676,2.877499997271726,38.645929845385574,4,1.1083647424407697,5.995259158373825,3.5518119504072976
MAPbI3_n3_[NH3+]CC1CCC(C[NH3+])CC1,MAPbI3,-1351.3562181,0.009416373050583248,0.007315904209674387,0.7504584100831669,0.4386501243563164,6.906174122650242,8.587675292558623,True,C8H20N2,Normal bond fluctuations,Normal angle flexibility,Local torsional oscillation,173.41247062515106,90.07319320614938,3.1925252424279313,3.194000736973569,41.844226572285315,6,0.4990078695991973,12.531606133281878,6.515307001440537
MAPbBr3_n2_CC(C)(CCCC[NH3+])CCCC[NH3+],MAPbBr3,-972.89444459,0.0071709206261145,0.00462104271645408,2.149815255147668,1.273389586814177,45.11491504732347,109.49570723815943,True,C11H28N2,Normal bond fluctuations,Normal angle flexibility,Moderate conformational change,173.02305996003767,90.1035055564107,2.9795507668708727,3.017600240554834,38.744705348450324,4,0.5489070422781785,6.236224839488692,3.3925659408834354
MAPbI3_n1_[NH3+]CCCCCCC[NH3+],MAPbI3,-637.2622233,0.009603424633594565,0.005420816915900071,2.8397351912739066,0.32388181265993404,2.9612210430254557,2.5825897302440928,True,C7H20N2,Normal bond fluctuations,Normal angle flexibility,Local torsional oscillation,173.654826193472,89.86617753133395,3.175401567211803,3.2023359357178425,27.638170645220786,2,0.5627786295703827,0.5864511086374717,0.5746148691039272
MAPbCl3_n1_[NH3+]C1CCC([NH3+])CC1,MAPbCl3,-448.5195129,0.017467978482908014,0.010863070137130114,0.7531617662611196,0.5495056147478604,70.37103873535105,118.45039620649035,True,C6H16N2,Normal bond fluctuations,Normal angle flexibility,Moderate conformational change,179.65682858514384,89.9999009042553,2.8225983856981,2.9087174697022156,44.944789740924485,2,0.07373789774484196,0.4141622893221646,0.24395009353350328
MAPbI3_n1_CC(C)(CCC[NH3+])CCC[NH3+],MAPbI3,-706.02719216,0.008863361266022607,0.005625418815898101,1.92964634626919,1.4218438851707034,54.29210303001106,112.81675101853888,True,C9H24N2,Normal bond fluctuations,Normal angle flexibility,Moderate conformational change,174.16043012065103,89.87096860985132,3.15635455979403,3.195851963666109,30.753092773378658,2,0.5628099766667485,0.6260785967893314,0.59444428672804
MAPbBr3_n2_CC(C)(CC[NH3+])C(C)(C)CC[NH3+],MAPbBr3,-938.45977917,0.007106305589440395,0.005546181450078639,0.8731031855008275,0.6458463967668077,75.42580438188745,112.72047886212518,True,C10H26N2,Normal bond fluctuations,Normal angle flexibility,Moderate conformational change,165.82979970864054,90.54300890548679,3.0166769529382447,3.0135317137500266,41.80647503546158,4,0.46171894402911207,6.032331683972263,3.2470253140006875
MAPbI3_n1_CC(C)(CC[NH3+])C(C)(C)CC[NH3+],MAPbI3,-740.35886613,0.012624196185334976,0.004523824666756354,0.7926026162949995,0.9740287994509208,59.218149052175036,96.79093800031217,True,C10H26N2,Normal bond fluctuations,Normal angle flexibility,Moderate conformational change,174.20403726701724,90.08809197350777,3.156960177429961,3.1772352152267236,34.998875438289375,2,0.9251071983348904,0.8746158726485609,0.8998615354917257
MAPbCl3_n2_CC(C)(CCC[NH3+])CCC[NH3+],MAPbCl3,-808.57498029,0.013431022008931048,0.00645252100843708,0.5805956054852656,0.4337049874265458,7.725118213049825,3.2156288928167003,True,C9H24N2,Normal bond fluctuations,Normal angle flexibility,Local torsional oscillation,170.6167299423367,89.8346723245092,2.844232252951535,2.8564614192322946,41.47544824851983,4,0.567219312819145,5.584225423729729,3.0757223682744366
MAPbI3_n1_CC(C)(CC[NH3+])CC[NH3+],MAPbI3,-637.89411422,0.01272993874278816,0.005126149454778823,1.7507549760719825,1.440268960044229,64.98479689539413,115.12012432982102,True,C7H20N2,Normal bond fluctuations,Normal angle flexibility,Moderate conformational change,175.4855492649698,89.91164004051637,3.163808122421127,3.198026874801506,11.704635679339052,2,0.6090473976156856,0.6117799883746233,0.6104136929951545
MAPbCl3_n1_[NH3+]CCCCCC[NH3+],MAPbCl3,-462.99912314,0.009863288661642988,0.004760022196995182,0.4417291104132867,0.2924839289061414,9.855114931063019,8.580396640016096,True,C6H18N2,Normal bond fluctuations,Normal angle flexibility,Local torsional oscillation,171.819414583084,90.16230676202102,2.8796200641968492,2.819587603735751,27.992194955631128,2,0.725390542437891,0.32889653471672897,0.52714353857731
MAPbI3_n2_[NH3+]CCC1CCC(CC[NH3+])CC1,MAPbI3,-1072.77939561,0.01242770647708441,0.009702255589940905,2.352891195080417,1.3299519627068732,79.61665525787151,86.3768353345521,True,C10H24N2,Normal bond fluctuations,Normal angle flexibility,Moderate conformational change,172.5761651083013,89.94298122332002,3.2018537213429674,3.1849238444043513,42.436526932062826,4,0.5514418780193302,6.539167171651821,3.5453045248355757
MAPbCl3_n3_CC(C)(C[NH3+])C(C)(C)C[NH3+],MAPbCl3,-1014.75043224,0.016642659800908993,0.006085684461948301,2.4148977285687008,1.0904653326080957,69.93533652602927,95.6553746515191,True,C8H22N2,Normal bond fluctuations,Normal angle flexibility,Moderate conformational change,165.41400359674603,89.88747898309525,2.923998330883183,2.8571621802218616,38.77414928539129,6,0.3012443281655348,10.25233761084442,5.276790969504977
MAPbBr3_n1_CC(C)(CCCC[NH3+])C(C)(C)CCCC[NH3+],MAPbBr3,-792.62135423,0.007051679498089758,0.005843643779414453,0.515038010449856,0.4470511496884232,9.62949262484275,4.014977652151463,True,C14H34N2,Normal bond fluctuations,Normal angle flexibility,Local torsional oscillation,179.9414186603772,90.00000310465477,3.027211160924,3.010329540873969,44.25316448502094,2,0.8494153115111212,0.8511502978632048,0.850282804687163
MAPbCl3_n1_[NH3+]CCC1=CC=C(CC[NH3+])C=C1,MAPbCl3,-539.01053847,0.012002042113061884,0.0079976762854508,0.49878164172962464,0.43539134362527576,6.546187023493733,85.57468839984283,True,C10H18N2,Normal bond fluctuations,Normal angle flexibility,Local torsional oscillation,173.98298911136783,90.07058762365511,2.8437286000262993,2.8435718465942426,41.41830412721473,2,0.9226666897119802,0.737151884761091,0.8299092872365356
MAPbCl3_n1_CC(C)(CC[NH3+])CC[NH3+],MAPbCl3,-497.38421533,0.014179030754623567,0.009203066676134408,1.1867570186816763,1.21687088786507,65.02453720456694,115.24389581914905,True,C7H20N2,Normal bond fluctuations,Normal angle flexibility,Moderate conformational change,160.30365741624001,90.30328394958829,2.8723116083379296,2.858248338606908,39.666648611158095,2,0.4502324267831912,0.36277878102854366,0.40650560390586743
MAPbCl3_n2_[NH3+]CCCCCCC[NH3+],MAPbCl3,-739.65281628,0.011364421964295435,0.007991939724095351,1.665071315559396,0.9335370874839577,9.578146106509346,5.761339305536538,True,C7H20N2,Normal bond fluctuations,Normal angle flexibility,Local torsional oscillation,169.495731286975,89.91553395004385,2.8640287354587155,2.8453169832932286,44.51821414163908,4,0.703478715609144,5.765901421010767,3.2346900683099555
MAPbCl3_n3_[NH3+]CC1CCC(C[NH3+])CC1,MAPbCl3,-1000.66070289,0.012437979591321957,0.009602746165713912,1.7863403494166619,0.6702782342276119,67.16339810614787,92.17822960575587,True,C8H20N2,Normal bond fluctuations,Normal angle flexibility,Moderate conformational change,169.75604841555335,90.06789980733352,2.837927366856577,2.8471559515751053,41.15328824081041,6,0.7107554919850543,10.52325551630036,5.617005504142707
MAPbBr3_n1_[NH3+]C1=CC=C([NH3+])C=C1,MAPbBr3,-455.50018271,0.03725155749681222,0.013239659993909724,4.265245628918793,1.3779547202592395,18.017138811048945,15.000101881681548,True,C6H10N2,Normal bond fluctuations,Normal angle flexibility,Local torsional oscillation,179.7713246737108,90.00003908929445,3.0007863342611385,3.002465502592146,44.90049168141555,2,0.10041672138297053,0.09398955676282306,0.0972031390728968
MAPbBr3_n1_[NH3+]CCCC1=CC=C(CCC[NH3+])C=C1,MAPbBr3,,0.005418980341281933,0.00598110059334612,1.1928203692672747,1.495421175819721,61.66877361962343,132.08579676965627,True,C12H22N2,Normal bond fluctuations,Normal angle flexibility,Moderate conformational change,164.7731832798002,90.77947804434946,2.996090562557848,3.003900144993598,43.731553926047255,2,0.2851261222226815,0.7534709688532413,0.5192985455379614
MAPbCl3_n3_CC(C)(CCCC[NH3+])CCCC[NH3+],MAPbCl3,-1118.99979418,0.011095692168574053,0.006879884541033435,1.3562689739034883,1.6184163064962513,52.03320325849315,105.1482603635321,True,C11H28N2,Normal bond fluctuations,Normal angle flexibility,Moderate conformational change,166.70747445049489,90.18522563398278,2.8507170938094646,2.8463831144628737,43.34341214445964,6,0.41512539484960387,11.396899986169444,5.906012690509524
MAPbI3_n2_CC(C)(C[NH3+])C[NH3+],MAPbI3,-915.36584617,0.016859328127922568,0.01285959146849063,1.412609557295056,1.0050347902223722,83.54865363461583,109.60038358754345,True,C5H16N2,Normal bond fluctuations,Normal angle flexibility,Moderate conformational change,165.85093689186064,89.98541081041866,3.205878281531688,3.18695693695269,44.40985684844556,4,0.31966686678914114,6.09202257036149,3.2058447185753156
MAPbI3_n3_[NH3+]CCCC1=CC=C(CCC[NH3+])C=C1,MAPbI3,-654.20301056,0.005371922688776224,0.006336530421273558,1.1153364322421169,1.0546531907672494,64.5678307961142,124.99722948413033,True,C12H22N2,Normal bond fluctuations,Normal angle flexibility,Moderate conformational change,172.56689962340542,89.78665313142388,3.2137227413730223,3.2009882593449546,39.062865045696974,6,0.8446732874044103,12.547964100970429,6.696318694187419
MAPbCl3_n1_[NH3+]CCCCCCCC[NH3+],MAPbCl3,-531.79551797,0.009650301652094597,0.006899374526352408,1.123185758476417,0.969056238577987,28.558086819024833,32.61168162197243,True,C8H22N2,Normal bond fluctuations,Normal angle flexibility,Local torsional oscillation,166.77080953115492,89.80404993205256,2.869542691395095,2.843161301068237,43.442286523269296,2,0.995498468133273,0.3870397940313346,0.6912691310823038
MAPbBr3_n3_[NH3+]CCCCCCCCC[NH3+],MAPbBr3,-627.01381045,0.004114551135033273,0.0048602971182418854,1.0988256604664772,0.8419254644191333,7.819755515773121,6.018308411074953,True,C9H24N2,Normal bond fluctuations,Normal angle flexibility,Local torsional oscillation,167.83482075958577,90.19788307011684,2.9909885808902197,3.0062194215338067,43.23635907540129,6,0.9248499034428466,12.727936377333743,6.826393140388294
MAPbI3_n2_CC(C)(CC[NH3+])C(C)(C)CC[NH3+],MAPbI3,-1087.86085618,0.01185730315236439,0.004635498109535019,0.6479680353821244,0.7087126050086758,58.68386140890188,97.24703034475804,True,C10H26N2,Normal bond fluctuations,Normal angle flexibility,Moderate conformational change,173.06877021675413,89.99630061744607,3.200308603393492,3.1965352428569362,43.23358482819347,4,0.8255162514999688,6.2889251656110545,3.5572207085555116
MAPbCl3_n3_[NH3+]CCCCC[NH3+],MAPbCl3,-913.11512542,0.011516038201139778,0.0061109524317785385,2.0469114005363567,0.6059607775581932,28.884421921149873,39.10295999696062,True,C5H16N2,Normal bond fluctuations,Normal angle flexibility,Local torsional oscillation,168.72163075969488,90.18549971489274,2.848011616603858,2.8353967299866993,36.70831863127005,6,0.5762121386377386,10.925979871613949,5.751096005125843
MAPbI3_n2_CC(C)(CCCC[NH3+])C(C)(C)CCCC[NH3+],MAPbI3,-1225.26463682,0.0073828797493160035,0.004734351720377538,0.7095836286560818,0.7261675345997356,10.801163951497669,22.59487464982947,True,C14H34N2,Normal bond fluctuations,Normal angle flexibility,Local torsional oscillation,174.02542253336597,89.91444207742731,3.180745215826315,3.189626466192198,38.883171556224575,4,0.8756010799758505,6.964678675514918,3.920139877745384
MAPbI3_n2_[NH3+]CCCC1=CC=C(CCC[NH3+])C=C1,MAPbI3,-1095.02465712,0.007956302988463297,0.005977240798994747,0.8637367445992412,1.1549210142977178,38.114072369965044,143.82311029481716,True,C12H22N2,Normal bond fluctuations,Normal angle flexibility,Moderate conformational change,172.01067708541672,89.93160856985041,3.2096040940783412,3.1912166966099798,38.79846419175027,4,0.7323117438216378,6.568164791610743,3.6502382677161904
MAPbCl3_n3_[NH3+]CCCCCCCCCC[NH3+],MAPbCl3,-2088.17144793,0.011883745571506843,0.00573094183842584,1.185502368589701,0.7786150086581947,5.105796887412124,4.713251327815266,True,C10H26N2,Normal bond fluctuations,Normal angle flexibility,Local torsional oscillation,162.6325824977365,89.98046540433604,2.818676956070702,2.8471646153751062,40.96066290447203,6,0.5252189316981157,11.019186474418133,5.772202703058124
MAPbI3_n1_CC(C)(CCC[NH3+])C(C)(C)CCC[NH3+],MAPbI3,-808.72893567,0.011093007025980706,0.006157768369627245,1.6862471560462353,1.3867009724765818,15.259417992766425,7.075614674007108,True,C12H30N2,Normal bond fluctuations,Normal angle flexibility,Local torsional oscillation,173.45393922700987,90.10534298514405,3.1775237810460313,3.183526527024499,41.47692125976322,2,0.8151039853301989,0.670389208791458,0.7427465970608285
MAPbBr3_n3_[NH3+]CCCC1CCC(CCC[NH3+])CC1,MAPbBr3,-1274.94829506,0.007082270373437434,0.005819197225799126,1.321602756645592,1.156981931129031,65.47754160924197,115.1579093456211,True,C12H28N2,Normal bond fluctuations,Normal angle flexibility,Moderate conformational change,169.09727296441096,90.2187567278064,2.988135403309844,3.005037309503249,43.56764150850373,6,0.5408919892907083,12.503630777842972,6.52226138356684
MAPbCl3_n3_[NH3+]CCCC1=CC=C(CCC[NH3+])C=C1,MAPbCl3,-1091.94901991,0.00887624304824232,0.006659375954045758,0.9030641893147786,1.3141949860710254,32.18392316715304,88.41980130290568,True,C12H22N2,Normal bond fluctuations,Normal angle flexibility,Moderate conformational change,170.13952399349378,90.13700512574991,2.850479992381313,2.8385609312311946,31.646563600117336,6,0.7497790718779744,11.484450827663164,6.117114949770569
MAPbI3_n3_CC(C)(CC[NH3+])CC[NH3+],MAPbI3,-1332.53715279,0.012978061857233908,0.005514762768249,1.1634652621157613,1.39988608516741,2.0459022521111168,1.8127320339430975,True,C7H20N2,Normal bond fluctuations,Normal angle flexibility,Local torsional oscillation,174.89656030260582,89.95597060786513,3.1957651180555584,3.1947288492383445,40.3252440638155,6,0.6014545647685172,12.58271269556537,6.592083630166943
MAPbBr3_n2_CC(C)(CCCC[NH3+])C(C)(C)CCCC[NH3+],MAPbBr3,-1075.8826927,0.005732617329261677,0.005097271599589928,0.5494368939106564,0.3883490438278578,59.85628310021358,117.42029682645645,True,C14H34N2,Normal bond fluctuations,Normal angle flexibility,Moderate conformational change,169.2772620709991,90.29492106628561,2.998381475218712,3.015631730760824,41.579637391819446,4,0.8474902810889853,6.7413040008707,3.794397140979843
MAPbCl3_n3_[NH3+]CCCCCCCC[NH3+],MAPbCl3,-1016.19357286,0.010597764917654394,0.006088214877240391,1.3523178243709744,1.228474349825538,7.893884596998674,4.129880492531279,True,C8H22N2,Normal bond fluctuations,Normal angle flexibility,Local torsional oscillation,167.5647627906898,89.85250582788308,2.8327955903779114,2.845264713306504,38.45726906183219,6,0.44565934031841015,11.16131240987518,5.803485875096795
MAPbBr3_n2_CC(C)(CCC[NH3+])CCC[NH3+],MAPbBr3,-519.48378809,0.0078035611756990695,0.005321946791288519,0.403577687938886,0.3444621024013396,56.26135732312771,110.90842112091039,True,C9H24N2,Normal bond fluctuations,Normal angle flexibility,Moderate conformational change,168.6169192012818,90.15866039989521,2.9933906964910473,3.00194359014013,43.65933067318597,4,0.6308837915101471,6.1507676186463645,3.3908257050782558
MAPbI3_n3_[NH3+]C1CCC([NH3+])CC1,MAPbI3,-1283.4244276,0.015446180626926015,0.010724118228153733,0.9777726822541168,0.5629623882409238,1.9048509096136683,1.7351116801026056,True,C6H16N2,Normal bond fluctuations,Normal angle flexibility,Local torsional oscillation,176.7547915660161,89.97921602132367,3.209554876914972,3.2006902348721415,40.53632747343401,6,0.3682556104403898,12.624267150754235,6.496261380597312
MAPbCl3_n1_[NH3+]C1=CC=C([NH3+])C=C1,MAPbCl3,-400.83827814,0.039896840663961985,0.017193241554047268,4.3368703702195575,1.3550815642246323,17.83515614611658,155.94794475456578,True,C6H10N2,Normal bond fluctuations,Normal angle flexibility,Local torsional oscillation,179.7837051480632,89.999976654823,2.8380670727721804,2.8357876611284554,43.47182880014382,2,0.24393267762855242,0.10345980815807732,0.17369624289331487
MAPbCl3_n2_[NH3+]CCCCCCCC[NH3+],MAPbCl3,-773.8146793,0.011575735651609569,0.006685845976271246,1.558438562380724,0.9776997247704264,5.358209249115093,3.2706742652267615,True,C8H22N2,Normal bond fluctuations,Normal angle flexibility,Local torsional oscillation,167.82195926449123,90.02896333850565,2.812800928978133,2.849631359162696,44.615615114484974,4,0.3650764075881807,5.5627212611006644,2.9638988343444224
MAPbBr3_n3_[NH3+]C1=CC=C([NH3+])C=C1,MAPbBr3,-1021.99720288,0.037027214312452844,0.013243285882269834,4.207773056232044,1.4028341489237452,18.63879718002573,151.50751910692705,True,C6H10N2,Normal bond fluctuations,Normal angle flexibility,Local torsional oscillation,170.87044219812591,90.01156184992197,3.003871430415019,3.022281738226004,41.455147824325664,6,0.1352517094941479,12.273326701561858,6.204289205528003
MAPbBr3_n1_[NH3+]CCCC[NH3+],MAPbBr3,-449.25786434,0.017365454068080054,0.00844830549661751,1.066153105033269,0.49594111454418593,1.7989803701617764,0.2169299989563609,True,C4H14N2,Normal bond fluctuations,Normal angle flexibility,Local torsional oscillation,179.8960279673981,90.00001777618604,3.0240949856250747,3.0023067003293185,44.71663397976291,2,0.31737118890736316,0.4821097274039712,0.39974045815566717
MAPbBr3_n1_CC(C)(CC[NH3+])CC[NH3+],MAPbBr3,-345.70024518,0.010792282584328239,0.00617736338270895,1.2510693863159545,0.843407356465664,8.326783112832716,2.1510673251028103,True,C7H20N2,Normal bond fluctuations,Normal angle flexibility,Local torsional oscillation,165.47584367863925,90.83575415443094,2.9757130749426697,3.00676383707372,44.3128103557621,2,0.4262181544359054,0.4952534110804736,0.4607357827581895
MAPbCl3_n3_[NH3+]CCCCCCCCC[NH3+],MAPbCl3,-1050.37753796,0.0114480250119394,0.005980639791201182,2.494543626179677,1.2827793150056368,5.085848743673097,4.782278574283336,True,C9H24N2,Normal bond fluctuations,Normal angle flexibility,Local torsional oscillation,166.13296972119053,90.46810667111868,2.865899497921598,2.8387949965913344,40.70390675152373,6,0.5786501960045047,11.292389871322493,5.935520033663499
MAPbI3_n1_[NH3+]CCC1CCC(CC[NH3+])CC1,MAPbI3,-725.23312212,0.00919028654506084,0.005039401631270245,1.1833054377752117,0.8997344833007289,17.894866716312993,104.16383784140228,True,C10H24N2,Normal bond fluctuations,Normal angle flexibility,Local torsional oscillation,176.64419420150404,89.99808475092556,3.120938558804836,3.1778238613226324,40.01305095973896,2,0.4916404105215624,1.2056846497333966,0.8486625301274795
MAPbCl3_n1_[NH3+]CCC[NH3+],MAPbCl3,-359.88325757,0.014479829289848867,0.007391182664937486,1.991000892083785,0.7318348443982977,7.2781487646814185,0.7458391183226922,True,C3H12N2,Normal bond fluctuations,Normal angle flexibility,Local torsional oscillation,165.46299104945555,89.86452977935184,2.814039804975387,2.8497804652345375,45.84475168794917,2,0.3853237630682502,0.706648957951308,0.5459863605097791
MAPbI3_n2_[NH3+]CCC[NH3+],MAPbI3,-847.05316054,0.013530353671783957,0.007076515209621376,4.207968764600873,1.1534702836138855,0.44556029913505313,0.053992904768961125,True,C3H12N2,Normal bond fluctuations,Normal angle flexibility,Local torsional oscillation,171.43856901433364,90.23780426503347,3.191580528661594,3.1985283851468562,44.611819344160956,4,0.3763442619684021,6.384209904513538,3.38027708324097
MAPbI3_n3_CC(C)(C[NH3+])C(C)(C)C[NH3+],MAPbI3,-1365.62574838,0.017005223890007828,0.0035476612992259753,1.2104683520068116,1.0790729784171118,68.439398031967,96.33191472510322,True,C8H22N2,Normal bond fluctuations,Normal angle flexibility,Moderate conformational change,175.18223509575384,89.98705702594879,3.2410328162638127,3.2071454800125685,37.68327703873603,6,0.3371567983818369,12.502145006928352,6.4196509026550945
MAPbBr3_n3_CC(C)(CC[NH3+])CC[NH3+],MAPbBr3,-1118.95219761,0.009264052378187199,0.005500532332256501,0.9699445751896973,0.7748471896551274,8.523895158309413,2.9209772156261247,True,C7H20N2,Normal bond fluctuations,Normal angle flexibility,Local torsional oscillation,167.67726352425044,90.53583577943361,2.981621331804201,3.0005588370927416,44.460508157263895,6,0.4850765801689414,12.46935972241425,6.477218151291596
MAPbCl3_n3_[NH3+]CCCC[NH3+],MAPbCl3,-878.84907751,0.01777307976988096,0.01050199651399903,1.7657655602621745,1.0298529277937258,2.53893988059941,2.8802013147120706,True,C4H14N2,Normal bond fluctuations,Normal angle flexibility,Local torsional oscillation,165.51220199366114,89.83887651680199,2.843055725911926,2.8455690940340244,42.708626330664934,6,0.6040036569366947,11.126071430863595,5.8650375439001445
MAPbBr3_n3_[NH3+]CCC[NH3+],MAPbBr3,-981.00081642,0.009659211270868662,0.007772190591025576,1.4022127191048952,1.0046499724433924,9.239977382037651,0.11243688627887138,True,C3H12N2,Normal bond fluctuations,Normal angle flexibility,Local torsional oscillation,167.99226578354939,90.3765889980196,3.011581853709671,3.000568042975192,39.98152480449069,6,0.3514984094161875,12.538547165346438,6.445022787381313
MAPbI3_n1_[NH3+]CCCCCC[NH3+],MAPbI3,-603.18269461,0.007585384066259098,0.0036645201907010596,1.303076006428687,0.6953950107099093,32.99857210032767,35.750288329971404,True,C6H18N2,Normal bond fluctuations,Normal angle flexibility,Moderate conformational change,172.19429131081438,90.11854967201414,3.2071276966097817,3.1890535008571437,42.49446003831587,2,0.9366533393449408,1.0173146547972918,0.9769839970711163
MAPbI3_n1_[NH3+]CCCC1CCC(CCC[NH3+])CC1,MAPbI3,-793.44260957,0.008805429644658691,0.005537594487846305,0.8456268496762593,0.6810248727191689,3.444368211368221,3.875648528599239,True,C12H28N2,Normal bond fluctuations,Normal angle flexibility,Local torsional oscillation,169.47309858130708,90.16950898982435,3.2011873204225845,3.156884850155424,43.576101819131004,2,0.35047943626221434,2.6401529030557906,1.4953161696590025
MAPbI3_n3_CC(C)(CCC[NH3+])CCC[NH3+],MAPbI3,-1400.71837701,0.008441260600811873,0.005578449823337465,2.089268453200551,1.6013126092267236,54.27777707256091,112.85693199096858,True,C9H24N2,Normal bond fluctuations,Normal angle flexibility,Moderate conformational change,174.63193156109773,89.89614738142636,3.192784709915385,3.1874778168490967,41.8658897263256,6,0.6984545881955766,12.581948586352171,6.640201587273873
MAPbI3_n2_[NH3+]CCC1=CC=C(CC[NH3+])C=C1,MAPbI3,-1026.25436239,0.009401243169592363,0.006120762042744992,1.5411046328958642,1.9092939590039812,41.82775132449717,137.43100406632664,True,C10H18N2,Normal bond fluctuations,Normal angle flexibility,Moderate conformational change,172.7008630173479,90.02880289864157,3.20284854097431,3.2086164437672506,39.16340017858867,4,0.8855163143483784,6.339753807936933,3.612635061142656
MAPbBr3_n3_[NH3+]C1CCC([NH3+])CC1,MAPbBr3,-1069.62878255,0.01394055010045267,0.009122680730277923,0.897801362748956,0.4690683666723121,1.6932982648605523,1.3900932207444971,True,C6H16N2,Normal bond fluctuations,Normal angle flexibility,Local torsional oscillation,170.87724744117034,89.94978800252039,3.0116180040963285,3.014865033312977,38.193947096387916,6,0.41315818871377297,12.391145061452752,6.402151625083262
MAPbBr3_n2_CC(C)(CCC[NH3+])C(C)(C)CCC[NH3+],MAPbBr3,-1006.90556097,0.006345939486213725,0.004989719752272773,1.0076739076636514,0.7095915745808895,55.406840616345086,93.69552883539312,True,C12H30N2,Normal bond fluctuations,Normal angle flexibility,Moderate conformational change,169.20718740950494,90.34090194878664,3.01835378992447,3.004300866773952,32.41519834399705,4,0.3915530677240253,6.645434067551738,3.518493567637882
MAPbCl3_n3_CC(C)(CC[NH3+])CC[NH3+],MAPbCl3,-981.89839971,0.014750816691987634,0.009104830875037726,1.4511067540685274,1.1171188153422986,66.27811465518997,113.99781561891155,True,C7H20N2,Normal bond fluctuations,Normal angle flexibility,Moderate conformational change,168.6448019137806,90.02738373649873,2.8473303017577667,2.845767545774793,40.62818892039724,6,0.5707834649086281,10.785813421545837,5.6782984432272325
MAPbI3_n1_[NH3+]CCCCC[NH3+],MAPbI3,-568.66434707,0.012698366901369088,0.006166361160381007,3.481088828368999,0.5084470742488414,2.71021529121726,0.7566960550211638,True,C5H16N2,Normal bond fluctuations,Normal angle flexibility,Local torsional oscillation,173.5510335585801,89.84894341494788,3.1767040691013104,3.2011171604625592,28.572007461458515,2,0.5707117655208576,0.5793299481695833,0.5750208568452204
MAPbBr3_n1_[NH3+]CC1CCC(C[NH3+])CC1,MAPbBr3,-570.8288579,0.012345290385420671,0.007815202817302047,1.8869068185051343,1.4571772549874453,69.35308068529771,104.6638959354087,True,C8H20N2,Normal bond fluctuations,Normal angle flexibility,Moderate conformational change,174.23970694243621,90.053368334792,3.0239007110308527,3.0120739718083014,28.389141415147847,2,0.29145841728043,0.5826510238939298,0.43705472058717987
MAPbCl3_n2_[NH3+]C1CCC([NH3+])CC1,MAPbCl3,-690.44684445,0.0174390920606054,0.01034106276365006,1.6755434057660339,0.9419761300987812,69.59532432579863,119.24667285656864,True,C6H16N2,Normal bond fluctuations,Normal angle flexibility,Moderate conformational change,162.39422343550382,94.34063442923718,2.8949497153060975,2.845038124295454,43.642180385088366,4,0.5542221290768548,5.22961366756058,2.8919178983187175
MAPbCl3_n1_CC(C)(CCC[NH3+])CCC[NH3+],MAPbCl3,-566.17863499,0.012702335288297829,0.005497241999701638,0.858563131165654,0.651539496798174,7.971411899078802,6.310400406938558,True,C9H24N2,Normal bond fluctuations,Normal angle flexibility,Local torsional oscillation,163.73254461378815,90.18338550771308,2.8353799200409835,2.8554824502804763,43.28488729788271,2,0.791736555064809,0.5254445218390487,0.6585905384519288
MAPbCl3_n3_[NH3+]CCC1=CC=C(CC[NH3+])C=C1,MAPbCl3,-1023.3044407,0.009832367430717545,0.006635941577705447,1.4163466793732908,1.7013848793127462,42.855223801605405,130.1694450573448,True,C10H18N2,Normal bond fluctuations,Normal angle flexibility,Moderate conformational change,168.56871093721676,89.992792571726,2.8457767049778298,2.8456902134861473,39.69715020630022,6,0.604984025160179,11.138377028310035,5.8716805267351075
MAPbI3_n2_[NH3+]CCCCCCCCCC[NH3+],MAPbI3,-1087.67620219,0.007775114669676993,0.003622416992010825,2.145577224377682,0.9551176206864941,19.762005442011045,28.174936505485135,True,C10H26N2,Normal bond fluctuations,Normal angle flexibility,Local torsional oscillation,173.8021987711,89.96588556790428,3.206684262419487,3.1958044999413855,41.77090052730172,4,0.9700950304486184,7.245570331712543,4.1078326810805805
MAPbI3_n2_[NH3+]CCCCCCC[NH3+],MAPbI3,-984.65029842,0.00911070156226984,0.005011391832590899,3.501901654966669,0.19736418366895608,2.8430215603841873,1.0555825421067424,True,C7H20N2,Normal bond fluctuations,Normal angle flexibility,Local torsional oscillation,174.11762548583,89.93500319643333,3.210553880040173,3.1852631779755662,43.029278008780096,4,0.6852377228138371,6.407144218243873,3.5461909705288552
MAPbCl3_n2_[NH3+]CCC[NH3+],MAPbCl3,-602.17231601,0.016922820873061406,0.010499863137578424,1.2032755913090891,0.27864253904039465,15.471974140276203,10.8451239828603,True,C3H12N2,Normal bond fluctuations,Normal angle flexibility,Local torsional oscillation,168.8964697169692,89.77623671843017,2.8486070045394927,2.856769113988464,42.800093089933576,4,0.1802745105624166,5.526515871159376,2.853395190860896
MAPbBr3_n2_CC(C)(C[NH3+])C[NH3+],MAPbBr3,-766.62623372,0.014017695119926121,0.01540984226846268,1.075813115692176,0.6086168433126955,83.23613170287321,110.05970141155862,True,C5H16N2,Normal bond fluctuations,Normal angle flexibility,Moderate conformational change,169.3322340518061,90.0329236829134,3.028905628339982,3.007277461004855,45.119931108151455,4,0.09781850784605739,6.3834100575989,3.240614282722479
MAPbI3_n2_[NH3+]CCCCC[NH3+],MAPbI3,-915.92213236,0.01345102256993036,0.005340446808340896,4.714263239449821,0.34489611238849716,2.7238554921352147,0.8008313460078578,True,C5H16N2,Normal bond fluctuations,Normal angle flexibility,Local torsional oscillation,172.91234986749814,89.87180158562373,3.2050522816198956,3.1619458046803155,43.45670979311319,4,0.7493616000751144,6.395540844374121,3.572451222224618
MAPbCl3_n2_CC(C)(CCCC[NH3+])CCCC[NH3+],MAPbCl3,-876.9500722,0.011373780210420717,0.003798495426786677,1.7519145962900526,1.1760514609784851,54.769283652739524,106.76471344685845,True,C11H28N2,Normal bond fluctuations,Normal angle flexibility,Moderate conformational change,167.0154475074662,90.27182979589439,2.8123635925295436,2.854083965756072,42.733740354864636,4,0.6492832154640822,5.781533388112221,3.215408301788152
MAPbCl3_n1_CC(C)(CCCC[NH3+])C(C)(C)CCCC[NH3+],MAPbCl3,-736.68546999,0.013677126895675152,0.0068334650154030585,1.085208190042477,0.8172149734987232,48.57543895528555,93.2431217279245,True,C14H34N2,Normal bond fluctuations,Normal angle flexibility,Moderate conformational change,175.34325261737894,90.03327013850492,2.814191203538102,2.908797549480534,29.246546932192423,2,1.1232608615127706,1.062671159338766,1.0929660104257684
MAPbCl3_n1_[NH3+]CC1CCC(C[NH3+])CC1,MAPbCl3,-516.29120241,0.012269782600816903,0.008270388014977235,1.0470285249060645,0.9873908758922479,12.346807903512595,6.82705327463988,True,C8H20N2,Normal bond fluctuations,Normal angle flexibility,Local torsional oscillation,170.37078619410897,89.91528520534487,2.881918165256135,2.8544717738252987,45.0144703090345,2,0.6571759492513833,0.4331826208800855,0.5451792850657344
MAPbBr3_n1_[NH3+]C1CCC([NH3+])CC1,MAPbBr3,-503.28410235,0.012204982754376342,0.009064431498511421,0.7748497724103174,0.30258574614252826,69.64133713784626,119.04641603556102,True,C6H16N2,Normal bond fluctuations,Normal angle flexibility,Moderate conformational change,179.92951667317053,90.00000711691382,3.0232487835148607,3.0239265157566364,42.6857450625721,2,0.10151348491241974,0.10131150462872407,0.1014124947705719
MAPbBr3_n3_[NH3+]CCCC[NH3+],MAPbBr3,-1015.65099174,0.010424450908590677,0.0076657827441907024,0.7256089284578557,0.5515574764766413,1.7201550847433396,0.35940319752123867,True,C4H14N2,Normal bond fluctuations,Normal angle flexibility,Local torsional oscillation,170.94747385135017,90.0035596005218,3.017678667291811,2.984541514820466,36.22009665001598,6,0.49120837955529906,12.672257873869276,6.581733126712288
MAPbI3_n1_[NH3+]CCCCCCCCC[NH3+],MAPbI3,-706.20460045,0.00916213853078176,0.0042338441518571445,1.8060968677498925,0.2621944472552811,13.208560236858933,7.897514918284605,True,C9H24N2,Normal bond fluctuations,Normal angle flexibility,Local torsional oscillation,171.25613453738288,90.04339054662586,3.213779167033156,3.1944891032990155,43.87118366580316,2,0.9806952071411836,1.1814525739414679,1.0810738905413257
MAPbCl3_n2_[NH3+]CCCCCC[NH3+],MAPbCl3,-705.13125222,0.00817819239781443,0.007070949494784311,1.4825863265626988,1.0140243102843258,37.674796552106294,30.2282771068704,True,C6H18N2,Normal bond fluctuations,Normal angle flexibility,Moderate conformational change,169.08879864348515,89.95205899024862,2.8562915886392344,2.854613898083806,43.26334731420566,4,0.2881665556902777,5.781531664168181,3.0348491099292296
MAPbBr3_n1_[NH3+]CCCC1CCC(CCC[NH3+])CC1,MAPbBr3,-496.36255351,0.00669283980663858,0.006170185827177259,0.8793652444174036,0.7169813903981274,52.94032197660122,120.56666910673563,True,C12H28N2,Normal bond fluctuations,Normal angle flexibility,Moderate conformational change,169.7950666849122,90.24571652580785,2.992781143359749,3.001889203638778,44.77062624511355,2,0.903694852125025,0.5606134638880889,0.7321541580065569
MAPbBr3_n3_[NH3+]CCCCCC[NH3+],MAPbBr3,-1084.3362753,0.005566214788350843,0.0054689843903251295,0.4118994980422765,0.2447574313716696,1.9781172707984296,1.4908151094991668,True,C6H18N2,Normal bond fluctuations,Normal angle flexibility,Local torsional oscillation,170.6973867306946,90.11674648933041,3.024400033101962,2.987202752358646,36.92074388906889,6,0.5491471238196313,12.61194796200012,6.580547542909875
MAPbI3_n2_[NH3+]CCCCCCCC[NH3+],MAPbI3,-1019.51115087,0.007848727695307398,0.005264457511105369,1.0112945704732006,1.0954833737612146,46.136873506015995,43.91279246222534,True,C8H22N2,Normal bond fluctuations,Normal angle flexibility,Moderate conformational change,173.908315686282,89.95926349218783,3.1786635251351867,3.1942264214650233,38.43900664193295,4,0.6124229130493553,6.711469042702811,3.6619459778760834
MAPbBr3_n2_[NH3+]CCCC[NH3+],MAPbBr3,-732.47263414,0.013250507000529765,0.00796336304881223,0.952064331034876,0.8040546671590615,1.7179994195139159,0.12592927152982683,True,C4H14N2,Normal bond fluctuations,Normal angle flexibility,Local torsional oscillation,169.66059105363107,90.34158593999742,2.981910518522344,3.019610392744687,36.11962070389871,4,0.5072842038124503,6.507581288973747,3.507432746393099
MAPbI3_n3_[NH3+]CCCCCCCC[NH3+],MAPbI3,-582.27352059,0.006475329076855428,0.00536295257658313,1.6005223693240236,0.668544156693344,7.396623984072554,7.2025493478344975,True,C8H22N2,Normal bond fluctuations,Normal angle flexibility,Local torsional oscillation,173.06011992361445,89.88861038107491,3.2002818659852665,3.1959213416292367,37.27453160448717,6,0.7966240303564973,12.84921562013129,6.822919825243893
MAPbI3_n1_[NH3+]CCC[NH3+],MAPbI3,-499.82109726,0.013650631355028642,0.006661055959734398,4.018403231702095,0.9985106206910426,0.4111123397907619,0.19877898182234333,True,C3H12N2,Normal bond fluctuations,Normal angle flexibility,Local torsional oscillation,173.1514518552495,89.84452685897114,3.1705036388605485,3.190205012895705,37.11508198315094,2,0.3997832287589289,0.3978048744078748,0.39879405158340187
MAPbBr3_n2_[NH3+]CCCCC[NH3+],MAPbBr3,-766.6614782,0.009508357672134982,0.007483597749771994,2.762881771761644,0.6968422841214084,2.617821951830763,0.23410951417555442,True,C5H16N2,Normal bond fluctuations,Normal angle flexibility,Local torsional oscillation,174.207344468536,90.04343742666663,2.9803544134417073,3.016061372492016,32.79694116307414,4,0.41407334945151275,6.159328619620129,3.2867009845358206
MAPbI3_n3_CC(C)(CC[NH3+])C(C)(C)CC[NH3+],MAPbI3,-1435.25326162,0.011779294869667434,0.004414466216882617,0.7737396204231102,0.6970983357719839,71.33680388876583,117.09503127397574,True,C10H26N2,Normal bond fluctuations,Normal angle flexibility,Moderate conformational change,174.97655120002636,89.93128961326092,3.1978934901968006,3.1937061776906783,32.326010956433215,6,0.8213837594333286,12.58839051781194,6.7048871386226345
MAPbI3_n3_[NH3+]CCCC1CCC(CCC[NH3+])CC1,MAPbI3,-1488.17371705,0.008458111121677983,0.006101421328645374,0.9420863254420704,1.2390440293831,16.581826162150563,37.7084556616912,True,C12H28N2,Normal bond fluctuations,Normal angle flexibility,Local torsional oscillation,171.09149181754606,89.80614588782947,3.186315283706913,3.164934616156557,43.19115114741155,6,0.9384324200450651,12.420634276702481,6.6795333483737735
MAPbCl3_n1_CC(C)(C[NH3+])C[NH3+],MAPbCl3,-428.18711005,0.0171219786446238,0.01382080888435351,1.6004600670863773,0.9656628945260802,87.06520426211159,105.65965384199654,True,C5H16N2,Normal bond fluctuations,Normal angle flexibility,Moderate conformational change,164.4964423116279,90.58115507937042,2.8028876321750125,2.9126531540959064,44.44960771497012,2,0.4223176290575261,0.4176819047080995,0.4199997668828128
MAPbI3_n1_CC(C)(C[NH3+])C(C)(C)C[NH3+],MAPbI3,-671.09905467,0.011873226100313581,0.0017659240213998794,0.5404135349409306,0.40799839906063895,65.86741756892316,98.58781558044508,True,C8H22N2,Normal bond fluctuations,Normal angle flexibility,Moderate conformational change,176.77232673271547,89.9917298428328,3.2217593225249037,3.2536200039254317,38.719276993733025,2,0.2925506353965477,0.3475450330684078,0.32004783423247773
MAPbCl3_n3_[NH3+]CCCCCC[NH3+],MAPbCl3,-947.71969258,0.014219851876817862,0.004629129868879453,1.0467440241980175,0.6835745802812023,6.955026675463455,6.078682441339977,True,C6H18N2,Normal bond fluctuations,Normal angle flexibility,Local torsional oscillation,168.34064661521126,90.07768839648828,2.8440408508387716,2.8561238501725725,42.935245320224226,6,0.5534439176446169,11.342210742649105,5.947827330146861
MAPbI3_n2_[NH3+]C1CCC([NH3+])CC1,MAPbI3,-935.8680266,0.014670829050965478,0.011359807217564771,1.0193155116051813,0.6482098842135309,68.36869069220926,120.36371446340804,True,C6H16N2,Normal bond fluctuations,Normal angle flexibility,Moderate conformational change,171.2395538547769,90.24087300137666,3.168529867823308,3.191123745357306,39.67222378726764,4,0.35920742498170544,6.33205325379899,3.3456303393903477
MAPbCl3_n2_CC(C)(CCCC[NH3+])C(C)(C)CCCC[NH3+],MAPbCl3,-979.01203585,0.015635558487235027,0.008797092022482052,1.2160374849435378,0.8610809276215009,60.89004262808399,116.58901690046994,True,C14H34N2,Normal bond fluctuations,Normal angle flexibility,Moderate conformational change,169.15027264993293,90.11340181627006,2.900407613631191,2.8637314617440457,39.21228363472017,4,0.9747364153286884,6.01050470869313,3.4926205620109094
MAPbBr3_n1_[NH3+]CCCCCCCC[NH3+],MAPbBr3,-586.71698422,0.011709465625337763,0.006500455951242383,0.530937253605531,0.40584422695,4.248040956307404,2.4598017713181806,True,C8H22N2,Normal bond fluctuations,Normal angle flexibility,Local torsional oscillation,179.86656068961358,90.00000205925942,3.008502759917068,2.9936577981832326,44.97607880929435,2,0.5879135890430647,0.8449766304714341,0.7164451097572494
MAPbCl3_n2_[NH3+]CCC1=CC=C(CC[NH3+])C=C1,MAPbCl3,-780.97877829,0.008601544374670126,0.008018627056923164,1.4160996997272386,1.036184981191883,29.138643235676746,87.65107318360828,True,C10H18N2,Normal bond fluctuations,Normal angle flexibility,Local torsional oscillation,166.63462012002222,90.07852627751268,2.829504172856359,2.850592382594156,43.36923710422623,4,0.21560496370301419,5.996237937255993,3.1059214504795034
MAPbBr3_n3_[NH3+]CCCCCCCC[NH3+],MAPbBr3,-1153.23172847,0.007725782111476207,0.006210085658895331,0.6859199387702883,0.14999926781831371,3.17708467398655,1.162674016860707,True,C8H22N2,Normal bond fluctuations,Normal angle flexibility,Local torsional oscillation,171.09733619673355,90.13530486055517,3.001126540871976,3.00933590820502,38.494047623092534,6,0.8113111619062119,12.436023079897538,6.6236671209018745
MAPbBr3_n3_CC(C)(CCC[NH3+])C(C)(C)CCC[NH3+],MAPbBr3,-726.11846497,0.006750789319553103,0.005073367786736205,1.1013019177667276,0.9836882229365563,4.6764636349691,4.879344607959812,True,C12H30N2,Normal bond fluctuations,Normal angle flexibility,Local torsional oscillation,170.78460070516158,90.1549074007296,3.0043904078984274,2.9993461040825413,41.33331140905016,6,0.46364669638765466,12.246172728779946,6.3549097125838
MAPbI3_n3_[NH3+]CCC1=CC=C(CC[NH3+])C=C1,MAPbI3,-1374.08989212,0.008990934671837092,0.005730431760248965,0.5455871664592787,0.47299187558429906,3.0976703872397042,4.96939794576385,True,C10H18N2,Normal bond fluctuations,Normal angle flexibility,Local torsional oscillation,173.94073929251488,89.90015854397643,3.189420093820998,3.195023928101699,41.97992927672153,6,0.8628096705736117,12.80345451686923,6.833132093721421
MAPbBr3_n1_[NH3+]CCCCCCCCCC[NH3+],MAPbBr3,-445.20946739,0.006175804699153757,0.007256808333094296,1.8600125414081219,1.1941806424918204,8.983202197023413,5.179271107340371,True,C10H26N2,Normal bond fluctuations,Normal angle flexibility,Local torsional oscillation,166.53062170820377,90.54628887678479,2.9750836015449806,3.0233166226208246,45.57232019885315,2,0.9660565248317623,0.5382307910293438,0.752143657930553
MAPbCl3_n3_CC(C)(CCC[NH3+])CCC[NH3+],MAPbCl3,-1050.7022506,0.00978525748252237,0.007322010909967398,1.1123550430575382,0.7840950957628764,16.567954594092782,25.64131088322507,True,C9H24N2,Normal bond fluctuations,Normal angle flexibility,Local torsional oscillation,167.3748382710322,90.00539961961586,2.8481043311937806,2.83296761074142,40.517235860764295,6,0.5100927702769198,10.505908018801918,5.508000394539419
MAPbCl3_n2_[NH3+]CCCCCCCCCC[NH3+],MAPbCl3,-842.64930984,0.00996570076801816,0.006126204543988598,1.1205595822025571,0.7506482556013745,22.45559118113756,23.995766119815535,True,C10H26N2,Normal bond fluctuations,Normal angle flexibility,Local torsional oscillation,166.7095753947677,90.29034485511654,2.832770945981234,2.848591326995585,44.538746804533375,4,1.1390401639874552,6.354148646047388,3.746594405017422
MAPbBr3_n2_[NH3+]CCCC1=CC=C(CCC[NH3+])C=C1,MAPbBr3,-945.91698997,0.006200429929576526,0.006277524811610089,1.2694629877524486,1.5175765837261994,31.43861875212839,110.92910454212604,True,C12H22N2,Normal bond fluctuations,Normal angle flexibility,Moderate conformational change,165.7612197150598,89.89729616796663,3.004958229508153,3.0069757861093787,42.78754470819219,4,0.7995060531807885,6.366653180135707,3.5830796166582477
MAPbBr3_n1_[NH3+]CCC1=CC=C(CC[NH3+])C=C1,MAPbBr3,-593.67082105,0.005117896377248558,0.005682678994530465,0.29271290727813487,0.1639515542666406,6.972888281389631,10.41580343254542,True,C10H18N2,Normal bond fluctuations,Normal angle flexibility,Local torsional oscillation,179.76408592097567,90.00000638663897,3.010823257402056,2.9796226892884103,40.32852705503141,2,0.6384376597261059,0.6420598672098841,0.640248763467995
MAPbBr3_n2_[NH3+]CCCCCCCCCC[NH3+],MAPbBr3,-938.22567027,0.005971344451074682,0.00715674079265273,1.1736415952262917,0.6092152048036876,8.572087010591519,6.119478877953742,True,C10H26N2,Normal bond fluctuations,Normal angle flexibility,Local torsional oscillation,167.7846281139947,90.16897106073918,2.984273310315567,3.0159020707132584,44.90883366211209,4,0.9605083896434055,6.927384694090167,3.943946541866786
MAPbI3_n1_[NH3+]CC1CCC(C[NH3+])CC1,MAPbI3,-656.58042907,0.009523741518144457,0.007174055333081921,0.8060047536829794,0.42881414494935993,7.437796604044832,7.46709033102017,True,C8H20N2,Normal bond fluctuations,Normal angle flexibility,Local torsional oscillation,172.91734883664736,89.98092536957752,3.1783186307307902,3.2082809742039657,37.91171120717641,2,0.41320639993291186,0.5718718425754732,0.4925391212541925
MAPbI3_n3_[NH3+]CCCCCC[NH3+],MAPbI3,-1298.06212956,0.01212788433809545,0.0020766869557888334,1.481836054688247,0.47429042478550726,6.39740200219415,3.957714909970738,True,C6H18N2,Normal bond fluctuations,Normal angle flexibility,Local torsional oscillation,174.81429554755846,89.9768986231757,3.181485130029183,3.18540354394155,43.0790688313537,6,0.8329445462022846,12.78072551087367,6.806835028537978
MAPbCl3_n3_CC(C)(CCCC[NH3+])C(C)(C)CCCC[NH3+],MAPbCl3,-1221.22559571,0.010591996433971233,0.006569997926451727,1.7302665034344273,0.8131246907284,49.86912283715322,92.33683943030695,True,C14H34N2,Normal bond fluctuations,Normal angle flexibility,Moderate conformational change,171.25233804917892,90.02708648706535,2.8701732164684928,2.8505162798354697,38.193511931086,6,1.1070129798312154,10.897694203461892,6.002353591646553
MAPbI3_n2_[NH3+]CCCCCC[NH3+],MAPbI3,-950.67458,0.010656598935275374,0.0022944514502483697,1.13868073390348,0.34380804212908944,5.95563223350697,6.6141244161129,True,C6H18N2,Normal bond fluctuations,Normal angle flexibility,Local torsional oscillation,173.27403633376122,89.959709238648,3.201453764815351,3.2003803238218382,32.91510565688967,4,0.7473347492150295,6.695324746476835,3.7213297478459326
MAPbCl3_n2_[NH3+]CCCCC[NH3+],MAPbCl3,-671.06383819,0.014079691873079966,0.009515061679005262,1.042312124920676,0.7084762589267386,11.061284071643236,4.694315551559887,True,C5H16N2,Normal bond fluctuations,Normal angle flexibility,Local torsional oscillation,172.33453946806782,89.88857654923922,2.8404608442518535,2.8609511457795502,35.86201300673048,4,0.5014819986030012,5.621742267042393,3.061612132822697
MAPbI3_n1_[NH3+]CCCCCCCCCC[NH3+],MAPbI3,-740.75438626,0.007317211033631376,0.004917253125404318,2.224700524297434,0.7467033655167029,30.911317626760404,39.227740531176075,True,C10H26N2,Normal bond fluctuations,Normal angle flexibility,Moderate conformational change,169.9555088437138,90.01389812651524,3.1655689840483827,3.211988932331744,44.49480005121169,2,0.9247814308472573,1.272501215085553,1.0986413229664052
MAPbBr3_n3_[NH3+]CCCCC[NH3+],MAPbBr3,-1050.00843036,0.00835544326284506,0.0071956046216073615,0.9419170895168861,0.7322076846212698,10.918667765068605,7.249893664793792,True,C5H16N2,Normal bond fluctuations,Normal angle flexibility,Local torsional oscillation,169.32571629110586,90.17253655046359,2.99161580830452,3.0145254555722705,43.18505591238449,6,0.552776360781877,12.337176977751769,6.444976669266823
MAPbI3_n2_[NH3+]CCCC[NH3+],MAPbI3,-882.03540505,0.014597448643250566,0.00897988281350742,1.036665592601377,0.819732992462993,2.252024804318817,0.7424641377030166,True,C4H14N2,Normal bond fluctuations,Normal angle flexibility,Local torsional oscillation,173.42798105430924,89.9549242248795,3.1932013859612662,3.202703547656526,36.008333760155466,4,0.5923924947910995,6.422516153002629,3.507454323896864
MAPbBr3_n3_CC(C)(C[NH3+])C[NH3+],MAPbBr3,-493.82932845,0.013933969210463823,0.015303809789774834,0.9900305621537022,0.619195466243619,6.422807454084314,2.491629465114143,True,C5H16N2,Normal bond fluctuations,Normal angle flexibility,Local torsional oscillation,171.60020690258298,90.00001973111203,3.0292698783011205,3.00276023277156,37.1162525472971,6,0.15044511619713252,12.429153342087506,6.28979922914232
MAPbCl3_n2_CC(C)(C[NH3+])C[NH3+],MAPbCl3,-670.58188556,0.018829534089075655,0.014970463127120621,1.6163950663511173,1.328895127190126,87.88701185815061,104.33583958308829,True,C5H16N2,Normal bond fluctuations,Normal angle flexibility,Moderate conformational change,168.32271774085697,89.9073448055343,2.8662204968809344,2.862022596428118,35.79028951464101,4,0.0624187781015384,5.252620428675847,2.6575196033886925
MAPbBr3_n2_[NH3+]CCC[NH3+],MAPbBr3,-697.72104348,0.01208361764685445,0.0069955059528886195,4.401579748148947,1.1926752877537603,0.3872000166643659,0.046118850024242874,True,C3H12N2,Normal bond fluctuations,Normal angle flexibility,Local torsional oscillation,168.62506785959272,90.28510718651215,2.9770657115010564,3.009208212216418,45.035095760464785,4,0.31617415295559903,6.506543157106235,3.4113586550309174
MAPbI3_n1_[NH3+]CCC1=CC=C(CC[NH3+])C=C1,MAPbI3,-679.38352959,0.009224404960767818,0.0056312028388133826,0.5731656228628016,0.5479124110039256,41.70582162280259,152.34357103116713,True,C10H18N2,Normal bond fluctuations,Normal angle flexibility,Moderate conformational change,179.51081854360166,90.0004262465911,3.2395226529401,3.1676560421655453,38.0901037066889,2,1.0557798817251647,1.0801291643314395,1.067954523028302
MAPbCl3_n2_CC(C)(C[NH3+])C(C)(C)C[NH3+],MAPbCl3,-772.4452556,0.01637185854538887,0.003513510473769976,1.1883213810982542,0.9091409166457961,66.57295305711376,97.8489137846307,True,C8H22N2,Normal bond fluctuations,Normal angle flexibility,Moderate conformational change,164.90192572484798,92.2409603601386,3.0431075079774157,2.871042442571731,26.581837800347053,4,0.6460070020491786,5.043426774098934,2.844716888074056
MAPbBr3_n1_[NH3+]CCCCCC[NH3+],MAPbBr3,-312.56511185,0.011194024689405875,0.00822277710285227,1.2545840389521363,0.7347597780266658,1.9613125993452627,1.3576685864537867,True,C6H18N2,Normal bond fluctuations,Normal angle flexibility,Local torsional oscillation,179.82115384184692,90.00004989319969,3.0845821406737493,2.9773238518832073,42.167123616268626,2,0.8041498479806761,0.8046775758569362,0.8044137119188062
MAPbCl3_n2_[NH3+]CCCC1=CC=C(CCC[NH3+])C=C1,MAPbCl3,-849.95632492,0.009886973185309051,0.007599373397631986,1.2220827180824916,1.1502869409122916,12.586615822219816,154.94352629885623,True,C12H22N2,Normal bond fluctuations,Normal angle flexibility,Local torsional oscillation,169.47336613760945,90.1544196696874,2.8740776700762516,2.835917849046687,41.77779448912786,4,0.731132848940804,6.031232666140173,3.381182757540489
MAPbBr3_n3_[NH3+]CCCC1=CC=C(CCC[NH3+])C=C1,MAPbBr3,-1229.06737539,0.007442464156435268,0.006342075840409359,1.3393314306828472,1.3908589638612536,62.306335434158086,132.12027712268892,True,C12H22N2,Normal bond fluctuations,Normal angle flexibility,Moderate conformational change,168.21470384308995,90.11314928813748,3.012420332614406,3.004525123530706,41.6328194212658,6,0.8971856101858966,12.417021640823624,6.65710362550476
MAPbCl3_n2_[NH3+]CCCCCCCCC[NH3+],MAPbCl3,-808.28176632,0.008783574160582775,0.005534562704259398,1.0905765377214134,0.3362606796490779,12.977857755323797,9.783429930581697,True,C9H24N2,Normal bond fluctuations,Normal angle flexibility,Local torsional oscillation,170.0731239601838,90.0529603821978,2.86498817965178,2.8452555786113383,33.44731937275716,4,0.9142930440662702,6.05952297366346,3.4869080088648654
MAPbBr3_n2_[NH3+]CCCCCCCCC[NH3+],MAPbBr3,-903.79225108,0.006504563946449449,0.006026155715076936,1.8308516653232958,0.2938379717627442,4.893159144422935,4.405184001113144,True,C9H24N2,Normal bond fluctuations,Normal angle flexibility,Local torsional oscillation,168.0457838844469,90.4116715243974,2.9735377746760516,3.024658877166697,43.11274014590077,4,0.45222558402828894,6.5702880057735324,3.511256794900911
MAPbBr3_n3_[NH3+]CCC1CCC(CC[NH3+])CC1,MAPbBr3,-644.80199671,0.007044005158931814,0.00623912012436061,0.8023963541790847,0.7801911368243112,28.29590137062175,120.1949465699761,True,C10H24N2,Normal bond fluctuations,Normal angle flexibility,Local torsional oscillation,171.50617396892187,90.07130105931218,3.00579755584291,3.008141368542205,43.02163602560129,6,0.3943504188957512,12.661326295206145,6.527838357050948
MAPbI3_n1_[NH3+]CCCCCCCC[NH3+],MAPbI3,-672.15449014,0.007953520696607659,0.005606587011714787,1.134405644795212,1.085976283877076,46.829761264245654,45.65685371292373,True,C8H22N2,Normal bond fluctuations,Normal angle flexibility,Moderate conformational change,173.88594135160065,90.0652848606332,3.1617457367381334,3.201546868335178,33.26414695936078,2,0.9158367605285576,1.1673105378309732,1.0415736491797654
MAPbCl3_n1_CC(C)(C[NH3+])C(C)(C)C[NH3+],MAPbCl3,-530.44135746,0.012756051194288008,0.003353817160839692,0.8906667036525054,0.7821443881364111,5.2971231411538975,3.8756330550333398,True,C8H22N2,Normal bond fluctuations,Normal angle flexibility,Local torsional oscillation,164.52975499669915,90.38049972452242,2.8982895925371372,2.9244751063707444,34.969233496960534,2,0.38421111526984086,0.4853123093871199,0.4347617123284804
MAPbI3_n3_[NH3+]CCCC[NH3+],MAPbI3,-1229.48929551,0.015317789518684233,0.009181937791967595,1.1691877257902306,0.95785530868792,1.8011940483373412,0.8253125404857387,True,C4H14N2,Normal bond fluctuations,Normal angle flexibility,Local torsional oscillation,174.2558935346527,89.86737493848653,3.1980113055126687,3.1918570515592912,40.463461661089134,6,0.7084412443181747,12.612751921120022,6.660596582719099
MAPbBr3_n1_CC(C)(CCC[NH3+])CCC[NH3+],MAPbBr3,-411.84587567,0.006773165758908073,0.006152855292136159,0.6004841838364167,0.6659765447832239,53.51665760600404,112.9554199027688,True,C9H24N2,Normal bond fluctuations,Normal angle flexibility,Moderate conformational change,171.05632131130082,90.30334346701348,2.9328633197335288,3.007870750336009,35.40625410465578,2,0.16579481159425757,0.15688379572176991,0.16133930365801374
MAPbBr3_n3_[NH3+]CCC1=CC=C(CC[NH3+])C=C1,MAPbBr3,-1160.46393285,0.00740447662049426,0.007043285181074722,0.409427134261444,0.374077152614257,42.65108681614085,139.70705206588383,True,C10H18N2,Normal bond fluctuations,Normal angle flexibility,Moderate conformational change,169.27476364309274,90.31140717851538,3.0193445341088374,3.0120280518322295,39.96248205284276,6,0.3577208890398005,12.328982291572187,6.343351590305994
MAPbCl3_n3_[NH3+]CCC[NH3+],MAPbCl3,-844.50375883,0.01601585426952734,0.006150236884622789,4.7465985503247765,0.995076550264298,0.7315119016675737,0.0070994856609729595,True,C3H12N2,Normal bond fluctuations,Normal angle flexibility,Local torsional oscillation,167.62745151513948,90.08570405806836,2.843406020666826,2.8442445642920746,42.410195589436775,6,0.49821622500076534,11.005830055119164,5.752023140059965
MAPbCl3_n1_CC(C)(CCC[NH3+])C(C)(C)CCC[NH3+],MAPbCl3,-668.41651204,0.012651388074181015,0.010231978533941843,1.7581494456341404,0.8661458319896077,70.62666259981,112.51579360898087,True,C12H30N2,Normal bond fluctuations,Normal angle flexibility,Moderate conformational change,179.93729598378687,89.99999487409097,2.915203676194884,2.851757038870175,34.31216871488386,2,0.7383535507084689,0.7374884002392932,0.737920975473881
MAPbI3_n2_[NH3+]CC1CCC(C[NH3+])CC1,MAPbI3,-1003.95075081,0.00943542996902651,0.0072805399714277585,0.7717320212372533,0.41547944656866437,6.7552384883478345,8.326529768081642,True,C8H20N2,Normal bond fluctuations,Normal angle flexibility,Local torsional oscillation,171.8271905350905,89.95322080301956,3.1892790659765855,3.200131570122371,42.75848438779935,4,0.4394594859509069,6.2750688805231984,3.357264183237053
MAPbBr3_n1_[NH3+]CCC1CCC(CC[NH3+])CC1,MAPbBr3,-429.81007521,0.00524895996265858,0.006091889933954142,0.9241167898741115,0.6775244878265846,4.322189304305672,3.1541592978458604,True,C10H24N2,Normal bond fluctuations,Normal angle flexibility,Local torsional oscillation,173.55811229140394,90.02300141093022,3.0211289771123817,2.987311582846451,35.358972238989395,2,1.0130019085131086,0.7563673773695578,0.8846846429413332
MAPbCl3_n1_[NH3+]CCCCCCC[NH3+],MAPbCl3,-497.29310811,0.007009383341879727,0.006484686521228073,1.0130984210451106,0.7867295793542902,28.644810614306802,31.598961374093893,True,C7H20N2,Normal bond fluctuations,Normal angle flexibility,Local torsional oscillation,158.95443232513625,90.31824514728709,2.8306540849605337,2.84604412446483,45.06303379597043,2,0.9752400937447856,0.5038214254773399,0.7395307596110627
MAPbBr3_n1_CC(C)(CCC[NH3+])C(C)(C)CCC[NH3+],MAPbBr3,-723.61208099,0.006195243594905189,0.005361899120712598,0.779124326431432,0.4440292714775611,54.63261049238648,94.47016891834012,True,C12H30N2,Normal bond fluctuations,Normal angle flexibility,Moderate conformational change,179.95660747422193,90.00000402810795,3.015516415815059,3.009245316700048,36.740502027825315,2,1.1290005153947624,1.1301958085678079,1.1295981619812852
MAPbCl3_n2_[NH3+]C1=CC=C([NH3+])C=C1,MAPbCl3,-643.18505279,0.04055099787216618,0.01750398486287423,4.297721415708303,1.3605822691033946,19.25614536593503,133.26455712706246,True,C6H10N2,Normal bond fluctuations,Normal angle flexibility,Local torsional oscillation,165.18484777075096,89.78969322367207,2.868311901664575,2.8621839531096245,42.66241376455368,4,0.04230911454995745,5.668898345437042,2.8556037299934998
MAPbBr3_n3_CC(C)(CC[NH3+])C(C)(C)CC[NH3+],MAPbBr3,-1221.81148551,0.00742791017171849,0.005813648803460064,1.084983688562036,0.7577986318014822,10.434273724511177,5.66204265883955,True,C10H26N2,Normal bond fluctuations,Normal angle flexibility,Local torsional oscillation,170.79602437580016,90.02206072135216,3.0140451788148344,3.0142702386577773,38.78551329098168,6,0.4223866429286156,12.213598880677537,6.317992761803076
MAPbI3_n3_[NH3+]CCCCCCCCCC[NH3+],MAPbI3,-648.91186111,0.007039026843634989,0.005403972585786751,1.3877049092025247,0.7781131805686279,21.19053696675772,34.27558833663846,True,C10H26N2,Normal bond fluctuations,Normal angle flexibility,Local torsional oscillation,173.1523240350991,89.94899297984625,3.2038603148661546,3.200445523859992,40.413308656253896,6,0.9049300406651368,13.084820704839075,6.994875372752106
MAPbCl3_n1_[NH3+]CCCCCCCCC[NH3+],MAPbCl3,-566.14846727,0.009030588319855305,0.006261019031925133,0.8679535066769262,0.6732625469840186,8.08617528887665,5.91570221410243,True,C9H24N2,Normal bond fluctuations,Normal angle flexibility,Local torsional oscillation,165.00577545236558,89.94352581784901,2.8797175527355012,2.8331471652611206,44.636889428095344,2,0.8598535773354372,0.8500145584992502,0.8549340679173437
MAPbI3_n2_[NH3+]CCCCCCCCC[NH3+],MAPbI3,-1053.82065993,0.0075790657653494135,0.005672092941519813,1.105435622211347,0.8507985927245517,25.969693045319897,29.60035795359301,True,C9H24N2,Normal bond fluctuations,Normal angle flexibility,Local torsional oscillation,173.8792589699712,90.01533415227074,3.1893349922831535,3.1980706781102697,20.874630766458953,4,0.9051727334647919,6.984896216790629,3.94503447512771
MAPbCl3_n2_[NH3+]CC1CCC(C[NH3+])CC1,MAPbCl3,-758.43484418,0.014021558101391806,0.00941088977269523,1.8718406785662143,1.350711841739018,67.47296628908319,91.38539022289115,True,C8H20N2,Normal bond fluctuations,Normal angle flexibility,Moderate conformational change,170.42584864412467,90.02622827693365,2.855280799064203,2.8523712350927997,29.087605192337204,4,0.6491153008495201,5.132817056605724,2.8909661787276217
MAPbBr3_n2_[NH3+]CC1CCC(C[NH3+])CC1,MAPbBr3,-854.26061488,0.009347740639671698,0.0074236673064428434,1.0217399657361124,0.7596159057658283,16.824732809238743,11.146315684007865,True,C8H20N2,Normal bond fluctuations,Normal angle flexibility,Local torsional oscillation,169.42599680466623,90.2633626605914,2.99975515163233,3.02364127017147,39.94363677760776,4,0.27155443234343934,6.6339800737256045,3.452767253034522
