Experiment,Perovskite,Halogen,N_Slab,Molecule,Eslab,TotalAtoms,A,B,C,Alpha,Beta,Gamma,Emol,NCarbonsMol,NNitrogensMol,NHydrogensMol,FamilyMol,ParityMol,NormEnergy,MolAtoms,NormEmol
MAPbCl3_n2_[NH3+]CCCCCCC[NH3+],MAPbCl3,Cl,2,[NH3+]CCCCCCC[NH3+],-470.49691767,92.0,7.890156970649551,7.506654900022155,19.600294415864603,85.07914584515679,78.11307440829019,89.43866636275523,-154.15919643,7,2,20,lineal,odd,-1.7628100522826087,29,-5.315834359655173
MAPbCl3_n2_[NH3+]CCCCCCCCCC[NH3+],MAPbCl3,Cl,2,[NH3+]CCCCCCCCCC[NH3+],-573.42458916,110.0,7.709165092194147,7.8718538261256645,22.313174999795976,107.28403480242704,78.53064760250793,90.20845727886413,-205.48700074,10,2,26,lineal,even,-1.476823524363636,38,-5.407552651052632
MAPbCl3_n2_[NH3+]CCCC[NH3+],MAPbCl3,Cl,2,[NH3+]CCCC[NH3+],-367.3278189299999,74.0,7.736946873520357,7.847701105132506,16.59963962137432,89.8350837903907,89.26524505571805,90.06350671571428,-102.71394975,4,2,14,lineal,even,-2.187836749054053,20,-5.1356974875
MAPbCl3_n3_[NH3+]CC1CCC(C[NH3+])CC1,MAPbCl3,Cl,3,[NH3+]CC1CCC(C[NH3+])CC1,-564.2815820000001,118.0,7.96093190529042,7.97506003159193,22.42950701121235,92.3441767710212,92.04342345488745,89.3696381069176,-163.65683647,8,2,20,cyclic,even,-2.008202619152543,30,-5.455227882333333
MAPbCl3_n3_CC(C)(CCCC[NH3+])C(C)(C)CCCC[NH3+],MAPbCl3,Cl,3,CC(C)(CCCC[NH3+])C(C)(C)CCCC[NH3+],-784.9047352099999,158.0,7.913036675843158,8.2229930607849,27.894152960324963,76.41142426089586,89.72313759336052,91.43690645097519,-273.96963262,14,2,34,branch,even,-1.499781455506328,50,-5.4793926524000005
MAPbCl3_n2_CC(C)(CCCC[NH3+])CCCC[NH3+],MAPbCl3,Cl,2,CC(C)(CCCC[NH3+])CCCC[NH3+],-607.73789512,116.0,7.849600402778231,7.80005360562637,21.758107984229483,85.45679683201283,101.30398808188258,90.70459428177928,-222.86891444,11,2,28,branch,odd,-1.3965522951724134,41,-5.435827181463415
MAPbCl3_n2_CC(C)(C[NH3+])C[NH3+],MAPbCl3,Cl,2,CC(C)(C[NH3+])C[NH3+],-401.30019995,80.0,7.837388046606259,7.738631992733144,15.816977299367244,89.31903173302675,89.3188514985419,89.96461302732361,-120.13791333,5,2,16,branch,odd,-2.0128046661249996,23,-5.223387536086957
MAPbCl3_n1_CC(C)(C[NH3+])C(C)(C)C[NH3+],MAPbCl3,Cl,1,CC(C)(C[NH3+])C(C)(C)C[NH3+],-428.31649187,74.0,8.130825073208094,8.506739825494106,10.613611937871507,93.84162154416381,90.26684475194449,92.15634246527517,-171.16718275,8,2,22,branch,even,-1.1619206266216218,32,-5.3489744609375
MAPbCl3_n1_CC(C)(CCCC[NH3+])C(C)(C)CCCC[NH3+],MAPbCl3,Cl,1,CC(C)(CCCC[NH3+])C(C)(C)CCCC[NH3+],-634.62342536,110.0,7.73464196797296,8.681342309724162,17.07239471788938,67.79015515571085,91.46320762846932,92.13715348993928,-273.96963262,14,2,34,branch,even,-0.7880378192727273,50,-5.4793926524000005
MAPbCl3_n1_CC(C)(CCCC[NH3+])CCCC[NH3+],MAPbCl3,Cl,1,CC(C)(CCCC[NH3+])CCCC[NH3+],-532.5009244299999,92.0,7.88063707092548,7.628827461315386,16.255344072081535,91.99465646886586,70.59377328958999,90.92151636170297,-222.86891444,11,2,28,branch,odd,-0.9430771255434777,41,-5.435827181463415
MAPbCl3_n2_[NH3+]CC1=CC=C(C[NH3+])C=C1,MAPbCl3,Cl,2,[NH3+]CC1=CC=C(C[NH3+])C=C1,-443.21017173999996,82.0,7.824782473999988,7.725284253381369,17.79383823328914,90.99157863280153,91.31106223050037,89.88167950700382,-144.91357426,8,2,14,benzene,even,-1.870524673414634,24,-6.0380655941666665
MAPbCl3_n1_[NH3+]CCCCCC[NH3+],MAPbCl3,Cl,1,[NH3+]CCCCCC[NH3+],-360.88137536,62.0,7.6304532816967585,7.567673554651711,13.220529020929263,74.05197485245247,89.47034615421552,89.46081728354403,-137.11831366,6,2,18,lineal,even,-1.3974959361290318,26,-5.273781294615385
MAPbCl3_n1_[NH3+]CCCCCCC[NH3+],MAPbCl3,Cl,1,[NH3+]CCCCCCC[NH3+],-395.22005538,68.0,7.838705075022619,7.63331080258705,13.623568204559312,80.64193642963662,69.78711153733882,87.51577880353085,-154.15919643,7,2,20,lineal,odd,-1.2779656252941176,29,-5.315834359655173
MAPbCl3_n1_[NH3+]CCCC1=CC=C(CCC[NH3+])C=C1,MAPbCl3,Cl,1,[NH3+]CCCC1=CC=C(CCC[NH3+])C=C1,-505.51035305,82.0,7.372637542421824,7.75632068010497,16.79918378596164,90.6705071139533,109.91675709317099,89.41996314710083,-209.2911342,12,2,22,benzene,even,-1.0600985932926832,36,-5.813642616666666
MAPbCl3_n1_[NH3+]CC1CCC(C[NH3+])CC1,MAPbCl3,Cl,1,[NH3+]CC1CCC(C[NH3+])CC1,-414.06389678,70.0,7.871292758630623,7.919444724956815,10.959169680710186,93.22515760471748,91.79774089672115,88.449586742786,-163.65683647,8,2,20,cyclic,even,-1.239288912,30,-5.455227882333333
MAPbCl3_n3_[NH3+]CCC1CCC(CC[NH3+])CC1,MAPbCl3,Cl,3,[NH3+]CCC1CCC(CC[NH3+])CC1,-633.19543578,130.0,7.911604338759357,7.883332120851562,24.768333437012803,90.72363039800027,85.6404328315346,89.90900458481939,-197.7105717,10,2,24,cyclic,even,-1.8290330183076924,36,-5.491960325
MAPbCl3_n3_[NH3+]C1CCC([NH3+])CC1,MAPbCl3,Cl,3,[NH3+]C1CCC([NH3+])CC1,-496.1259823100001,106.0,7.895452257365612,7.978623354365954,21.738086920919574,87.03097410045189,90.7788089637729,88.52701907766846,-129.72100752,6,2,16,cyclic,even,-2.232867615754718,24,-5.40504198
MAPbCl3_n3_CC(C)(CCC[NH3+])CCC[NH3+],MAPbCl3,Cl,3,CC(C)(CCC[NH3+])CCC[NH3+],-614.3528669499999,128.0,7.747501864380103,8.029137028434006,24.894024133945262,91.57995150049817,85.53467873899316,89.93600900528033,-188.49022561,9,2,24,branch,odd ,-1.8544719978906241,35,-5.385435017428572
MAPbCl3_n2_[NH3+]CCC[NH3+],MAPbCl3,Cl,2,[NH3+]CCC[NH3+],-332.89326843999993,68.0,7.873954192610824,7.598050872358865,15.278589098072585,86.02637597561557,87.74359932156645,89.45578948069308,-85.54443369,3,2,12,lineal,odd,-2.3794764861764692,17,-5.032025511176471
MAPbCl3_n2_[NH3+]CCCCCCCCC[NH3+],MAPbCl3,Cl,2,[NH3+]CCCCCCCCC[NH3+],-539.0950794299999,104.0,7.948482777121332,7.711142285461831,20.938554320519266,86.43917404010307,109.44439764999925,90.53884948284816,-188.42385467,9,2,24,lineal,odd,-1.5600708662499996,35,-5.383538704857143
MAPbCl3_n3_CC(C)(CCCC[NH3+])CCCC[NH3+],MAPbCl3,Cl,3,CC(C)(CCCC[NH3+])CCCC[NH3+],-682.6510201000001,140.0,7.777723868375283,7.84607933958052,28.07142965516493,84.48325106942175,96.22024100807536,90.29355659585062,-222.86891444,11,2,28,branch,odd,-1.692237080142858,41,-5.435827181463415
MAPbCl3_n2_CC(C)(CCC[NH3+])C(C)(C)CCC[NH3+],MAPbCl3,Cl,2,CC(C)(CCC[NH3+])C(C)(C)CCC[NH3+],-641.0690614,122.0,8.433758165729715,7.69794594545586,20.60707993151088,88.891700687737,100.96738732823337,91.52831018875578,-239.68893898,12,2,30,branch,even,-1.3253375691803282,44,-5.447475885909091
MAPbCl3_n1_[NH3+]C1CCC([NH3+])CC1,MAPbCl3,Cl,1,[NH3+]C1CCC([NH3+])CC1,-346.39705678,58.0,8.51114104663176,7.463742992048146,9.955048309805147,82.69716617819383,83.53578997731482,84.09457092624035,-129.72100752,6,2,16,cyclic,even,-1.499224857586207,24,-5.40504198
MAPbCl3_n3_[NH3+]CCCCCCC[NH3+],MAPbCl3,Cl,3,[NH3+]CCCCCCC[NH3+],-545.40589589,116.0,7.809716087936585,7.803510579988439,25.465255434116003,83.51316609825497,89.39338400922472,89.80286200960477,-154.15919643,7,2,20,lineal,odd,-2.0438577847413795,29,-5.315834359655173
MAPbCl3_n2_[NH3+]CCCC1=CC=C(CCC[NH3+])C=C1,MAPbCl3,Cl,2,[NH3+]CCCC1=CC=C(CCC[NH3+])C=C1,-580.73979804,106.0,7.793978672150353,7.754146512187874,21.904413917735866,96.08202730284928,96.97602945262774,90.21352349388097,-209.2911342,12,2,22,benzene,even,-1.529788015471698,36,-5.813642616666666
MAPbCl3_n1_[NH3+]CCCCCCCCC[NH3+],MAPbCl3,Cl,1,[NH3+]CCCCCCCCC[NH3+],-464.06439434,80.0,7.835109055020801,7.4556600576045176,16.11798180834406,97.94209245098442,114.76262564050886,87.53159047505302,-188.42385467,9,2,24,lineal,odd,-1.0902085624999998,35,-5.383538704857143
MAPbCl3_n2_[NH3+]C1CCC([NH3+])CC1,MAPbCl3,Cl,2,[NH3+]C1CCC([NH3+])CC1,-421.16879591,82.0,7.937923812187223,7.803219574938561,16.084644094324872,86.92325211123482,89.59484843485995,88.50247592360377,-129.72100752,6,2,16,cyclic,even,-1.9722778154878045,24,-5.40504198
MAPbCl3_n3_CC(C)(CC[NH3+])C(C)(C)CC[NH3+],MAPbCl3,Cl,3,CC(C)(CC[NH3+])C(C)(C)CC[NH3+],-647.73028537,134.0,8.242856143451947,7.869349195769476,24.00717955703056,91.59086335478678,89.02782342315244,91.64182898843416,-205.40703172,10,2,26,branch,even,-1.768031506940299,38,-5.405448203157895
MAPbCl3_n2_[NH3+]CCCCCCCC[NH3+],MAPbCl3,Cl,2,[NH3+]CCCCCCCC[NH3+],-504.54587313,98.0,7.584709636112873,7.835282032749051,21.84623441260392,88.51286116514996,88.55593211726499,89.62010489970704,-171.34456379,8,2,22,lineal,even,-1.6515994443877553,32,-5.3545176184375
MAPbCl3_n3_CC(C)(CCC[NH3+])C(C)(C)CCC[NH3+],MAPbCl3,Cl,3,CC(C)(CCC[NH3+])C(C)(C)CCC[NH3+],-716.4455843600001,146.0,8.143915923556143,7.857142678968203,26.1149216502925,93.91606048872714,98.38559874818277,90.76749073749865,-239.68893898,12,2,30,branch,even,-1.623751413698631,44,-5.447475885909091
MAPbCl3_n1_[NH3+]CCCCCCCCCC[NH3+],MAPbCl3,Cl,1,[NH3+]CCCCCCCCCC[NH3+],-498.5307905,86.0,6.5162513200056456,8.126208724616152,17.331622442809298,119.078003926833,90.31360111350794,89.68998842335128,-205.48700074,10,2,26,lineal,even,-1.0181021979069766,38,-5.407552651052632
MAPbCl3_n2_[NH3+]CCCC1CCC(CCC[NH3+])CC1,MAPbCl3,Cl,2,[NH3+]CCCC1CCC(CCC[NH3+])CC1,-626.50169331,118.0,7.859234566431125,7.7847434844548085,21.968734512823485,95.3821187923617,90.21935692957504,89.56406015520156,-232.03610252,12,2,28,cyclic,even,-1.3765210870338982,42,-5.524669107619047
MAPbCl3_n1_[NH3+]CCCC[NH3+],MAPbCl3,Cl,1,[NH3+]CCCC[NH3+],-292.12168043,50.0,7.816744485593457,7.448589238941389,10.977589044681542,80.95380240664197,89.88516903110408,89.04441214250443,-102.71394975,4,2,14,lineal,even,-1.7338756186000006,20,-5.1356974875
MAPbCl3_n3_[NH3+]CCCC1CCC(CCC[NH3+])CC1,MAPbCl3,Cl,3,[NH3+]CCCC1CCC(CCC[NH3+])CC1,-701.5157891199999,142.0,7.912842550545337,7.814050950506325,27.45838108108764,94.02404898465088,86.63349356854617,89.41124983429592,-232.03610252,12,2,28,cyclic,even,-1.6721379160563377,42,-5.524669107619047
MAPbCl3_n1_[NH3+]C1=CC=C([NH3+])C=C1,MAPbCl3,Cl,1,[NH3+]C1=CC=C([NH3+])C=C1,-298.67197148,46.0,7.695118572289559,7.541218394941865,10.577269448360134,96.46139937990716,89.99664417971661,90.0015152240433,-106.77937656,6,2,10,benzene,even,-1.8502873556521744,18,-5.932187586666667
MAPbCl3_n1_[NH3+]CCC1CCC(CC[NH3+])CC1,MAPbCl3,Cl,1,[NH3+]CCC1CCC(CC[NH3+])CC1,-482.69083868,82.0,7.804289810098882,7.771249364933752,13.808490872139059,93.67820046600592,84.73860542755868,88.48101852240697,-197.7105717,10,2,24,cyclic,even,-1.064264576585366,36,-5.491960325
MAPbCl3_n3_CC(C)(C[NH3+])C(C)(C)C[NH3+],MAPbCl3,Cl,3,CC(C)(C[NH3+])C(C)(C)C[NH3+],-578.37039196,122.0,8.00815170794535,8.24853953023777,22.123671585973646,89.27119214357671,88.95136221063241,89.13445207542009,-171.16718275,8,2,22,branch,even,-1.9347215283606558,32,-5.3489744609375
MAPbCl3_n2_[NH3+]CCC1=CC=C(CC[NH3+])C=C1,MAPbCl3,Cl,2,[NH3+]CCC1=CC=C(CC[NH3+])C=C1,-511.75580492999995,94.0,7.670419187404149,7.763506346459135,20.079665971277173,80.86932746780887,80.14506585943161,90.1132983715743,-174.85017724,10,2,18,benzene,even,-1.7239941537234038,30,-5.8283392413333335
MAPbCl3_n1_CC(C)(CC[NH3+])CC[NH3+],MAPbCl3,Cl,1,CC(C)(CC[NH3+])CC[NH3+],-395.23662525000003,68.0,7.805559022231868,7.763236045938707,12.276218696965001,90.37338669731655,87.6383935485359,92.8321355177444,-154.18603206,7,2,20,branch,odd,-1.2774200166176475,29,-5.316759726206897
MAPbCl3_n2_[NH3+]CCCCC[NH3+],MAPbCl3,Cl,2,[NH3+]CCCCC[NH3+],-401.79203540000003,80.0,7.91477845933077,7.527986049990836,17.198241504770774,86.48766964799711,80.92661010710269,89.56130184480764,-119.9004908,5,2,16,lineal,odd,-2.0248881725000003,23,-5.213064817391304
MAPbCl3_n3_[NH3+]CCCC[NH3+],MAPbCl3,Cl,3,[NH3+]CCCC[NH3+],-442.4665265600001,98.0,7.6772694138821445,7.992296411527214,22.09327862218775,90.79271825948577,89.07211187514373,90.36644989458733,-102.71394975,4,2,14,lineal,even,-2.418761500612246,20,-5.1356974875
MAPbCl3_n1_[NH3+]CCCCCCCC[NH3+],MAPbCl3,Cl,1,[NH3+]CCCCCCCC[NH3+],-429.68394014000006,74.0,7.879273967059523,7.657451798864326,14.240007430502136,86.33178921430817,66.66783145235223,88.33745953878976,-171.34456379,8,2,22,lineal,even,-1.1756055751351362,32,-5.3545176184375
MAPbCl3_n2_[NH3+]CCCCCC[NH3+],MAPbCl3,Cl,2,[NH3+]CCCCCC[NH3+],-435.88804507,86.0,7.604268502449918,7.874000992305827,18.27915990633407,77.13255586663273,89.29667904569163,89.31491179109136,-137.11831366,6,2,18,lineal,even,-1.8796676482558135,26,-5.273781294615385
MAPbCl3_n1_[NH3+]CCCC1CCC(CCC[NH3+])CC1,MAPbCl3,Cl,1,[NH3+]CCCC1CCC(CCC[NH3+])CC1,-551.35902388,94.0,7.59496321110817,7.761722267443126,15.903711351699979,99.20253554340856,84.31774772118042,89.37469072820603,-232.03610252,12,2,28,cyclic,even,-0.9285831791489364,42,-5.524669107619047
MAPbCl3_n1_[NH3+]CC1=CC=C(C[NH3+])C=C1,MAPbCl3,Cl,1,[NH3+]CC1=CC=C(C[NH3+])C=C1,-368.02885507,58.0,7.710431839573728,7.553999023649989,12.394054916539709,94.7243300803562,91.38665652119799,89.5872821029654,-144.91357426,8,2,14,benzene,even,-1.3483052853448283,24,-6.0380655941666665
MAPbCl3_n3_[NH3+]CC1=CC=C(C[NH3+])C=C1,MAPbCl3,Cl,3,[NH3+]CC1=CC=C(C[NH3+])C=C1,-518.0350004700001,106.0,7.802415544979232,7.786065480221251,23.12686273012942,90.53620214767906,91.61750735649913,89.36577587119756,-144.91357426,8,2,14,benzene,even,-2.1529042636792464,24,-6.0380655941666665
MAPbCl3_n3_[NH3+]CCC[NH3+],MAPbCl3,Cl,3,[NH3+]CCC[NH3+],-408.09553834,92.0,7.799765373798531,7.814068790743524,20.985139598715918,88.87817383710254,91.44048142118852,89.9476556756442,-85.54443369,3,2,12,lineal,odd,-2.576159466956522,17,-5.032025511176471
MAPbCl3_n3_CC(C)(CC[NH3+])CC[NH3+],MAPbCl3,Cl,3,CC(C)(CC[NH3+])CC[NH3+],-545.50447973,116.0,7.863084446171455,7.940357005439857,23.418836149866824,89.32735032740611,90.8328877955719,90.5570963258083,-154.18603206,7,2,20,branch,odd,-2.044244962155172,29,-5.316759726206897
MAPbCl3_n2_CC(C)(C[NH3+])C(C)(C)C[NH3+],MAPbCl3,Cl,2,CC(C)(C[NH3+])C(C)(C)C[NH3+],-503.2052990899999,98.0,8.275518104580192,8.576638775402985,15.751256026938911,92.54019777148424,88.96334899484354,93.93923204412725,-171.16718275,8,2,22,branch,even,-1.6415401386734687,32,-5.3489744609375
MAPbCl3_n2_[NH3+]CCC1CCC(CC[NH3+])CC1,MAPbCl3,Cl,2,[NH3+]CCC1CCC(CC[NH3+])CC1,-557.78196996,106.0,7.775625986619939,7.769319767392567,18.82972831105579,93.07848471814852,86.6836223812255,89.871516705388,-197.7105717,10,2,24,cyclic,even,-1.531705910943396,36,-5.491960325
MAPbCl3_n2_CC(C)(CC[NH3+])C(C)(C)CC[NH3+],MAPbCl3,Cl,2,CC(C)(CC[NH3+])C(C)(C)CC[NH3+],-572.64650666,110.0,8.330263105762196,7.776036264299111,18.508710861194615,88.43072877273615,90.73390812947376,91.50840215024596,-205.40703172,10,2,26,branch,even,-1.4712040292727273,38,-5.405448203157895
MAPbCl3_n2_CC(C)(CCC[NH3+])CCC[NH3+],MAPbCl3,Cl,2,CC(C)(CCC[NH3+])CCC[NH3+],-539.3228761199999,104.0,7.821321704822763,7.615636641770076,19.972387876656178,87.9489104657954,81.93433651403276,89.61371956432164,-188.49022561,9,2,24,branch,odd ,-1.5609848548076914,35,-5.385435017428572
MAPbCl3_n2_[NH3+]CC1CCC(C[NH3+])CC1,MAPbCl3,Cl,2,[NH3+]CC1CCC(C[NH3+])CC1,-489.16875185999993,94.0,7.96633584471107,7.969716382905433,16.801073446391214,90.10962803398097,91.59703660697501,89.43522131575064,-163.65683647,8,2,20,cyclic,even,-1.721862541702127,30,-5.455227882333333
MAPbCl3_n2_CC(C)(CC[NH3+])CC[NH3+],MAPbCl3,Cl,2,CC(C)(CC[NH3+])CC[NH3+],-470.34509268,92.0,8.035381215683373,7.533172677075998,17.461906162431468,89.78011175905472,92.36928727708353,91.60636665126418,-154.18603206,7,2,20,branch,odd,-1.7605763973913042,29,-5.316759726206897
MAPbCl3_n3_CC(C)(C[NH3+])C[NH3+],MAPbCl3,Cl,3,CC(C)(C[NH3+])C[NH3+],-476.4300299000001,104.0,7.905659817691069,7.986336369231833,20.914822270989962,90.35000957794112,88.01837656201491,90.11783365147035,-120.13791333,5,2,16,branch,odd,-2.2707134926923085,23,-5.223387536086957
MAPbCl3_n1_CC(C)(CCC[NH3+])C(C)(C)CCC[NH3+],MAPbCl3,Cl,1,CC(C)(CCC[NH3+])C(C)(C)CCC[NH3+],-566.18920641,98.0,8.289422881631198,7.590423994259815,15.01314423531819,93.85636408039285,106.43966415899864,91.67092526300524,-239.68893898,12,2,30,branch,even,-0.8858298821428573,44,-5.447475885909091
MAPbCl3_n3_[NH3+]C1=CC=C([NH3+])C=C1,MAPbCl3,Cl,3,[NH3+]C1=CC=C([NH3+])C=C1,-448.44705375000007,94.0,7.467252054434122,7.945800278790919,21.811835073740678,88.7031284139933,89.48467359346986,90.10228155270708,-106.77937656,6,2,10,benzene,even,-2.498811708829788,18,-5.932187586666667
MAPbCl3_n2_CC(C)(CCCC[NH3+])C(C)(C)CCCC[NH3+],MAPbCl3,Cl,2,CC(C)(CCCC[NH3+])C(C)(C)CCCC[NH3+],-709.81331032,134.0,7.805381424225755,8.33863384314698,22.622045417591206,74.03900268698209,88.26491163911047,91.2032039622465,-273.96963262,14,2,34,branch,even,-1.2080152617910447,50,-5.4793926524000005
MAPbCl3_n3_[NH3+]CCCC1=CC=C(CCC[NH3+])C=C1,MAPbCl3,Cl,3,[NH3+]CCCC1=CC=C(CCC[NH3+])C=C1,-655.64634041,130.0,7.787055835607987,7.887762893956932,26.696995886700797,90.72344743020025,99.52413744413683,90.06526473903025,-209.2911342,12,2,22,benzene,even,-1.8235697846923078,36,-5.813642616666666
MAPbCl3_n3_[NH3+]CCCCCC[NH3+],MAPbCl3,Cl,3,[NH3+]CCCCCC[NH3+],-511.35856035,110.0,7.792912112320327,7.852458669531914,23.00115715402426,81.80733925224989,92.08269565739006,90.25166469732048,-137.11831366,6,2,18,lineal,even,-2.1556539366363636,26,-5.273781294615385
MAPbCl3_n3_[NH3+]CCCCCCCC[NH3+],MAPbCl3,Cl,3,[NH3+]CCCCCCCC[NH3+],-579.81033181,122.0,7.572128006022896,8.012915059697589,27.203499172942966,90.42104108344367,89.07851866056147,90.14045465747287,-171.34456379,8,2,22,lineal,even,-1.943616428114754,32,-5.3545176184375
MAPbCl3_n2_[NH3+]C1=CC=C([NH3+])C=C1,MAPbCl3,Cl,2,[NH3+]C1=CC=C([NH3+])C=C1,-373.91817892999995,70.0,8.268710698824687,7.051491229163136,15.749234169915308,84.63908704591807,85.85696662313156,89.73816582066057,-106.77937656,6,2,10,benzene,even,-2.2908489401428564,18,-5.932187586666667
MAPbCl3_n1_CC(C)(C[NH3+])C[NH3+],MAPbCl3,Cl,1,CC(C)(C[NH3+])C[NH3+],-326.01758079,56.0,8.244230335997774,7.637023197575075,9.785452764221553,96.5324184274037,90.20910572985926,91.63749133379115,-120.13791333,5,2,16,branch,odd,-1.5311027523214287,23,-5.223387536086957
MAPbCl3_n3_[NH3+]CCCCCCCCC[NH3+],MAPbCl3,Cl,3,[NH3+]CCCCCCCCC[NH3+],-614.0028794499999,128.0,7.707144053053768,7.803316306754481,28.312964533865845,87.06113563693721,94.42877342394804,89.99848286073245,-188.42385467,9,2,24,lineal,odd,-1.8527747664843743,35,-5.383538704857143
MAPbCl3_n3_[NH3+]CCCCC[NH3+],MAPbCl3,Cl,3,[NH3+]CCCCC[NH3+],-476.7381643600001,104.0,7.987755469188038,7.7795421002746075,22.304415675381573,88.25705117353169,82.70758296956735,90.45077825575073,-119.9004908,5,2,16,lineal,odd,-2.278242141923078,23,-5.213064817391304
MAPbCl3_n1_CC(C)(CC[NH3+])C(C)(C)CC[NH3+],MAPbCl3,Cl,1,CC(C)(CC[NH3+])C(C)(C)CC[NH3+],-497.70682559000005,86.0,8.55213932413948,7.739451130060097,12.731116424850992,91.18772711379984,86.91343604660638,91.56912062395114,-205.40703172,10,2,26,branch,even,-1.0103809552325589,38,-5.405448203157895
MAPbCl3_n3_[NH3+]CCCCCCCCCC[NH3+],MAPbCl3,Cl,3,[NH3+]CCCCCCCCCC[NH3+],-1031.43514595,134.0,7.633535654169509,7.7602494387194945,29.622823487783,93.29656389975798,92.98805715374648,89.96992231726644,-205.48700074,10,2,26,lineal,even,-4.6303070482835835,38,-5.407552651052632
MAPbCl3_n1_CC(C)(CCC[NH3+])CCC[NH3+],MAPbCl3,Cl,1,CC(C)(CCC[NH3+])CCC[NH3+],-464.05237676999997,80.0,7.632958816555539,7.848192048896114,14.0421216614857,75.17868174532468,81.06765079155896,88.19061396913679,-188.49022561,9,2,24,branch,odd ,-1.0883990693749994,35,-5.385435017428572
MAPbCl3_n1_[NH3+]CCCCC[NH3+],MAPbCl3,Cl,1,[NH3+]CCCCC[NH3+],-326.46325644,56.0,7.694078131509107,7.6369365678467895,12.38818002653415,89.2178984340377,88.83921348683602,90.0996080677803,-119.9004908,5,2,16,lineal,odd,-1.5475406221428574,23,-5.213064817391304
MAPbCl3_n1_[NH3+]CCC[NH3+],MAPbCl3,Cl,1,[NH3+]CCC[NH3+],-257.65595194,44.0,7.5484503083248,7.628888559576181,9.629668248038119,97.48419779345919,93.00764818708574,88.3176799702221,-85.54443369,3,2,12,lineal,odd,-1.9674337400000004,17,-5.032025511176471
MAPbCl3_n3_[NH3+]CCC1=CC=C(CC[NH3+])C=C1,MAPbCl3,Cl,3,[NH3+]CCC1=CC=C(CC[NH3+])C=C1,-586.79821165,118.0,7.984179135388425,7.695005290769022,23.858154317922388,87.00034346459337,99.18900376801936,89.06058439799726,-174.85017724,10,2,18,benzene,even,-2.009303874322034,30,-5.8283392413333335
MAPbCl3_n1_[NH3+]CCC1=CC=C(CC[NH3+])C=C1,MAPbCl3,Cl,1,[NH3+]CCC1=CC=C(CC[NH3+])C=C1,-436.89106982000004,70.0,7.811164704555493,7.486359209259399,14.129847840344164,83.09475529324646,106.43136703721584,90.12103302505177,-174.85017724,10,2,18,benzene,even,-1.2455816477142865,30,-5.8283392413333335
MAPbBr3_n1_CC(C)(CCC[NH3+])CCC[NH3+],MAPbBr3,Br,1,CC(C)(CCC[NH3+])CCC[NH3+],-462.36991219000004,80.0,7.915944732421943,8.02665661317731,15.121656104577019,96.99333038946564,83.98745451074277,91.34234419031053,-188.49022561,9,2,24,branch,odd ,-1.0673682621250002,35,-5.385435017428572
MAPbBr3_n1_[NH3+]C1CCC([NH3+])CC1,MAPbBr3,Br,1,[NH3+]C1CCC([NH3+])CC1,-344.93441492,58.0,7.741304083938377,8.580560707986244,10.622736497566857,95.83914261722,93.35852713520606,91.06520964426346,-129.72100752,6,2,16,cyclic,even,-1.4740068944827585,24,-5.40504198
MAPbBr3_n3_CC(C)(CCCC[NH3+])C(C)(C)CCCC[NH3+],MAPbBr3,Br,3,CC(C)(CCCC[NH3+])C(C)(C)CCCC[NH3+],,,7.741304083938377,8.580560707986244,10.622736497566857,95.83914261722,93.35852713520606,91.06520964426346,-273.96963262,14,2,34,branch,even,,50,-5.4793926524000005
MAPbBr3_n1_CC(C)(CCC[NH3+])C(C)(C)CCC[NH3+],MAPbBr3,Br,1,CC(C)(CCC[NH3+])C(C)(C)CCC[NH3+],-565.26239356,98.0,8.735371534571614,7.928218674372363,15.378933552204991,76.90022158199437,100.7263434471218,90.09294248586494,-239.68893898,12,2,30,branch,even,-0.8763726081632651,44,-5.447475885909091
MAPbBr3_n2_CC(C)(CCCC[NH3+])CCCC[NH3+],MAPbBr3,Br,2,CC(C)(CCCC[NH3+])CCCC[NH3+],-605.3135091,116.0,8.002115797099517,8.231235870982864,23.22277105399805,87.45698968341352,89.72607736399115,89.85920095260612,-222.86891444,11,2,28,branch,odd,-1.3756524156896555,41,-5.435827181463415
MAPbBr3_n3_[NH3+]CCCCCCCCCC[NH3+],MAPbBr3,Br,3,[NH3+]CCCCCCCCCC[NH3+],-644.8844877099999,134.0,8.139767075341787,8.165243981811589,29.348218085286856,96.5725697584158,80.80086725846868,90.06894361607489,-205.48700074,10,2,26,lineal,even,-1.7456006435074618,38,-5.407552651052632
MAPbBr3_n2_[NH3+]CCCC1=CC=C(CCC[NH3+])C=C1,MAPbBr3,Br,2,[NH3+]CCCC1=CC=C(CCC[NH3+])C=C1,-578.33605448,106.0,8.783983027837149,8.020601377414753,19.66503293275105,88.24701108709992,103.03621222689169,89.47609929824327,-209.2911342,12,2,22,benzene,even,-1.5071111894339628,36,-5.813642616666666
MAPbBr3_n1_CC(C)(CC[NH3+])C(C)(C)CC[NH3+],MAPbBr3,Br,1,CC(C)(CC[NH3+])C(C)(C)CC[NH3+],-496.83606588,86.0,8.62778162213377,7.749455496582197,13.618492147678264,91.02395576260633,86.68660691145173,89.66953245252367,-205.40703172,10,2,26,branch,even,-1.0002558423255814,38,-5.405448203157895
MAPbBr3_n3_CC(C)(C[NH3+])C[NH3+],MAPbBr3,Br,3,CC(C)(C[NH3+])C[NH3+],-473.12828138,104.0,8.208794627978378,8.397640710419456,21.813708304457176,89.16242104899025,87.95598955643926,89.90818734625991,-120.13791333,5,2,16,branch,odd,-2.2389659107692306,23,-5.223387536086957
MAPbBr3_n1_[NH3+]CCCCC[NH3+],MAPbBr3,Br,1,[NH3+]CCCCC[NH3+],-324.88204400999996,56.0,7.950999774357024,7.980077277790798,12.675718306232389,89.86711639453846,90.02480166925882,89.72636291227714,-119.9004908,5,2,16,lineal,odd,-1.5193046858928565,23,-5.213064817391304
MAPbBr3_n1_CC(C)(CCCC[NH3+])CCCC[NH3+],MAPbBr3,Br,1,CC(C)(CCCC[NH3+])CCCC[NH3+],-531.08824513,92.0,7.917802744262479,8.164178528783564,17.267468826157074,87.62665459812487,88.79168871409954,90.13573075304666,-222.86891444,11,2,28,branch,odd,-0.9277219157608698,41,-5.435827181463415
MAPbBr3_n3_CC(C)(CCC[NH3+])C(C)(C)CCC[NH3+],MAPbBr3,Br,3,CC(C)(CCC[NH3+])C(C)(C)CCC[NH3+],-713.4375100999999,146.0,8.587164659923388,7.978968079203557,27.481961021976243,89.91199171121225,95.61051714444034,91.21106268895684,-239.68893898,12,2,30,branch,even,-1.6031481653424655,44,-5.447475885909091
MAPbBr3_n1_CC(C)(C[NH3+])C[NH3+],MAPbBr3,Br,1,CC(C)(C[NH3+])C[NH3+],-324.93501987,56.0,8.045334443807317,8.313092376629916,10.229526214659733,90.02959028885395,85.49724760847803,89.89371018146662,-120.13791333,5,2,16,branch,odd,-1.5117713073214287,23,-5.223387536086957
MAPbBr3_n2_CC(C)(CCC[NH3+])C(C)(C)CCC[NH3+],MAPbBr3,Br,2,CC(C)(CCC[NH3+])C(C)(C)CCC[NH3+],-639.32462548,122.0,8.620543604842833,7.910999586270557,21.65497460497769,88.36089326028367,97.53806208710608,91.08150156822482,-239.68893898,12,2,30,branch,even,-1.311038914098361,44,-5.447475885909091
MAPbBr3_n1_[NH3+]CC1CCC(C[NH3+])CC1,MAPbBr3,Br,1,[NH3+]CC1CCC(C[NH3+])CC1,-412.47917047,70.0,8.136388824594967,8.18581402666667,12.05718027468528,91.33946546839593,96.87171443669452,92.07245725603023,-163.65683647,8,2,20,cyclic,even,-1.2166499647142854,30,-5.455227882333333
MAPbBr3_n3_[NH3+]CCCC[NH3+],MAPbBr3,Br,3,[NH3+]CCCC[NH3+],-438.83880819,98.0,8.26960436501887,8.257591338340621,22.06116299774838,86.41314683546679,86.41592732554868,88.73747210087697,-102.71394975,4,2,14,lineal,even,-2.38174396622449,20,-5.1356974875
MAPbBr3_n1_CC(C)(CCCC[NH3+])C(C)(C)CCCC[NH3+],MAPbBr3,Br,1,CC(C)(CCCC[NH3+])C(C)(C)CCCC[NH3+],-634.2716667999999,110.0,7.806941591803966,8.345247319727083,18.137381529780026,72.01687010606996,90.08541255842184,89.72442942660317,-273.96963262,14,2,34,branch,even,-0.7848400141818171,50,-5.4793926524000005
MAPbBr3_n2_[NH3+]CCC[NH3+],MAPbBr3,Br,2,[NH3+]CCC[NH3+],-330.14010799000005,68.0,8.098192020566984,8.108637989132491,16.141900448133246,89.76576798246684,89.7769616598689,89.47912530445778,-85.54443369,3,2,12,lineal,odd,-2.3389888325000006,17,-5.032025511176471
MAPbBr3_n1_[NH3+]CCC1=CC=C(CC[NH3+])C=C1,MAPbBr3,Br,1,[NH3+]CCC1=CC=C(CC[NH3+])C=C1,-435.32113361999996,70.0,7.767735889249971,8.124059617932687,15.034847659566573,97.76990514068927,77.99419194175886,90.0123012839163,-174.85017724,10,2,18,benzene,even,-1.2231539877142852,30,-5.8283392413333335
MAPbBr3_n2_[NH3+]CCCCCCCCC[NH3+],MAPbBr3,Br,2,[NH3+]CCCCCCCCC[NH3+],-536.21131559,104.0,7.901191690022448,8.176007185694218,23.65569607722605,91.57721274473462,89.26200292221996,89.55202541463821,-188.42385467,9,2,24,lineal,odd,-1.5323423677884618,35,-5.383538704857143
MAPbBr3_n1_[NH3+]CCCC1=CC=C(CCC[NH3+])C=C1,MAPbBr3,Br,1,[NH3+]CCCC1=CC=C(CCC[NH3+])C=C1,-504.02979813,82.0,8.19450787992893,7.8637210635937205,15.822731860191997,76.82779059266029,95.22479813012893,88.62292934015197,-209.2911342,12,2,22,benzene,even,-1.0420430454878054,36,-5.813642616666666
MAPbBr3_n3_[NH3+]CC1=CC=C(C[NH3+])C=C1,MAPbBr3,Br,3,[NH3+]CC1=CC=C(C[NH3+])C=C1,-514.50502227,106.0,8.221076816865967,8.12280097698377,24.537954467826268,93.60064454480721,90.07577219891218,89.2607283432533,-144.91357426,8,2,14,benzene,even,-2.1196025825471705,24,-6.0380655941666665
MAPbBr3_n1_[NH3+]CCC[NH3+],MAPbBr3,Br,1,[NH3+]CCC[NH3+],-256.11278594,44.0,7.948301801340227,7.953700145672146,10.284445959518955,89.89817401500457,90.12905024714237,89.50907085227175,-85.54443369,3,2,12,lineal,odd,-1.9323617854545447,17,-5.032025511176471
MAPbBr3_n1_CC(C)(CC[NH3+])CC[NH3+],MAPbBr3,Br,1,CC(C)(CC[NH3+])CC[NH3+],-394.04434964999996,68.0,8.187093072431411,7.9460338256397876,12.438265229688026,90.21194129902145,90.14149408582637,89.17693501949744,-154.18603206,7,2,20,branch,odd,-1.2598865519117641,29,-5.316759726206897
MAPbBr3_n2_[NH3+]C1CCC([NH3+])CC1,MAPbBr3,Br,2,[NH3+]C1CCC([NH3+])CC1,-418.91444461000003,82.0,7.768410673926211,8.73644442112881,16.28620747058275,91.84298176940324,86.28932003720409,92.56710199181431,-129.72100752,6,2,16,cyclic,even,-1.944785726463415,24,-5.40504198
MAPbBr3_n3_CC(C)(C[NH3+])C(C)(C)C[NH3+],MAPbBr3,Br,3,CC(C)(C[NH3+])C(C)(C)C[NH3+],-575.2850359400001,122.0,8.377314690875245,8.62554984281796,22.80661524924198,89.58367685782915,87.89966043985014,89.24615938049456,-171.16718275,8,2,22,branch,even,-1.9094317249180333,32,-5.3489744609375
MAPbBr3_n1_[NH3+]CCC1CCC(CC[NH3+])CC1,MAPbBr3,Br,1,[NH3+]CCC1CCC(CC[NH3+])CC1,-481.44668874,82.0,8.078177100835369,7.913521864141223,14.258490916798012,98.86498056522245,95.78713808991539,90.35555047026965,-197.7105717,10,2,24,cyclic,even,-1.0490920163414634,36,-5.491960325
MAPbBr3_n2_CC(C)(C[NH3+])C[NH3+],MAPbBr3,Br,2,CC(C)(C[NH3+])C[NH3+],-399.04529822999996,80.0,8.18207790260237,8.427868916370018,15.814402782576634,89.93269993978112,88.02651135054228,90.3069798495748,-120.13791333,5,2,16,branch,odd,-1.9846183946249993,23,-5.223387536086957
MAPbBr3_n2_CC(C)(CC[NH3+])C(C)(C)CC[NH3+],MAPbBr3,Br,2,CC(C)(CC[NH3+])C(C)(C)CC[NH3+],-570.87884368,110.0,8.614045121831962,7.910850058473366,19.308345027688066,90.28079784096137,87.38797222773141,89.36492049416596,-205.40703172,10,2,26,branch,even,-1.4551343658181823,38,-5.405448203157895
MAPbBr3_n3_CC(C)(CCCC[NH3+])CCCC[NH3+],MAPbBr3,Br,3,CC(C)(CCCC[NH3+])CCCC[NH3+],-679.5629038999999,140.0,8.355070972681125,7.970125196084307,28.382373729405955,87.68680811706355,99.20856981248363,90.5508268759672,-222.86891444,11,2,28,branch,odd,-1.6701791072857137,41,-5.435827181463415
MAPbBr3_n2_[NH3+]CCCCCCCC[NH3+],MAPbBr3,Br,2,[NH3+]CCCCCCCC[NH3+],-502.20429090000005,98.0,8.20083436426269,7.986937451006762,21.362126030781017,81.70792551239597,79.79688517621229,90.08423104616135,-171.34456379,8,2,22,lineal,even,-1.627705748163266,32,-5.3545176184375
MAPbBr3_n2_[NH3+]CCCCCCCCCC[NH3+],MAPbBr3,Br,2,[NH3+]CCCCCCCCCC[NH3+],-570.64473478,110.0,8.317493779247311,7.87330060316089,23.474006813207666,84.88066460326512,77.319977084776,89.95611941557556,-205.48700074,10,2,26,lineal,even,-1.451552120909091,38,-5.407552651052632
MAPbBr3_n2_[NH3+]CCC1CCC(CC[NH3+])CC1,MAPbBr3,Br,2,[NH3+]CCC1CCC(CC[NH3+])CC1,-555.483794,106.0,8.346375564053067,8.22536464843613,19.319651393134283,95.12594698020936,97.66244501699494,90.59691446197442,-197.7105717,10,2,24,cyclic,even,-1.5100250056603772,36,-5.491960325
MAPbBr3_n1_[NH3+]CCCC1CCC(CCC[NH3+])CC1,MAPbBr3,Br,1,[NH3+]CCCC1CCC(CCC[NH3+])CC1,-550.16731501,94.0,8.168668689442425,7.716098623857443,16.859210872765676,99.05306281789326,93.08916741369016,87.83108125222586,-232.03610252,12,2,28,cyclic,even,-0.9159054252127666,42,-5.524669107619047
MAPbBr3_n3_CC(C)(CC[NH3+])CC[NH3+],MAPbBr3,Br,3,CC(C)(CC[NH3+])CC[NH3+],-542.14001406,116.0,8.227125445943397,8.286127483152475,23.939866983212717,89.95090839250226,90.32603909305993,89.30277944152338,-154.18603206,7,2,20,branch,odd,-2.015240947758621,29,-5.316759726206897
MAPbBr3_n2_CC(C)(C[NH3+])C(C)(C)C[NH3+],MAPbBr3,Br,2,CC(C)(C[NH3+])C(C)(C)C[NH3+],-501.26849267,98.0,8.4677682644776,8.72805910085515,16.62509571355123,89.31237647399043,88.12294854994545,89.99266097633836,-171.16718275,8,2,22,branch,even,-1.621776807857143,32,-5.3489744609375
MAPbBr3_n3_[NH3+]CC1CCC(C[NH3+])CC1,MAPbBr3,Br,3,[NH3+]CC1CCC(C[NH3+])CC1,-560.5748510100001,118.0,8.154327574006782,8.387061078001803,23.704203061804385,90.92653370142379,94.40734334959538,90.01596979108128,-163.65683647,8,2,20,cyclic,even,-1.9767896446610176,30,-5.455227882333333
MAPbBr3_n3_[NH3+]CCC[NH3+],MAPbBr3,Br,3,[NH3+]CCC[NH3+],-404.18863287,92.0,8.128226584320725,8.221690875522581,21.867514673155032,92.34728215844656,91.1107866434859,89.57848516534257,-85.54443369,3,2,12,lineal,odd,-2.533693103152174,17,-5.032025511176471
MAPbBr3_n2_[NH3+]CC1CCC(C[NH3+])CC1,MAPbBr3,Br,2,[NH3+]CC1CCC(C[NH3+])CC1,-486.67967939000005,94.0,8.049691614986369,8.32715509725886,17.85596310228883,89.98470439762728,96.42233154198766,90.3476330487354,-163.65683647,8,2,20,cyclic,even,-1.6953830473404259,30,-5.455227882333333
MAPbBr3_n2_[NH3+]CCCCCCC[NH3+],MAPbBr3,Br,2,[NH3+]CCCCCCC[NH3+],-467.83038492000003,92.0,8.154864154427278,8.260956854496092,19.667366221792957,98.495399423896,97.49501322325524,91.52029590926179,-154.15919643,7,2,20,lineal,odd,-1.733826000652174,29,-5.315834359655173
MAPbBr3_n3_[NH3+]C1CCC([NH3+])CC1,MAPbBr3,Br,3,[NH3+]C1CCC([NH3+])CC1,-492.8165990000001,106.0,8.088456183222945,8.639312692852728,22.10091579583456,89.65318197658497,86.3380612097132,90.68035092256511,-129.72100752,6,2,16,cyclic,even,-2.201647018490567,24,-5.40504198
MAPbBr3_n2_[NH3+]CC1=CC=C(C[NH3+])C=C1,MAPbBr3,Br,2,[NH3+]CC1=CC=C(C[NH3+])C=C1,-440.51839134,82.0,8.219824120686868,7.935252613501195,18.670565976450597,96.7988668501004,89.49029373038235,89.63579666984543,-144.91357426,8,2,14,benzene,even,-1.837698083170732,24,-6.0380655941666665
MAPbBr3_n3_[NH3+]CCCCCCC[NH3+],MAPbBr3,Br,3,[NH3+]CCCCCCC[NH3+],-541.7742055499999,116.0,8.223425231358636,8.216357071087451,25.506459247077487,94.53143748231795,97.04837697084697,91.38027497658739,-154.15919643,7,2,20,lineal,odd,-2.012550109396551,29,-5.315834359655173
MAPbBr3_n1_CC(C)(C[NH3+])C(C)(C)C[NH3+],MAPbBr3,Br,1,CC(C)(C[NH3+])C(C)(C)C[NH3+],-427.20322122999994,74.0,8.0163843177012,8.977508914260639,11.279196741596769,87.02334136966198,83.91511070840552,89.01799554818305,-171.16718275,8,2,22,branch,even,-1.1468764287837832,32,-5.3489744609375
MAPbBr3_n3_[NH3+]CCCCCC[NH3+],MAPbBr3,Br,3,[NH3+]CCCCCC[NH3+],-507.5240917499999,110.0,8.231285913382811,8.23476700279111,24.442904003609435,84.51286988881341,84.55619275765785,89.25999195188972,-137.11831366,6,2,18,lineal,even,-2.120795131181817,26,-5.273781294615385
MAPbBr3_n2_CC(C)(CC[NH3+])CC[NH3+],MAPbBr3,Br,2,CC(C)(CC[NH3+])CC[NH3+],-468.27608831,92.0,8.238004536022547,8.045092868008306,18.437842908979633,90.87236947587715,90.33890572252464,89.5089500186878,-154.18603206,7,2,20,branch,odd,-1.7380872194565213,29,-5.316759726206897
MAPbBr3_n3_CC(C)(CCC[NH3+])CCC[NH3+],MAPbBr3,Br,3,CC(C)(CCC[NH3+])CCC[NH3+],-610.7315293400001,128.0,8.248129799817306,8.225357844129958,26.161486911885135,93.05955927658252,92.99543484097019,90.2997292950882,-188.49022561,9,2,24,branch,odd ,-1.8261802978125004,35,-5.385435017428572
MAPbBr3_n1_[NH3+]CC1=CC=C(C[NH3+])C=C1,MAPbBr3,Br,1,[NH3+]CC1=CC=C(C[NH3+])C=C1,-366.61757542,58.0,8.029131180123455,7.853514529518112,12.724877705339184,99.97907874983737,89.5082132461006,89.76902681695906,-144.91357426,8,2,14,benzene,even,-1.323972877586207,24,-6.0380655941666665
MAPbBr3_n3_[NH3+]CCC1=CC=C(CC[NH3+])C=C1,MAPbBr3,Br,3,[NH3+]CCC1=CC=C(CC[NH3+])C=C1,-583.6517493,118.0,7.984772467728582,8.281646191254024,26.238281546171425,94.10028923126062,83.13131881666573,90.06894755507422,-174.85017724,10,2,18,benzene,even,-1.9826389391525425,30,-5.8283392413333335
MAPbBr3_n3_CC(C)(CC[NH3+])C(C)(C)CC[NH3+],MAPbBr3,Br,3,CC(C)(CC[NH3+])C(C)(C)CC[NH3+],-644.99930196,134.0,8.35440212085834,8.125597099367035,25.539771449762064,89.85132946635062,87.4810210549106,89.89941555052599,-205.40703172,10,2,26,branch,even,-1.7476510337313436,38,-5.405448203157895
MAPbBr3_n1_[NH3+]CCCCCC[NH3+],MAPbBr3,Br,1,[NH3+]CCCCCC[NH3+],-359.54647132,62.0,8.019201061689035,8.027527776952397,13.149935640655167,80.26819183184477,80.40810579449435,89.97504924591085,-137.11831366,6,2,18,lineal,even,-1.3759652258064516,26,-5.273781294615385
MAPbBr3_n1_[NH3+]CCCCCCCCC[NH3+],MAPbBr3,Br,1,[NH3+]CCCCCCCCC[NH3+],-462.11744288,80.0,7.9101034382184885,7.924223456821513,17.688944588901677,89.4616658300629,89.05430993634694,89.90228432654332,-188.42385467,9,2,24,lineal,odd,-1.06587166925,35,-5.383538704857143
MAPbBr3_n1_[NH3+]CCCCCCC[NH3+],MAPbBr3,Br,1,[NH3+]CCCCCCC[NH3+],-393.51907311,68.0,7.9341220771571255,7.953635395957482,15.207134526254544,89.96675330332316,90.13471944914068,89.97617159766041,-154.15919643,7,2,20,lineal,odd,-1.252951180147059,29,-5.315834359655173
MAPbBr3_n1_[NH3+]CCCCCCCCCC[NH3+],MAPbBr3,Br,1,[NH3+]CCCCCCCCCC[NH3+],-496.69657781,86.0,8.250474386102375,7.647914392559798,17.55235934446528,89.63590218589633,69.52182462187243,90.00141235497402,-205.48700074,10,2,26,lineal,even,-0.9967741433720928,38,-5.407552651052632
MAPbBr3_n3_[NH3+]CCCC1CCC(CCC[NH3+])CC1,MAPbBr3,Br,3,[NH3+]CCCC1CCC(CCC[NH3+])CC1,-698.13611151,142.0,8.248231987261788,8.125972960954496,28.33108198067245,96.2962310860359,91.3043953606638,88.82435885557871,-232.03610252,12,2,28,cyclic,even,-1.6483373695070422,42,-5.524669107619047
MAPbBr3_n1_[NH3+]CCCC[NH3+],MAPbBr3,Br,1,[NH3+]CCCC[NH3+],-290.90817691000007,50.0,8.021723035846806,8.010742962550145,10.811296046862978,83.95925706385545,83.77964499333942,89.2819224904829,-102.71394975,4,2,14,lineal,even,-1.7096055482000014,20,-5.1356974875
MAPbBr3_n2_[NH3+]CCC1=CC=C(CC[NH3+])C=C1,MAPbBr3,Br,2,[NH3+]CCC1=CC=C(CC[NH3+])C=C1,-509.74812712000005,94.0,8.129465321074827,8.100849669550236,20.05966938652032,82.57001223521547,80.52288310644217,90.35866322991905,-174.85017724,10,2,18,benzene,even,-1.7026358791489369,30,-5.8283392413333335
MAPbBr3_n1_[NH3+]CCCCCCCC[NH3+],MAPbBr3,Br,1,[NH3+]CCCCCCCC[NH3+],-428.36729678999995,74.0,8.43564439522766,7.507331426313276,15.078258121743906,85.51917021590894,113.21948676847413,90.80733109539462,-171.34456379,8,2,22,lineal,even,-1.1578130974324319,32,-5.3545176184375
MAPbBr3_n3_[NH3+]CCCCCCCC[NH3+],MAPbBr3,Br,3,[NH3+]CCCCCCCC[NH3+],-576.41954492,122.0,8.156434554721264,8.20076719153285,26.753277521930748,82.84836964869284,83.18773731441566,90.20621949453091,-171.34456379,8,2,22,lineal,even,-1.91582309295082,32,-5.3545176184375
MAPbBr3_n1_[NH3+]C1=CC=C([NH3+])C=C1,MAPbBr3,Br,1,[NH3+]C1=CC=C([NH3+])C=C1,-297.15049528,46.0,7.87484012570748,8.074393443518884,10.81284659129707,90.0083342377673,84.00707314210331,90.00607194696465,-106.77937656,6,2,10,benzene,even,-1.8172117860869559,18,-5.932187586666667
MAPbBr3_n2_[NH3+]CCCCCC[NH3+],MAPbBr3,Br,2,[NH3+]CCCCCC[NH3+],-433.53560636,86.0,8.181113408399357,8.153349230728848,18.681560962827497,83.11855964453761,83.48699982357454,89.44592953611446,-137.11831366,6,2,18,lineal,even,-1.8523137097674414,26,-5.273781294615385
MAPbBr3_n2_[NH3+]CCCCC[NH3+],MAPbBr3,Br,2,[NH3+]CCCCC[NH3+],-399.08054271000003,80.0,8.153841205502472,8.031909326895933,18.587421288525558,90.35945579401735,89.4830409697318,89.65479822448813,-119.9004908,5,2,16,lineal,odd,-1.9909945138750005,23,-5.213064817391304
MAPbBr3_n2_[NH3+]CCCC1CCC(CCC[NH3+])CC1,MAPbBr3,Br,2,[NH3+]CCCC1CCC(CCC[NH3+])CC1,-624.1177871,118.0,8.259101642911705,7.835439382282663,22.786307438579072,97.32632408094915,92.28852192289219,88.74888603638355,-232.03610252,12,2,28,cyclic,even,-1.3563184920338984,42,-5.524669107619047
MAPbBr3_n3_[NH3+]CCCC1=CC=C(CCC[NH3+])C=C1,MAPbBr3,Br,3,[NH3+]CCCC1=CC=C(CCC[NH3+])C=C1,-652.2551918400001,130.0,8.687497075894838,8.122070944593698,25.44270826470803,88.65435698898438,99.80778711509889,89.38115140741026,-209.2911342,12,2,22,benzene,even,-1.7974840264615393,36,-5.813642616666666
MAPbBr3_n3_[NH3+]CCCCC[NH3+],MAPbBr3,Br,3,[NH3+]CCCCC[NH3+],-473.19624680999993,104.0,8.324258014536712,8.146308207590605,23.202154000321823,94.84074052283353,93.67197035405603,91.22106499702495,-119.9004908,5,2,16,lineal,odd,-2.2441852424038453,23,-5.213064817391304
MAPbBr3_n2_[NH3+]CCCC[NH3+],MAPbBr3,Br,2,[NH3+]CCCC[NH3+],-364.89169864999997,74.0,8.151275399798445,8.180002519067093,16.349648605774643,85.6278343174271,85.77454890116066,89.09863778745896,-102.71394975,4,2,14,lineal,even,-2.1549162047297292,20,-5.1356974875
MAPbBr3_n3_[NH3+]CCCCCCCCC[NH3+],MAPbBr3,Br,3,[NH3+]CCCCCCCCC[NH3+],-610.61416957,128.0,8.069225294971778,8.35963152556116,27.725919208489405,98.83124736088817,96.76290606177861,91.04777549487652,-188.42385467,9,2,24,lineal,odd,-1.8263004705468746,35,-5.383538704857143
MAPbBr3_n2_[NH3+]C1=CC=C([NH3+])C=C1,MAPbBr3,Br,2,[NH3+]C1=CC=C([NH3+])C=C1,-371.18023016999996,70.0,7.864864422372684,8.256862884427187,16.61348532721594,87.87422357342997,90.10501210623285,90.06596819525292,-106.77937656,6,2,10,benzene,even,-2.251735386428571,18,-5.932187586666667
MAPbBr3_n2_CC(C)(CCCC[NH3+])C(C)(C)CCCC[NH3+],MAPbBr3,Br,2,CC(C)(CCCC[NH3+])C(C)(C)CCCC[NH3+],-708.30175721,134.0,7.911914889816517,8.409454975494405,23.73616580933219,76.48041535838955,89.69750992337153,89.55980516935891,-273.96963262,14,2,34,branch,even,-1.1967350147014921,50,-5.4793926524000005
MAPbBr3_n3_[NH3+]C1=CC=C([NH3+])C=C1,MAPbBr3,Br,3,[NH3+]C1=CC=C([NH3+])C=C1,-445.18501933000005,94.0,7.843233155788696,8.429545968194098,22.91241379798248,88.6528503156204,88.56844068923974,89.7605866771622,-106.77937656,6,2,10,benzene,even,-2.4641092150000006,18,-5.932187586666667
MAPbBr3_n3_[NH3+]CCC1CCC(CC[NH3+])CC1,MAPbBr3,Br,3,[NH3+]CCC1CCC(CC[NH3+])CC1,-629.57327438,130.0,8.42313564263169,8.175838799337994,25.281286758580496,93.2398933105295,95.6325684042269,89.86826694709049,-197.7105717,10,2,24,cyclic,even,-1.8011702383076926,36,-5.491960325
MAPbBr3_n2_CC(C)(CCC[NH3+])CCC[NH3+],MAPbBr3,Br,2,CC(C)(CCC[NH3+])CCC[NH3+],-536.69249789,104.0,8.140628257059653,8.254915091356702,20.178048367626868,97.81474813898633,90.23427136824223,91.72258581638391,-188.49022561,9,2,24,branch,odd ,-1.5356927564423077,35,-5.385435017428572
MAPbI3_n3_[NH3+]CCCCCCCC[NH3+],MAPbI3,I,3,[NH3+]CCCCCCCC[NH3+],218.12751887000002,122.0,8.460523537891927,8.847619746346231,28.41834464798783,90.92066792968086,84.41176376534862,90.0695399302695,-171.34456379,8,2,22,lineal,even,4.596857757786886,32,-5.3545176184375
MAPbI3_n2_[NH3+]CCCCCCC[NH3+],MAPbI3,I,2,[NH3+]CCCCCCC[NH3+],-460.55716163,92.0,8.578947607391925,8.730051209016734,21.171020615578765,89.9944803759713,89.7859002779591,89.99994411644965,-154.15919643,7,2,20,lineal,odd,-1.6547692257608693,29,-5.315834359655173
MAPbI3_n3_[NH3+]CCC[NH3+],MAPbI3,I,3,[NH3+]CCC[NH3+],-394.1821517399999,92.0,8.538908248914373,8.78253417825063,22.99642759186188,89.95362801244761,90.60191409780408,90.00393271691422,-85.54443369,3,2,12,lineal,odd,-2.424927003913042,17,-5.032025511176471
MAPbI3_n1_CC(C)(CCCC[NH3+])C(C)(C)CCCC[NH3+],MAPbI3,I,1,CC(C)(CCCC[NH3+])C(C)(C)CCCC[NH3+],-630.0907707800001,110.0,8.787488490395416,8.329376102507334,18.014046183599255,90.98690813232821,74.4127629515846,89.92745598654204,-273.96963262,14,2,34,branch,even,-0.7468318685454547,50,-5.4793926524000005
MAPbI3_n1_[NH3+]CC1CCC(C[NH3+])CC1,MAPbI3,I,1,[NH3+]CC1CCC(C[NH3+])CC1,-408.79519804000006,70.0,8.728264248276133,8.709505099728442,11.699399058664167,87.88397001849617,91.56178537632866,90.01577134598952,-163.65683647,8,2,20,cyclic,even,-1.164021787142858,30,-5.455227882333333
MAPbI3_n3_[NH3+]CCCCCCCCCC[NH3+],MAPbI3,I,3,[NH3+]CCCCCCCCCC[NH3+],151.48917892000009,134.0,8.678454985756845,8.617337284957912,29.249674165986754,96.24826634661632,78.49211565920821,90.47431633255096,-205.48700074,10,2,26,lineal,even,4.1974864208955225,38,-5.407552651052632
MAPbI3_n2_CC(C)(C[NH3+])C[NH3+],MAPbI3,I,2,CC(C)(C[NH3+])C[NH3+],-391.27270938000004,80.0,8.384367305280357,8.809599138593384,16.84461149810986,90.00920845999744,87.42140896222908,89.98724907734294,-120.13791333,5,2,16,branch,odd,-1.8874610340000004,23,-5.223387536086957
MAPbI3_n3_CC(C)(C[NH3+])C(C)(C)C[NH3+],MAPbI3,I,3,CC(C)(C[NH3+])C(C)(C)C[NH3+],-565.22470583,122.0,8.660393832854732,9.129126020933054,23.995989457196234,89.7332593563677,90.2390458261615,89.147442224038,-171.16718275,8,2,22,branch,even,-1.8269700027049176,32,-5.3489744609375
MAPbI3_n3_CC(C)(CC[NH3+])C(C)(C)CC[NH3+],MAPbI3,I,3,CC(C)(CC[NH3+])C(C)(C)CC[NH3+],-634.85221907,134.0,8.536835219281278,8.998167263545838,26.132126797140447,89.93493033312289,91.51512757476667,90.01653339645584,-205.40703172,10,2,26,branch,even,-1.6719265345522392,38,-5.405448203157895
MAPbI3_n2_[NH3+]C1CCC([NH3+])CC1,MAPbI3,I,2,[NH3+]C1CCC([NH3+])CC1,-411.77488981,82.0,8.97425677524771,8.128219730857792,17.29400118139516,90.01943660599004,93.02710304271713,89.82374773073842,-129.72100752,6,2,16,cyclic,even,-1.8577179849999998,24,-5.40504198
MAPbI3_n3_[NH3+]CCCCCCCCC[NH3+],MAPbI3,I,3,[NH3+]CCCCCCCCC[NH3+],-600.5964513699998,128.0,8.46223553785826,8.913375827459554,27.369406439011886,104.87263352287691,89.24663024107896,89.69745759750039,-188.42385467,9,2,24,lineal,odd,-1.7480370471093738,35,-5.383538704857143
MAPbI3_n1_CC(C)(C[NH3+])C[NH3+],MAPbI3,I,1,CC(C)(C[NH3+])C[NH3+],-320.39183029000003,56.0,8.51385775023567,8.924695223553368,10.670464659344761,89.9871770248136,91.71044131998384,89.98970998537246,-120.13791333,5,2,16,branch,odd,-1.4306429219642862,23,-5.223387536086957
MAPbI3_n1_[NH3+]CC1=CC=C(C[NH3+])C=C1,MAPbI3,I,1,[NH3+]CC1=CC=C(C[NH3+])C=C1,-362.51374218,58.0,8.653219359826773,8.619233837542597,12.241354764669037,90.14365971262576,90.63049495253892,89.99145005691781,-144.91357426,8,2,14,benzene,even,-1.253217132068966,24,-6.0380655941666665
MAPbI3_n2_[NH3+]CCCCC[NH3+],MAPbI3,I,2,[NH3+]CCCCC[NH3+],-391.82899556999996,80.0,8.515233170411662,8.624626636499597,18.504794898093323,89.82344503283214,90.0204385548618,90.00101671175193,-119.9004908,5,2,16,lineal,odd,-1.9003501746249996,23,-5.213064817391304
MAPbI3_n1_[NH3+]CCC1CCC(CC[NH3+])CC1,MAPbI3,I,1,[NH3+]CCC1CCC(CC[NH3+])CC1,-477.44789109,82.0,8.524918279744723,8.617197977895696,13.702813781429306,98.12916536865977,97.66937100285836,89.42802293366134,-197.7105717,10,2,24,cyclic,even,-1.0003261913414632,36,-5.491960325
MAPbI3_n3_[NH3+]CC1=CC=C(C[NH3+])C=C1,MAPbI3,I,3,[NH3+]CC1=CC=C(C[NH3+])C=C1,-504.63644021000005,106.0,8.652391761755934,8.719734108989957,24.614600619231442,90.03632854236456,90.43642230066911,90.00042636171521,-144.91357426,8,2,14,benzene,even,-2.0265027517924534,24,-6.0380655941666665
MAPbI3_n2_[NH3+]CCCC[NH3+],MAPbI3,I,2,[NH3+]CCCC[NH3+],-357.94226826,74.0,8.684582389291206,8.619037780166758,17.01702736259575,90.00205705564149,86.65749482113374,89.99438679159397,-102.71394975,4,2,14,lineal,even,-2.0610049832432433,20,-5.1356974875
MAPbI3_n3_CC(C)(CCC[NH3+])C(C)(C)CCC[NH3+],MAPbI3,I,3,CC(C)(CCC[NH3+])C(C)(C)CCC[NH3+],-703.4003667,146.0,8.663141543843997,8.49418813523482,28.123221233165832,89.96254104113912,97.77705819713098,89.99405768493553,-239.68893898,12,2,30,branch,even,-1.534400607808219,44,-5.447475885909091
MAPbI3_n3_[NH3+]CCCCCCC[NH3+],MAPbI3,I,3,[NH3+]CCCCCCC[NH3+],-531.56306728,116.0,8.608230968781864,8.748856705631715,27.32967918517891,90.09882429919712,90.25188717772073,89.99615052510529,-154.15919643,7,2,20,lineal,odd,-1.9245230553448278,29,-5.315834359655173
MAPbI3_n3_[NH3+]C1=CC=C([NH3+])C=C1,MAPbI3,I,3,[NH3+]C1=CC=C([NH3+])C=C1,-435.16861715999994,94.0,8.421490304499057,8.860503239241016,23.558548961927418,89.99603922276695,92.45173978834833,90.00719518668828,-106.77937656,6,2,10,benzene,even,-2.3575517451063823,18,-5.932187586666667
MAPbI3_n1_[NH3+]CCC1=CC=C(CC[NH3+])C=C1,MAPbI3,I,1,[NH3+]CCC1=CC=C(CC[NH3+])C=C1,-431.59829856,70.0,8.78481079162814,8.408668045867016,13.757369096851066,90.00237635432518,71.38257566275522,90.00010624998016,-174.85017724,10,2,18,benzene,even,-1.1699706297142858,30,-5.8283392413333335
MAPbI3_n3_[NH3+]CC1CCC(C[NH3+])CC1,MAPbI3,I,3,[NH3+]CC1CCC(C[NH3+])CC1,-550.9551755499999,118.0,8.627134298688649,8.815354898054144,24.226324176442112,89.01952168103041,90.62342797006089,90.06349802481286,-163.65683647,8,2,20,cyclic,even,-1.8952669712711858,30,-5.455227882333333
MAPbI3_n3_[NH3+]C1CCC([NH3+])CC1,MAPbI3,I,3,[NH3+]C1CCC([NH3+])CC1,-483.0233850499999,106.0,8.754669045315618,8.635405717916957,23.594078681448973,89.99627144812844,92.45507987989153,89.99829093594467,-129.72100752,6,2,16,cyclic,even,-2.1092582076415085,24,-5.40504198
MAPbI3_n1_[NH3+]CCCCCCCCCC[NH3+],MAPbI3,I,1,[NH3+]CCCCCCCCCC[NH3+],-492.96915523000007,86.0,8.74204162308146,8.404114652755336,15.87051629779946,88.70484850991357,62.54862590761827,90.71999830875909,-205.48700074,10,2,26,lineal,even,-0.9534320203488377,38,-5.407552651052632
MAPbI3_n1_[NH3+]CCCCCC[NH3+],MAPbI3,I,1,[NH3+]CCCCCC[NH3+],-355.39746358,62.0,8.84280011051412,8.557982382356846,12.409120874208813,90.86426718293178,75.66037748011662,90.27749277390573,-137.11831366,6,2,18,lineal,even,-1.3090457461290321,26,-5.273781294615385
MAPbI3_n1_CC(C)(CC[NH3+])C(C)(C)CC[NH3+],MAPbI3,I,1,CC(C)(CC[NH3+])C(C)(C)CC[NH3+],-492.57363510000005,86.0,8.499449596385626,8.931701999891477,13.254483128723598,89.54011714429063,92.55922519987487,89.79877379201876,-205.40703172,10,2,26,branch,even,-0.950692693720931,38,-5.405448203157895
MAPbI3_n3_[NH3+]CCCC1=CC=C(CCC[NH3+])C=C1,MAPbI3,I,3,[NH3+]CCCC1=CC=C(CCC[NH3+])C=C1,146.19802849000007,130.0,8.589270855777656,8.815813515571353,28.275844294786328,88.01490746535728,93.33074798068647,90.0667742837033,-209.2911342,12,2,22,benzene,even,4.34446382223077,36,-5.813642616666666
MAPbI3_n1_CC(C)(CCC[NH3+])CCC[NH3+],MAPbI3,I,1,CC(C)(CCC[NH3+])CCC[NH3+],-458.24196113000005,80.0,8.520207269395566,8.63701081957912,15.211843916840607,88.74367804335705,91.49310585426898,89.98641284420238,-188.49022561,9,2,24,branch,odd ,-1.0157688738750004,35,-5.385435017428572
MAPbI3_n3_[NH3+]CCCCCC[NH3+],MAPbI3,I,3,[NH3+]CCCCCC[NH3+],-497.66108700999985,110.0,8.792321813382532,8.468891497279893,24.290482130201465,90.22021426094268,81.32965338477527,89.97673744322897,-137.11831366,6,2,18,lineal,even,-2.031131451727271,26,-5.273781294615385
MAPbI3_n2_[NH3+]CCCC1=CC=C(CCC[NH3+])C=C1,MAPbI3,I,2,[NH3+]CCCC1=CC=C(CCC[NH3+])C=C1,-570.93152033,106.0,8.65652761015063,8.73815275333279,21.370238824579094,85.23733439204878,99.24713168275937,89.4234438494903,-209.2911342,12,2,22,benzene,even,-1.4372570936792457,36,-5.813642616666666
MAPbI3_n3_CC(C)(CCCC[NH3+])C(C)(C)CCCC[NH3+],MAPbI3,I,3,CC(C)(CCCC[NH3+])C(C)(C)CCCC[NH3+],-771.9496443,158.0,8.611361228550884,8.462689457530653,29.991258476048102,90.84465155432277,80.58635704233383,89.99051834328796,-273.96963262,14,2,34,branch,even,-1.4177872092405062,50,-5.4793926524000005
MAPbI3_n1_[NH3+]CCCCCCCCC[NH3+],MAPbI3,I,1,[NH3+]CCCCCCCCC[NH3+],-458.41936942000007,80.0,8.941204338943377,8.356596631816132,15.561655246391553,91.04299145138637,62.88484032059081,88.71168848459172,-188.42385467,9,2,24,lineal,odd,-1.019645751000001,35,-5.383538704857143
MAPbI3_n3_CC(C)(CCCC[NH3+])CCCC[NH3+],MAPbI3,I,3,CC(C)(CCCC[NH3+])CCCC[NH3+],-669.19510992,140.0,8.617458163329303,8.694238131323196,29.517552686363494,89.76081088508106,89.52994214749614,89.99559479499692,-222.86891444,11,2,28,branch,odd,-1.5961234360000003,41,-5.435827181463415
MAPbI3_n3_CC(C)(CCC[NH3+])CCC[NH3+],MAPbI3,I,3,CC(C)(CCC[NH3+])CCC[NH3+],-600.31733446,128.0,8.59609934920422,8.725528843931084,27.60854593382128,89.52351509212608,91.21522597107558,90.0038655162463,-188.49022561,9,2,24,branch,odd ,-1.7448194003124997,35,-5.385435017428572
MAPbI3_n2_CC(C)(CCCC[NH3+])C(C)(C)CCCC[NH3+],MAPbI3,I,2,CC(C)(CCCC[NH3+])C(C)(C)CCCC[NH3+],-701.1715000300001,134.0,8.74319249802694,8.507683234115794,24.02975791835411,91.63774012707619,79.1131891483024,89.90728798848194,-273.96963262,14,2,34,branch,even,-1.1435241402238807,50,-5.4793926524000005
MAPbI3_n3_[NH3+]CCCC[NH3+],MAPbI3,I,3,[NH3+]CCCC[NH3+],-429.08825295999986,98.0,8.65189458232889,8.723337051376975,23.071017237416623,89.99737839110831,87.76883087347703,90.00026429387036,-102.71394975,4,2,14,lineal,even,-2.282248504693876,20,-5.1356974875
MAPbI3_n2_CC(C)(CCCC[NH3+])CCCC[NH3+],MAPbI3,I,2,CC(C)(CCCC[NH3+])CCCC[NH3+],-598.18853403,116.0,8.615472147128145,8.657340459722336,23.283753222867237,89.93840031680253,89.38756332605082,89.99657843272425,-222.86891444,11,2,28,branch,odd,-1.314230216810345,41,-5.435827181463415
MAPbI3_n2_[NH3+]CCCCCCCC[NH3+],MAPbI3,I,2,[NH3+]CCCCCCCC[NH3+],-495.41801408000003,98.0,8.768429961861381,8.526131163848651,19.739939099942447,88.35364659019919,76.31554808002132,90.15823416657477,-171.34456379,8,2,22,lineal,even,-1.5584580255102045,32,-5.3545176184375
MAPbI3_n2_[NH3+]CCC[NH3+],MAPbI3,I,2,[NH3+]CCC[NH3+],-322.96002375,68.0,8.450417429437437,8.76425548366535,16.899780307664066,89.89136129948757,89.9435281088575,89.99803240389154,-85.54443369,3,2,12,lineal,odd,-2.233399358382353,17,-5.032025511176471
MAPbI3_n3_[NH3+]CCC1=CC=C(CC[NH3+])C=C1,MAPbI3,I,3,[NH3+]CCC1=CC=C(CC[NH3+])C=C1,-573.68884957,118.0,8.705230652829515,8.626134517157572,25.827526461848002,89.98257205194126,80.26763027188487,89.99324484264872,-174.85017724,10,2,18,benzene,even,-1.8982075855084748,30,-5.8283392413333335
MAPbI3_n2_[NH3+]CCC1=CC=C(CC[NH3+])C=C1,MAPbI3,I,2,[NH3+]CCC1=CC=C(CC[NH3+])C=C1,-502.1612256000001,94.0,8.724646672436034,8.651232642376675,20.149174855514158,94.09765415741056,103.26756393031053,90.13901665977917,-174.85017724,10,2,18,benzene,even,-1.6219241608510648,30,-5.8283392413333335
MAPbI3_n1_CC(C)(CC[NH3+])CC[NH3+],MAPbI3,I,1,CC(C)(CC[NH3+])CC[NH3+],-390.10888319000003,68.0,8.699397563591667,8.540666211508352,12.429221493580288,89.98487991574576,90.00194598167904,89.99952423369335,-154.18603206,7,2,20,branch,odd,-1.2020120451470593,29,-5.316759726206897
MAPbI3_n3_[NH3+]CCC1CCC(CC[NH3+])CC1,MAPbI3,I,3,[NH3+]CCC1CCC(CC[NH3+])CC1,-619.76798783,130.0,8.591443371860125,8.86189730273251,26.13356292176016,93.10324821768565,94.45320604975275,89.96308526506537,-197.7105717,10,2,24,cyclic,even,-1.7257449571538463,36,-5.491960325
MAPbI3_n1_[NH3+]CCCC1CCC(CCC[NH3+])CC1,MAPbI3,I,1,[NH3+]CCCC1CCC(CCC[NH3+])CC1,-545.65737854,94.0,8.553730268323475,8.517224250155149,16.336399495226633,81.93295440143645,91.81519167149531,89.78523457325224,-232.03610252,12,2,28,cyclic,even,-0.8679273776595744,42,-5.524669107619047
MAPbI3_n2_[NH3+]C1=CC=C([NH3+])C=C1,MAPbI3,I,2,[NH3+]C1=CC=C([NH3+])C=C1,-363.82769533,70.0,8.53029797368604,8.674766150879348,17.300522306887384,89.87659869384416,86.82183013735533,89.94745800015932,-106.77937656,6,2,10,benzene,even,-2.146699174428571,18,-5.932187586666667
MAPbI3_n3_CC(C)(CC[NH3+])CC[NH3+],MAPbI3,I,3,CC(C)(CC[NH3+])CC[NH3+],-532.1361102399999,116.0,8.608891513002348,8.7447409347575,25.107756071029492,89.99847734991829,90.16411057393786,89.99579880701422,-154.18603206,7,2,20,branch,odd,-1.9290003975862058,29,-5.316759726206897
MAPbI3_n2_[NH3+]CCCCCC[NH3+],MAPbI3,I,2,[NH3+]CCCCCC[NH3+],-426.58144321,86.0,8.794424509231465,8.616741218472372,18.47195554960715,90.20951979890665,78.95898204436699,89.7511090055598,-137.11831366,6,2,18,lineal,even,-1.771451347558139,26,-5.273781294615385
MAPbI3_n3_CC(C)(C[NH3+])C[NH3+],MAPbI3,I,3,CC(C)(C[NH3+])C[NH3+],-462.83823874999985,104.0,8.530973881156212,8.856323945187603,23.20442170556051,90.61335833999125,90.70365287566503,89.6691702697187,-120.13791333,5,2,16,branch,odd,-2.1400231931730755,23,-5.223387536086957
MAPbI3_n1_CC(C)(C[NH3+])C(C)(C)C[NH3+],MAPbI3,I,1,CC(C)(C[NH3+])C(C)(C)C[NH3+],-423.31382364,74.0,8.656003267575374,9.344627474074509,11.462209463729138,87.62368141135313,85.76773318400643,89.12526665435146,-171.16718275,8,2,22,branch,even,-1.0943170018918922,32,-5.3489744609375
MAPbI3_n1_CC(C)(CCCC[NH3+])CCCC[NH3+],MAPbI3,I,1,CC(C)(CCCC[NH3+])CCCC[NH3+],-526.97261991,92.0,8.433040464047636,8.408505202642154,17.045498284816624,90.19189675388222,88.60460120854907,89.98618331602232,-222.86891444,11,2,28,branch,odd,-0.8829868590217397,41,-5.435827181463415
MAPbI3_n1_[NH3+]CCCC1=CC=C(CCC[NH3+])C=C1,MAPbI3,I,1,[NH3+]CCCC1=CC=C(CCC[NH3+])C=C1,-494.36664141000006,82.0,8.54764990961278,8.493555013165569,16.42308725504072,98.88913279762218,101.14419188455192,90.00505114534081,-209.2911342,12,2,22,benzene,even,-0.9241996708536595,36,-5.813642616666666
MAPbI3_n2_[NH3+]CC1=CC=C(C[NH3+])C=C1,MAPbI3,I,2,[NH3+]CC1=CC=C(C[NH3+])C=C1,-433.58382544999995,82.0,8.641965885211105,8.689985460584277,18.431366080969894,90.0558065367319,90.62797123490162,89.99606057004968,-144.91357426,8,2,14,benzene,even,-1.7531302064634142,24,-6.0380655941666665
MAPbI3_n2_CC(C)(CCC[NH3+])C(C)(C)CCC[NH3+],MAPbI3,I,2,CC(C)(CCC[NH3+])C(C)(C)CCC[NH3+],-632.3816346799999,122.0,8.798570428605526,8.895645732755925,21.28288843409653,89.03066739676645,80.75752026077383,90.14036284497028,-239.68893898,12,2,30,branch,even,-1.2541291534426227,44,-5.447475885909091
MAPbI3_n2_CC(C)(CC[NH3+])C(C)(C)CC[NH3+],MAPbI3,I,2,CC(C)(CC[NH3+])C(C)(C)CC[NH3+],-563.7677193899999,110.0,8.633339495125547,8.885221532998388,19.870267548059516,89.98358957135285,91.785801456749,90.08535355044597,-205.40703172,10,2,26,branch,even,-1.3904877813636356,38,-5.405448203157895
MAPbI3_n2_[NH3+]CCC1CCC(CC[NH3+])CC1,MAPbI3,I,2,[NH3+]CCC1CCC(CC[NH3+])CC1,-548.6862588199999,106.0,8.644716786784981,8.762910548398725,19.95653146444525,94.7067177564631,95.76742146736163,89.83292490989348,-197.7105717,10,2,24,cyclic,even,-1.4458973152830181,36,-5.491960325
MAPbI3_n2_[NH3+]CCCCCCCCCC[NH3+],MAPbI3,I,2,[NH3+]CCCCCCCCCC[NH3+],-563.5830653999999,110.0,8.800509088038162,8.625870727386454,22.7131847747482,96.91436657713945,73.21789135941951,90.30460856972005,-205.48700074,10,2,26,lineal,even,-1.3873551265454533,38,-5.407552651052632
MAPbI3_n1_CC(C)(CCC[NH3+])C(C)(C)CCC[NH3+],MAPbI3,I,1,CC(C)(CCC[NH3+])C(C)(C)CCC[NH3+],-560.9437046400001,98.0,8.6294384323638,8.636103500439175,16.451857753848046,91.06825616366216,95.35028379691663,90.49550304543173,-239.68893898,12,2,30,branch,even,-0.8323043538775521,44,-5.447475885909091
MAPbI3_n2_CC(C)(CC[NH3+])CC[NH3+],MAPbI3,I,2,CC(C)(CC[NH3+])CC[NH3+],-461.12011383000004,92.0,8.583699766331435,8.724979520142282,18.89270555048444,89.99670200940368,89.99976868627674,89.99395130023997,-154.18603206,7,2,20,branch,odd,-1.6603048881521743,29,-5.316759726206897
MAPbI3_n2_[NH3+]CCCC1CCC(CCC[NH3+])CC1,MAPbI3,I,2,[NH3+]CCCC1CCC(CCC[NH3+])CC1,-616.93818973,118.0,8.6423042673305,8.731569786292946,22.726282043457836,85.22765432187194,90.73599968298109,89.83474640874192,-232.03610252,12,2,28,cyclic,even,-1.2954744465254238,42,-5.524669107619047
MAPbI3_n1_[NH3+]CCCCCCC[NH3+],MAPbI3,I,1,[NH3+]CCCCCCC[NH3+],-389.47699227,68.0,8.519339063755194,8.67486442641755,15.09886855264555,89.49883124869609,89.75172027221949,90.00983824877008,-154.15919643,7,2,20,lineal,odd,-1.1935088148529407,29,-5.315834359655173
MAPbI3_n1_[NH3+]CCCCC[NH3+],MAPbI3,I,1,[NH3+]CCCCC[NH3+],-320.87911604,56.0,8.528059345981331,8.694560718373088,12.616939199957356,89.62484321659561,89.95780034097531,90.00284161435637,-119.9004908,5,2,16,lineal,odd,-1.447823829285714,23,-5.213064817391304
MAPbI3_n2_[NH3+]CC1CCC(C[NH3+])CC1,MAPbI3,I,2,[NH3+]CC1CCC(C[NH3+])CC1,-479.85761402,94.0,8.689348324307694,8.725022326292997,17.956427562937247,88.73285599354757,90.9142093428781,90.12219762378075,-163.65683647,8,2,20,cyclic,even,-1.6228078838297875,30,-5.455227882333333
MAPbI3_n2_CC(C)(CCC[NH3+])CCC[NH3+],MAPbI3,I,2,CC(C)(CCC[NH3+])CCC[NH3+],-529.3108199599999,104.0,8.584029925772402,8.693840531430316,21.3788171679125,89.73039403359235,90.5898878610477,89.99391539481064,-188.49022561,9,2,24,branch,odd ,-1.4647150840384602,35,-5.385435017428572
MAPbI3_n1_[NH3+]C1=CC=C([NH3+])C=C1,MAPbI3,I,1,[NH3+]C1=CC=C([NH3+])C=C1,-293.07907652000006,46.0,9.213745323676958,7.80797553484774,10.565506627735145,81.70887572827023,93.24411572802265,91.10160390013723,-106.77937656,6,2,10,benzene,even,-1.7287026826086969,18,-5.932187586666667
MAPbI3_n2_CC(C)(C[NH3+])C(C)(C)C[NH3+],MAPbI3,I,2,CC(C)(C[NH3+])C(C)(C)C[NH3+],-494.22438596999996,98.0,8.695990478916784,9.041273015924425,18.089622170874897,90.4917282901738,87.26251370621897,89.56299073115993,-171.16718275,8,2,22,branch,even,-1.5498981680612243,32,-5.3489744609375
MAPbI3_n1_[NH3+]CCC[NH3+],MAPbI3,I,1,[NH3+]CCC[NH3+],-252.03586622999998,44.0,8.45863235403219,8.650111951029896,10.497659554483343,89.53410181253663,89.87840199583287,90.00383975356908,-85.54443369,3,2,12,lineal,odd,-1.8397045193181811,17,-5.032025511176471
MAPbI3_n3_[NH3+]CCCC1CCC(CCC[NH3+])CC1,MAPbI3,I,3,[NH3+]CCCC1CCC(CCC[NH3+])CC1,-687.7726745,142.0,8.572678429031672,8.618825842782186,28.61732306381113,86.53851253241253,90.7452041130987,89.68392541604285,-232.03610252,12,2,28,cyclic,even,-1.5753554187323946,42,-5.524669107619047
MAPbI3_n1_[NH3+]CCCCCCCC[NH3+],MAPbI3,I,1,[NH3+]CCCCCCCC[NH3+],-424.36925911000003,74.0,8.827196689981305,8.387239015115773,13.747208876138918,88.0294044105742,69.94641793375882,90.28256687245059,-171.34456379,8,2,22,lineal,even,-1.1037855612162168,32,-5.3545176184375
MAPbI3_n2_[NH3+]CCCCCCCCC[NH3+],MAPbI3,I,2,[NH3+]CCCCCCCCC[NH3+],-529.7275231399999,104.0,8.826602384517436,8.518632868800125,20.952717443682165,89.85138474272725,71.67296642681792,89.43003617945854,-188.42385467,9,2,24,lineal,odd,-1.4699982096153836,35,-5.383538704857143
MAPbI3_n3_[NH3+]CCCCC[NH3+],MAPbI3,I,3,[NH3+]CCCCC[NH3+],-462.97108275999994,104.0,8.608094269094021,8.759514197452104,24.945919014572578,89.86828993426724,90.30655231431653,90.00374946765781,-119.9004908,5,2,16,lineal,odd,-2.1458663573076917,23,-5.213064817391304
MAPbI3_n1_[NH3+]C1CCC([NH3+])CC1,MAPbI3,I,1,[NH3+]C1CCC([NH3+])CC1,-341.09293399,58.0,9.122465741719157,7.946939741351146,11.065973191859838,90.00351155594291,94.28281052767109,90.00098137805611,-129.72100752,6,2,16,cyclic,even,-1.4077744646551724,24,-5.40504198
MAPbI3_n1_[NH3+]CCCC[NH3+],MAPbI3,I,1,[NH3+]CCCC[NH3+],-286.94159260000004,50.0,8.70134609764398,8.574985980452555,10.676364971648411,89.96058633445861,84.93119530897233,89.9899163990486,-102.71394975,4,2,14,lineal,even,-1.6302738620000008,20,-5.1356974875
